Title,Company,Location,Job_Url,Posted_Text,Posted_Date,Experience,Skills,Job_Type,Salary,Skills_List
Data Scientist-Artificial Intelligence,Ibm,"Kochi, Kerala, India",https://in.linkedin.com/jobs/view/data-scientist-artificial-intelligence-at-ibm-4446241710?position=1&pageNum=0&refId=x8S%2B68uVhJjbnbv4CmsPww%3D%3D&trackingId=SvOZkJNmAmrAO7HXXxVCQg%3D%3D,18 Hours Ago,2026-08-25,Mid-Senior Level,"Python, Sql, Machine Learning, Artificial Intelligence, Nlp, Tensorflow, Pytorch, Keras, Hugging Face, Pandas, Matplotlib, Aws, Azure, Gcp, Kubernetes, Mongodb",Full-Time,43166666.666666664,"['Python', 'Sql', 'Machine Learning', 'Artificial Intelligence', 'Nlp', 'Tensorflow', 'Pytorch', 'Keras', 'Hugging Face', 'Pandas', 'Matplotlib', 'Aws', 'Azure', 'Gcp', 'Kubernetes', 'Mongodb']"
Senior Data Scientist - I,Metlife,"Pune Division, Maharashtra, India",https://in.linkedin.com/jobs/view/senior-data-scientist-i-at-metlife-4455731862?position=2&pageNum=0&refId=x8S%2B68uVhJjbnbv4CmsPww%3D%3D&trackingId=7V8rfqYpC7elSxxCIHlEgA%3D%3D,22 Hours Ago,2026-08-25,Mid-Senior Level,"Python, Machine Learning, Nlp, Tensorflow, Pytorch, Scikit-Learn, Azure",Full-Time,Not Disclosed,"['Python', 'Machine Learning', 'Nlp', 'Tensorflow', 'Pytorch', 'Scikit-Learn', 'Azure']"
Senior Data Scientist,Sourcingxpress,"Gurgaon, Haryana, India",https://in.linkedin.com/jobs/view/senior-data-scientist-at-sourcingxpress-4384572454?position=3&pageNum=0&refId=x8S%2B68uVhJjbnbv4CmsPww%3D%3D&trackingId=cIxUNaEiXEyotPyxdNHg6g%3D%3D,5 Months Ago,2026-03-16,Mid-Senior Level,"Python, Machine Learning, Deep Learning, Aws, Azure, Gcp, Databricks",Full-Time,85333333.33333333,"['Python', 'Machine Learning', 'Deep Learning', 'Aws', 'Azure', 'Gcp', 'Databricks']"
Sr Advanced Data Scientist,Honeywell Technologies,"Pune Division, Maharashtra, India",https://in.linkedin.com/jobs/view/sr-advanced-data-scientist-at-honeywell-technologies-4445700716?position=4&pageNum=0&refId=x8S%2B68uVhJjbnbv4CmsPww%3D%3D&trackingId=bI%2FusVem%2F3RQBsT28IMDeA%3D%3D,1 Week Ago,2026-08-18,Mid-Senior Level,"Python, R, Machine Learning, Azure, Databricks",Full-Time,Not Disclosed,"['Python', 'R', 'Machine Learning', 'Azure', 'Databricks']"
Senior Data Scientist I,Metlife,"Pune Division, Maharashtra, India",https://in.linkedin.com/jobs/view/senior-data-scientist-i-at-metlife-4446306265?position=5&pageNum=0&refId=x8S%2B68uVhJjbnbv4CmsPww%3D%3D&trackingId=ReI3gNjbjqFdh1t8nEIwxA%3D%3D,3 Weeks Ago,2026-08-03,Mid-Senior Level,"Python, Machine Learning, Nlp, Tensorflow, Pytorch, Scikit-Learn, Azure",Full-Time,Not Disclosed,"['Python', 'Machine Learning', 'Nlp', 'Tensorflow', 'Pytorch', 'Scikit-Learn', 'Azure']"
Senior Data Scientist,Amplify Health,"Gurugram, Haryana, India",https://in.linkedin.com/jobs/view/senior-data-scientist-at-amplify-health-4445437035?position=6&pageNum=0&refId=x8S%2B68uVhJjbnbv4CmsPww%3D%3D&trackingId=bwTteJYuB%2BcHgbYBYFekbg%3D%3D,4 Weeks Ago,2026-07-28,Mid-Senior Level,"Python, Sql, Machine Learning, Deep Learning, Nlp, Tensorflow, Pytorch, Hugging Face, Scikit-Learn, Azure, Docker, Kubernetes, Databricks",Full-Time,85333333.33333333,"['Python', 'Sql', 'Machine Learning', 'Deep Learning', 'Nlp', 'Tensorflow', 'Pytorch', 'Hugging Face', 'Scikit-Learn', 'Azure', 'Docker', 'Kubernetes', 'Databricks']"
Senior Data Scientist,Sei,Greater Hyderabad Area,https://in.linkedin.com/jobs/view/senior-data-scientist-at-sei-4407866688?position=7&pageNum=0&refId=x8S%2B68uVhJjbnbv4CmsPww%3D%3D&trackingId=8I8GIC0nK0iHld5WRxOH0w%3D%3D,1 Week Ago,2026-08-14,Mid-Senior Level,"Python, Sql, R, Machine Learning, Artificial Intelligence, Tensorflow, Pytorch, Pandas, Scikit-Learn, Matplotlib, Power Bi, Tableau, Aws, Azure, Gcp, Docker, Kubernetes, Spark",Full-Time,169416666.66666666,"['Python', 'Sql', 'R', 'Machine Learning', 'Artificial Intelligence', 'Tensorflow', 'Pytorch', 'Pandas', 'Scikit-Learn', 'Matplotlib', 'Power Bi', 'Tableau', 'Aws', 'Azure', 'Gcp', 'Docker', 'Kubernetes', 'Spark']"
Lead Data Scientist,Atkinsréalis,"Gurgaon, Haryana, India",https://in.linkedin.com/jobs/view/lead-data-scientist-at-atkinsr%C3%A9alis-4446571831?position=8&pageNum=0&refId=x8S%2B68uVhJjbnbv4CmsPww%3D%3D&trackingId=JuoWULEs5APKllf6GqNwHQ%3D%3D,3 Weeks Ago,2026-08-04,Mid-Senior Level,"Python, Machine Learning, Deep Learning, Tensorflow, Pytorch, Hugging Face, Azure",Full-Time,43166666.666666664,"['Python', 'Machine Learning', 'Deep Learning', 'Tensorflow', 'Pytorch', 'Hugging Face', 'Azure']"
Data Scientist - Machine Learning,United Airlines India Knowledge Center,"Gurugram, Haryana, India",https://in.linkedin.com/jobs/view/data-scientist-machine-learning-at-united-airlines-india-knowledge-center-4457838253?position=9&pageNum=0&refId=x8S%2B68uVhJjbnbv4CmsPww%3D%3D&trackingId=wtbIrTquHyNlQlfbOqNrmw%3D%3D,3 Days Ago,2026-08-22,Mid-Senior Level,"Python, Sql, Machine Learning, Artificial Intelligence, Git",Full-Time,50900000.0,"['Python', 'Sql', 'Machine Learning', 'Artificial Intelligence', 'Git']"
Lead Data Scientist- Gen Ai-Ml- Vice President,Citi,"Chennai, Tamil Nadu, India",https://in.linkedin.com/jobs/view/lead-data-scientist-gen-ai-ml-vice-president-at-citi-4446423940?position=10&pageNum=0&refId=x8S%2B68uVhJjbnbv4CmsPww%3D%3D&trackingId=9gGRDeN0A%2BIlsn%2BLnXBHXw%3D%3D,5 Days Ago,2026-08-20,Experience,"Python, Sql, Machine Learning, Nlp, Tensorflow, Pytorch, Pandas, Numpy, Scikit-Learn, Matplotlib, Power Bi, Tableau, Git",Full-Time,Not Disclosed,"['Python', 'Sql', 'Machine Learning', 'Nlp', 'Tensorflow', 'Pytorch', 'Pandas', 'Numpy', 'Scikit-Learn', 'Matplotlib', 'Power Bi', 'Tableau', 'Git']"
Sr Advanced Data Scientist,Honeywell Technologies,"Delhi, India",https://in.linkedin.com/jobs/view/sr-advanced-data-scientist-at-honeywell-technologies-4445717520?position=11&pageNum=0&refId=x8S%2B68uVhJjbnbv4CmsPww%3D%3D&trackingId=ws9J2nh1ZBz1wYfSlfx6Hw%3D%3D,1 Week Ago,2026-08-18,Mid-Senior Level,"Python, R, Machine Learning, Azure, Databricks",Full-Time,85333333.33333333,"['Python', 'R', 'Machine Learning', 'Azure', 'Databricks']"
Data Scientist,Thales,"Noida, Uttar Pradesh, India",https://in.linkedin.com/jobs/view/data-scientist-at-thales-4417326819?position=12&pageNum=0&refId=x8S%2B68uVhJjbnbv4CmsPww%3D%3D&trackingId=ZOHbsrEJYY0CiiRpvyaRfQ%3D%3D,1 Week Ago,2026-08-15,Experience,"Python, Sql, Machine Learning, Artificial Intelligence, Gcp, Databricks",Full-Time,50900000.0,"['Python', 'Sql', 'Machine Learning', 'Artificial Intelligence', 'Gcp', 'Databricks']"
Ai/Ml Data Science / Gen Ai / Mlops,Cognizant,"Chennai, Tamil Nadu, India",https://in.linkedin.com/jobs/view/ai-ml-data-science-gen-ai-mlops-at-cognizant-4447622047?position=13&pageNum=0&refId=x8S%2B68uVhJjbnbv4CmsPww%3D%3D&trackingId=ssjiurH51V6wMfR1TmMhng%3D%3D,2 Days Ago,2026-08-23,Mid-Senior Level,"Python, Machine Learning, Tensorflow, Pytorch, Azure, Docker, Kubernetes",Full-Time,63750000.0,"['Python', 'Machine Learning', 'Tensorflow', 'Pytorch', 'Azure', 'Docker', 'Kubernetes']"
Machine Learning Engineer,Simplify Healthcare,"Pune Division, Maharashtra, India",https://in.linkedin.com/jobs/view/machine-learning-engineer-at-simplify-healthcare-4455251418?position=14&pageNum=0&refId=x8S%2B68uVhJjbnbv4CmsPww%3D%3D&trackingId=clNQH0Xtq3ZrqgVj%2FkpeSg%3D%3D,1 Week Ago,2026-08-17,Mid-Senior Level,"Python, Sql, Aws, Azure, Gcp, Spark, Databricks",Full-Time,Not Disclosed,"['Python', 'Sql', 'Aws', 'Azure', 'Gcp', 'Spark', 'Databricks']"
Senior Data Scientist,"Invoicecloud, Inc.","Hyderabad, Telangana, India",https://in.linkedin.com/jobs/view/senior-data-scientist-at-invoicecloud-inc-4419691849?position=15&pageNum=0&refId=x8S%2B68uVhJjbnbv4CmsPww%3D%3D&trackingId=TwT4RvrdGKC1qOHarypxFg%3D%3D,2 Weeks Ago,2026-08-05,Mid-Senior Level,"Python, Sql, Machine Learning, Deep Learning, Tensorflow, Pytorch, Pandas, Numpy, Scikit-Learn, Aws, Azure, Gcp, Docker, Kubernetes, Databricks, Git",Full-Time,169416666.66666666,"['Python', 'Sql', 'Machine Learning', 'Deep Learning', 'Tensorflow', 'Pytorch', 'Pandas', 'Numpy', 'Scikit-Learn', 'Aws', 'Azure', 'Gcp', 'Docker', 'Kubernetes', 'Databricks', 'Git']"
Principal Data Scientist,Atlassian,Greater Kolkata Area,https://in.linkedin.com/jobs/view/principal-data-scientist-at-atlassian-4454857134?position=16&pageNum=0&refId=x8S%2B68uVhJjbnbv4CmsPww%3D%3D&trackingId=vRzXJd02SKq1gsIxyiKchQ%3D%3D,1 Week Ago,2026-08-15,Mid-Senior Level,"Python, Sql, R, Machine Learning, Pandas, Numpy, Scikit-Learn, Matplotlib, Tableau",Full-Time,Not Disclosed,"['Python', 'Sql', 'R', 'Machine Learning', 'Pandas', 'Numpy', 'Scikit-Learn', 'Matplotlib', 'Tableau']"
Data Scientist I,Kroll,"Hyderabad, Telangana, India",https://in.linkedin.com/jobs/view/data-scientist-i-at-kroll-4453474215?position=17&pageNum=0&refId=x8S%2B68uVhJjbnbv4CmsPww%3D%3D&trackingId=K14yVJ530VPYJhzuooQiDA%3D%3D,6 Days Ago,2026-08-19,Entry Level,"Python, Machine Learning, Deep Learning, Nlp, Tensorflow, Pytorch, Hugging Face, Pandas, Numpy, Scikit-Learn, Aws, Azure, Gcp, Spark, Databricks",Full-Time,43166666.666666664,"['Python', 'Machine Learning', 'Deep Learning', 'Nlp', 'Tensorflow', 'Pytorch', 'Hugging Face', 'Pandas', 'Numpy', 'Scikit-Learn', 'Aws', 'Azure', 'Gcp', 'Spark', 'Databricks']"
Data Scientist + Databricks Ai/Ml - Sr Architect,Birlasoft,Pune/Pimpri-Chinchwad Area,https://in.linkedin.com/jobs/view/data-scientist-%2B-databricks-ai-ml-sr-architect-at-birlasoft-4453578053?position=18&pageNum=0&refId=x8S%2B68uVhJjbnbv4CmsPww%3D%3D&trackingId=2YkxMPH%2B1PGuAHE8qxM38g%3D%3D,1 Week Ago,2026-08-14,Mid-Senior Level,"Python, Sql, Nlp, Tensorflow, Pytorch, Scikit-Learn, Power Bi, Tableau, Aws, Azure, Gcp, Databricks",Full-Time,Not Disclosed,"['Python', 'Sql', 'Nlp', 'Tensorflow', 'Pytorch', 'Scikit-Learn', 'Power Bi', 'Tableau', 'Aws', 'Azure', 'Gcp', 'Databricks']"
Senior Principal Data Scientist,Atkinsréalis,"Bengaluru East, Karnataka, India",https://in.linkedin.com/jobs/view/senior-principal-data-scientist-at-atkinsr%C3%A9alis-4394640162?position=19&pageNum=0&refId=x8S%2B68uVhJjbnbv4CmsPww%3D%3D&trackingId=HtSI9fgJZOpfec2S7WO72g%3D%3D,4 Months Ago,2026-04-07,Mid-Senior Level,"Python, Machine Learning, Nlp, Tensorflow, Pytorch, Hugging Face, Aws, Azure",Full-Time,211833333.33333334,"['Python', 'Machine Learning', 'Nlp', 'Tensorflow', 'Pytorch', 'Hugging Face', 'Aws', 'Azure']"
Data Science And Aiml Lead - Aitds,Cognizant,"Hyderabad, Telangana, India",https://in.linkedin.com/jobs/view/data-science-and-aiml-lead-aitds-at-cognizant-4414475083?position=20&pageNum=0&refId=x8S%2B68uVhJjbnbv4CmsPww%3D%3D&trackingId=GwdY3QO2NVNrEsfDFCaJKw%3D%3D,2 Weeks Ago,2026-08-08,Mid-Senior Level,"Python, Machine Learning, Tensorflow, Pytorch, Scikit-Learn, Aws, Azure, Gcp",Full-Time,Not Disclosed,"['Python', 'Machine Learning', 'Tensorflow', 'Pytorch', 'Scikit-Learn', 'Aws', 'Azure', 'Gcp']"
Straviso - Senior Data Scientist - Machine Learning,Straviso,Greater Kolkata Area,https://in.linkedin.com/jobs/view/straviso-senior-data-scientist-machine-learning-at-straviso-4438548274?position=21&pageNum=0&refId=x8S%2B68uVhJjbnbv4CmsPww%3D%3D&trackingId=i09VNWB%2BDswcC17DSy%2BJxQ%3D%3D,1 Month Ago,2026-07-09,Mid-Senior Level,"Python, Sql, Machine Learning, Deep Learning, Artificial Intelligence, Nlp, Tensorflow, Pytorch, Hugging Face, Scikit-Learn, Aws, Azure, Gcp, Docker, Kubernetes, Spark, Git",Full-Time,Not Disclosed,"['Python', 'Sql', 'Machine Learning', 'Deep Learning', 'Artificial Intelligence', 'Nlp', 'Tensorflow', 'Pytorch', 'Hugging Face', 'Scikit-Learn', 'Aws', 'Azure', 'Gcp', 'Docker', 'Kubernetes', 'Spark', 'Git']"
Data Scientist I,Kroll,"New Delhi, Delhi, India",https://in.linkedin.com/jobs/view/data-scientist-i-at-kroll-4453471229?position=22&pageNum=0&refId=x8S%2B68uVhJjbnbv4CmsPww%3D%3D&trackingId=R0sT3mfM8C1hzNmoiJGj9w%3D%3D,6 Days Ago,2026-08-19,Entry Level,"Python, Machine Learning, Deep Learning, Nlp, Tensorflow, Pytorch, Hugging Face, Pandas, Numpy, Scikit-Learn, Aws, Azure, Gcp, Spark, Databricks",Full-Time,50900000.0,"['Python', 'Machine Learning', 'Deep Learning', 'Nlp', 'Tensorflow', 'Pytorch', 'Hugging Face', 'Pandas', 'Numpy', 'Scikit-Learn', 'Aws', 'Azure', 'Gcp', 'Spark', 'Databricks']"
Data Scientist,Avahi,"Pune Division, Maharashtra, India",https://in.linkedin.com/jobs/view/data-scientist-at-avahi-4436347282?position=23&pageNum=0&refId=x8S%2B68uVhJjbnbv4CmsPww%3D%3D&trackingId=yQTDUX5Gss0RToegH%2FOr%2Fw%3D%3D,1 Week Ago,2026-08-15,Mid-Senior Level,"Python, Pytorch, Aws",Full-Time,Not Disclosed,"['Python', 'Pytorch', 'Aws']"
Data Scientist – Mortgage Analytics & Ai,Loandna,"Chennai, Tamil Nadu, India",https://in.linkedin.com/jobs/view/data-scientist-%E2%80%93-mortgage-analytics-ai-at-loandna-4453688615?position=24&pageNum=0&refId=x8S%2B68uVhJjbnbv4CmsPww%3D%3D&trackingId=X66CbIqNudZbt5m6dk%2FFtA%3D%3D,1 Week Ago,2026-08-13,Mid-Senior Level,"Python, Sql, Machine Learning, Deep Learning, Tensorflow, Pytorch, Pandas, Numpy, Scikit-Learn, Aws, Azure, Docker, Kubernetes, Databricks, Git",Full-Time,43166666.666666664,"['Python', 'Sql', 'Machine Learning', 'Deep Learning', 'Tensorflow', 'Pytorch', 'Pandas', 'Numpy', 'Scikit-Learn', 'Aws', 'Azure', 'Docker', 'Kubernetes', 'Databricks', 'Git']"
Staff Data Scientist,Stryker,"Gurugram, Haryana, India",https://in.linkedin.com/jobs/view/staff-data-scientist-at-stryker-4436215738?position=25&pageNum=0&refId=x8S%2B68uVhJjbnbv4CmsPww%3D%3D&trackingId=xNPrt02VIjERzM8QsyCSQQ%3D%3D,1 Month Ago,2026-07-07,Associate,"Python, Sql, Machine Learning, Nlp, Power Bi, Azure, Spark, Databricks, Git",Full-Time,512.5,"['Python', 'Sql', 'Machine Learning', 'Nlp', 'Power Bi', 'Azure', 'Spark', 'Databricks', 'Git']"
Predictive Analytics Data Scientist-Ai Labs,Adani Enterprises Limited,"Ahmedabad, Gujarat, India",https://in.linkedin.com/jobs/view/predictive-analytics-data-scientist-ai-labs-at-adani-enterprises-limited-4427055522?position=26&pageNum=0&refId=x8S%2B68uVhJjbnbv4CmsPww%3D%3D&trackingId=12upmbySMRq%2F63b06Rjx9w%3D%3D,1 Week Ago,2026-08-14,Entry Level,"Machine Learning, Deep Learning, Artificial Intelligence, Aws, Azure, Gcp, Docker, Kubernetes",Full-Time,33933333.33333333,"['Machine Learning', 'Deep Learning', 'Artificial Intelligence', 'Aws', 'Azure', 'Gcp', 'Docker', 'Kubernetes']"
Lead Data Scientist,Gartner,"Gurgaon, Haryana, India",https://in.linkedin.com/jobs/view/lead-data-scientist-at-gartner-4446434435?position=27&pageNum=0&refId=x8S%2B68uVhJjbnbv4CmsPww%3D%3D&trackingId=pvp5g7PJyxOJVAHppgwf6A%3D%3D,6 Days Ago,2026-08-20,Experience,"Python, Sql, Machine Learning, Deep Learning, Artificial Intelligence, Nlp, Tensorflow, Pytorch, Pandas, Numpy, Scikit-Learn, Power Bi, Aws, Azure, Gcp, Spark, Databricks",Full-Time,43166666.666666664,"['Python', 'Sql', 'Machine Learning', 'Deep Learning', 'Artificial Intelligence', 'Nlp', 'Tensorflow', 'Pytorch', 'Pandas', 'Numpy', 'Scikit-Learn', 'Power Bi', 'Aws', 'Azure', 'Gcp', 'Spark', 'Databricks']"
"Lead, Data Scientist",Bain & Company,"Gurugram, Haryana, India",https://in.linkedin.com/jobs/view/lead-data-scientist-at-bain-company-4440907806?position=28&pageNum=0&refId=x8S%2B68uVhJjbnbv4CmsPww%3D%3D&trackingId=HyizO%2Fn7L1uMQ5TXDkLqVA%3D%3D,2 Weeks Ago,2026-08-09,Experience,"Python, Sql, Machine Learning, Deep Learning, Artificial Intelligence, Nlp, Aws, Azure, Gcp, Docker, Spark, Mongodb, Postgresql",Full-Time,43166666.666666664,"['Python', 'Sql', 'Machine Learning', 'Deep Learning', 'Artificial Intelligence', 'Nlp', 'Aws', 'Azure', 'Gcp', 'Docker', 'Spark', 'Mongodb', 'Postgresql']"
Senior Data Scientist,"Fourkites, Inc.",Greater Chennai Area,https://in.linkedin.com/jobs/view/senior-data-scientist-at-fourkites-inc-4458585972?position=29&pageNum=0&refId=x8S%2B68uVhJjbnbv4CmsPww%3D%3D&trackingId=cN4RL9JG98cKPP7l3zupTw%3D%3D,1 Day Ago,2026-08-25,Mid-Senior Level,"Python, Sql, Machine Learning, Nlp, Pandas, Scikit-Learn, Aws",Full-Time,Not Disclosed,"['Python', 'Sql', 'Machine Learning', 'Nlp', 'Pandas', 'Scikit-Learn', 'Aws']"
Data Scientist-Artificial Intelligence,Ibm,"Pune Division, Maharashtra, India",https://in.linkedin.com/jobs/view/data-scientist-artificial-intelligence-at-ibm-4446243677?position=30&pageNum=0&refId=x8S%2B68uVhJjbnbv4CmsPww%3D%3D&trackingId=9SlDIjxDJy9h4k8QZ43A5w%3D%3D,19 Hours Ago,2026-08-25,Mid-Senior Level,"Python, Sql, Machine Learning, Artificial Intelligence, Nlp, Tensorflow, Pytorch, Keras, Hugging Face, Pandas, Matplotlib, Aws, Azure, Gcp, Kubernetes, Mongodb",Full-Time,42266666.666666664,"['Python', 'Sql', 'Machine Learning', 'Artificial Intelligence', 'Nlp', 'Tensorflow', 'Pytorch', 'Keras', 'Hugging Face', 'Pandas', 'Matplotlib', 'Aws', 'Azure', 'Gcp', 'Kubernetes', 'Mongodb']"
Lead Data Scientist,Xcaliber Health,"Bengaluru East, Karnataka, India",https://in.linkedin.com/jobs/view/lead-data-scientist-at-xcaliber-health-4434281766?position=31&pageNum=0&refId=x8S%2B68uVhJjbnbv4CmsPww%3D%3D&trackingId=LLnIszBZFu71gJsKGgvWaA%3D%3D,1 Month Ago,2026-06-28,Mid-Senior Level,"Python, Machine Learning, Nlp",Full-Time,Not Disclosed,"['Python', 'Machine Learning', 'Nlp']"
Senior Data Scientist,Sonatype,"Hyderabad, Telangana, India",https://in.linkedin.com/jobs/view/senior-data-scientist-at-sonatype-4448280537?position=33&pageNum=0&refId=x8S%2B68uVhJjbnbv4CmsPww%3D%3D&trackingId=zm4eiJO9WrbSzBMYNHUADg%3D%3D,1 Day Ago,2026-08-25,Associate,"Python, Java, Machine Learning, Deep Learning, Artificial Intelligence, Tensorflow, Pytorch, Scikit-Learn, Aws, Databricks, Git",Full-Time,169416666.66666666,"['Python', 'Java', 'Machine Learning', 'Deep Learning', 'Artificial Intelligence', 'Tensorflow', 'Pytorch', 'Scikit-Learn', 'Aws', 'Databricks', 'Git']"
Senior Data Scientist,Skan Ai,"Bengaluru, Karnataka, India",https://in.linkedin.com/jobs/view/senior-data-scientist-at-skan-ai-4456247269?position=34&pageNum=0&refId=x8S%2B68uVhJjbnbv4CmsPww%3D%3D&trackingId=gAnjTRS5JqKIV%2FIBJu785A%3D%3D,4 Days Ago,2026-08-21,Mid-Senior Level,"Python, Deep Learning, Nlp, Spark, Databricks",Full-Time,Not Disclosed,"['Python', 'Deep Learning', 'Nlp', 'Spark', 'Databricks']"
Senior Data Scientist,Aligned Automation,"Pune Division, Maharashtra, India",https://in.linkedin.com/jobs/view/senior-data-scientist-at-aligned-automation-4454272168?position=35&pageNum=0&refId=x8S%2B68uVhJjbnbv4CmsPww%3D%3D&trackingId=o4%2FAO5Ea3vOIEdhvye%2FE%2Bg%3D%3D,1 Week Ago,2026-08-13,Mid-Senior Level,"Python, Machine Learning, Tensorflow, Pytorch, Pandas, Scikit-Learn",Full-Time,Not Disclosed,"['Python', 'Machine Learning', 'Tensorflow', 'Pytorch', 'Pandas', 'Scikit-Learn']"
Senior Data Scientist,Sourcingxpress,"Hyderabad, Telangana, India",https://in.linkedin.com/jobs/view/senior-data-scientist-at-sourcingxpress-4377843079?position=36&pageNum=0&refId=x8S%2B68uVhJjbnbv4CmsPww%3D%3D&trackingId=rGKkb0on9%2Fv%2FSUbjxN2nlA%3D%3D,5 Months Ago,2026-02-27,Mid-Senior Level,"Python, Sql, Machine Learning, Aws, Azure, Gcp, Docker, Spark",Full-Time,148333333.33333334,"['Python', 'Sql', 'Machine Learning', 'Aws', 'Azure', 'Gcp', 'Docker', 'Spark']"
Senior Data Scientist,Citiustech,"Hyderabad, Telangana, India",https://in.linkedin.com/jobs/view/senior-data-scientist-at-citiustech-4447280305?position=37&pageNum=0&refId=x8S%2B68uVhJjbnbv4CmsPww%3D%3D&trackingId=2DezFY1nYBaulIe5WReBhQ%3D%3D,3 Weeks Ago,2026-07-31,Mid-Senior Level,"Python, Sql, Machine Learning, Nlp, Tensorflow, Pytorch, Scikit-Learn, Power Bi, Tableau, Azure, Databricks",Full-Time,169416666.66666666,"['Python', 'Sql', 'Machine Learning', 'Nlp', 'Tensorflow', 'Pytorch', 'Scikit-Learn', 'Power Bi', 'Tableau', 'Azure', 'Databricks']"
Staff Data Scientist – Healthcare,Anblicks,"Hyderabad, Telangana, India",https://in.linkedin.com/jobs/view/staff-data-scientist-%E2%80%93-healthcare-at-anblicks-4425796423?position=38&pageNum=0&refId=x8S%2B68uVhJjbnbv4CmsPww%3D%3D&trackingId=%2FLW8pn1UtNQQIKnKvjXXBw%3D%3D,2 Months Ago,2026-06-15,Mid-Senior Level,"Python, R, Machine Learning, Deep Learning, Aws, Docker, Kubernetes, Spark, Databricks",Full-Time,Not Disclosed,"['Python', 'R', 'Machine Learning', 'Deep Learning', 'Aws', 'Docker', 'Kubernetes', 'Spark', 'Databricks']"
Machine Learning-Ai And Data Science Engineer Iii,Deloitte,"Chennai, Tamil Nadu, India",https://in.linkedin.com/jobs/view/machine-learning-ai-and-data-science-engineer-iii-at-deloitte-4425095675?position=39&pageNum=0&refId=x8S%2B68uVhJjbnbv4CmsPww%3D%3D&trackingId=O57HAjFRuQQPwWPsZX0Tpg%3D%3D,1 Week Ago,2026-08-15,Experience,"Python, Sql, Machine Learning, Artificial Intelligence, Pandas, Numpy, Scikit-Learn, Tableau, Aws, Azure, Gcp, Docker, Databricks, Git",Full-Time,Not Disclosed,"['Python', 'Sql', 'Machine Learning', 'Artificial Intelligence', 'Pandas', 'Numpy', 'Scikit-Learn', 'Tableau', 'Aws', 'Azure', 'Gcp', 'Docker', 'Databricks', 'Git']"
Senior Data Scientist,Cognite,"Bengaluru, Karnataka, India",https://in.linkedin.com/jobs/view/senior-data-scientist-at-cognite-4446547646?position=40&pageNum=0&refId=x8S%2B68uVhJjbnbv4CmsPww%3D%3D&trackingId=%2BFTMAUoAYlRWN%2BSrwrvwgA%3D%3D,6 Days Ago,2026-08-19,Mid-Senior Level,"Python, Sql, Machine Learning, Aws, Azure, Gcp, Git",Full-Time,Not Disclosed,"['Python', 'Sql', 'Machine Learning', 'Aws', 'Azure', 'Gcp', 'Git']"
Machine Learning-Lead Ai And Data Science Engineer Ii,Deloitte,"Chennai, Tamil Nadu, India",https://in.linkedin.com/jobs/view/machine-learning-lead-ai-and-data-science-engineer-ii-at-deloitte-4440237541?position=41&pageNum=0&refId=x8S%2B68uVhJjbnbv4CmsPww%3D%3D&trackingId=EHhWVwxUpzyU6u4dZkTK4Q%3D%3D,2 Weeks Ago,2026-08-06,Experience,"Python, Sql, Deep Learning, Nlp, Tensorflow, Pytorch, Keras, Aws, Azure, Gcp, Docker, Git",Full-Time,Not Disclosed,"['Python', 'Sql', 'Deep Learning', 'Nlp', 'Tensorflow', 'Pytorch', 'Keras', 'Aws', 'Azure', 'Gcp', 'Docker', 'Git']"
Machine Learning Engineer/Data Engineer,Adient,"Pune City, Maharashtra, India",https://in.linkedin.com/jobs/view/machine-learning-engineer-data-engineer-at-adient-4411506846?position=42&pageNum=0&refId=x8S%2B68uVhJjbnbv4CmsPww%3D%3D&trackingId=%2B3wWEUz4efBmJtrd4o9evw%3D%3D,3 Months Ago,2026-05-14,Mid-Senior Level,"Python, Sql, Machine Learning, Pandas, Numpy, Scikit-Learn, Matplotlib, Azure",Full-Time,63750000.0,"['Python', 'Sql', 'Machine Learning', 'Pandas', 'Numpy', 'Scikit-Learn', 'Matplotlib', 'Azure']"
Data Scientist Iii,Navi,"Bangalore Urban, Karnataka, India",https://in.linkedin.com/jobs/view/data-scientist-iii-at-navi-4448539970?position=43&pageNum=0&refId=x8S%2B68uVhJjbnbv4CmsPww%3D%3D&trackingId=OzuJ4d4acpnVt8pEHQqciQ%3D%3D,3 Weeks Ago,2026-08-04,Mid-Senior Level,"Python, Machine Learning, Deep Learning, Tensorflow, Keras, Scikit-Learn",Full-Time,Not Disclosed,"['Python', 'Machine Learning', 'Deep Learning', 'Tensorflow', 'Keras', 'Scikit-Learn']"
Senior Lead Data Scientist,4Flow,"Bengaluru, Karnataka, India",https://in.linkedin.com/jobs/view/senior-lead-data-scientist-at-4flow-4443937418?position=44&pageNum=0&refId=x8S%2B68uVhJjbnbv4CmsPww%3D%3D&trackingId=H1FNfVzVwsJT5%2FwfL2jP6A%3D%3D,1 Week Ago,2026-08-13,Mid-Senior Level,Machine Learning,Full-Time,Not Disclosed,['Machine Learning']
Lead Data Scientist,Philips,"Bengaluru, Karnataka, India",https://in.linkedin.com/jobs/view/lead-data-scientist-at-philips-4448528032?position=45&pageNum=0&refId=x8S%2B68uVhJjbnbv4CmsPww%3D%3D&trackingId=w2O4kK46Q0IEbEkICxYe7Q%3D%3D,1 Hour Ago,2026-08-26,Mid-Senior Level,"Python, Sql, Machine Learning, Deep Learning, Nlp, Tensorflow, Pytorch, Aws, Azure",Full-Time,Not Disclosed,"['Python', 'Sql', 'Machine Learning', 'Deep Learning', 'Nlp', 'Tensorflow', 'Pytorch', 'Aws', 'Azure']"
Datanimbus - Ml Architect - Data Science,Datanimbus,Greater Kolkata Area,https://in.linkedin.com/jobs/view/datanimbus-ml-architect-data-science-at-datanimbus-4445358620?position=46&pageNum=0&refId=x8S%2B68uVhJjbnbv4CmsPww%3D%3D&trackingId=WhfhBPpjGoFsdzyau435RQ%3D%3D,1 Month Ago,2026-07-26,Mid-Senior Level,"Machine Learning, Tensorflow, Pytorch, Pandas, Scikit-Learn, Aws, Azure, Gcp, Spark, Databricks",Full-Time,22583333.333333332,"['Machine Learning', 'Tensorflow', 'Pytorch', 'Pandas', 'Scikit-Learn', 'Aws', 'Azure', 'Gcp', 'Spark', 'Databricks']"
Analyst - Data Scientist,United Airlines India Knowledge Center,"Gurugram, Haryana, India",https://in.linkedin.com/jobs/view/analyst-data-scientist-at-united-airlines-india-knowledge-center-4450731636?position=47&pageNum=0&refId=x8S%2B68uVhJjbnbv4CmsPww%3D%3D&trackingId=SHpooJJ2TUe8Sv99%2FFVM5Q%3D%3D,2 Weeks Ago,2026-08-07,Entry Level,"Python, Sql, Machine Learning, Artificial Intelligence, Aws, Azure, Gcp, Git",Full-Time,50900000.0,"['Python', 'Sql', 'Machine Learning', 'Artificial Intelligence', 'Aws', 'Azure', 'Gcp', 'Git']"
Digital Manager,Ey,"Kolkata, West Bengal, India",https://in.linkedin.com/jobs/view/digital-manager-at-ey-4456528091?position=48&pageNum=0&refId=x8S%2B68uVhJjbnbv4CmsPww%3D%3D&trackingId=b3vx2m850GG1Y2loQzUeVg%3D%3D,1 Day Ago,2026-08-24,Mid-Senior Level,"Python, Sql, Machine Learning, Deep Learning, Azure, Docker, Kubernetes",Full-Time,Not Disclosed,"['Python', 'Sql', 'Machine Learning', 'Deep Learning', 'Azure', 'Docker', 'Kubernetes']"
Senior Data Scientist (5 To 8 Years),Fractal,"Bengaluru, Karnataka, India",https://in.linkedin.com/jobs/view/senior-data-scientist-5-to-8-years-at-fractal-4389546678?position=49&pageNum=0&refId=x8S%2B68uVhJjbnbv4CmsPww%3D%3D&trackingId=6bflSG3CMNyN8Q4UiZ8Wiw%3D%3D,1 Week Ago,2026-08-14,Mid-Senior Level,"Python, R, Machine Learning, Azure, Gcp, Spark, Databricks",Full-Time,Not Disclosed,"['Python', 'R', 'Machine Learning', 'Azure', 'Gcp', 'Spark', 'Databricks']"
Product Specialist,Bajaj Finserv,"Pune Division, Maharashtra, India",https://in.linkedin.com/jobs/view/product-specialist-at-bajaj-finserv-4420472918?position=50&pageNum=0&refId=x8S%2B68uVhJjbnbv4CmsPww%3D%3D&trackingId=wumd8a7t74R%2B4t%2BvBWv65w%3D%3D,2 Months Ago,2026-05-28,Associate,"Python, Sql, Tensorflow, Pytorch, Pandas, Spark, Mongodb, Git",Full-Time,Not Disclosed,"['Python', 'Sql', 'Tensorflow', 'Pytorch', 'Pandas', 'Spark', 'Mongodb', 'Git']"
Data Scientist 10+Yrs,Iqlexa Technologies,"Pune Division, Maharashtra, India",https://in.linkedin.com/jobs/view/data-scientist-10%2Byrs-at-iqlexa-technologies-4454168982?position=51&pageNum=0&refId=x8S%2B68uVhJjbnbv4CmsPww%3D%3D&trackingId=VAlcYXFwuEvYsIr9XQGMwQ%3D%3D,5 Days Ago,2026-08-21,Entry Level,"Python, Sql, Machine Learning, Deep Learning, Nlp, Tensorflow, Pytorch, Pandas, Numpy, Scikit-Learn, Aws, Azure, Gcp, Spark",Full-Time,Not Disclosed,"['Python', 'Sql', 'Machine Learning', 'Deep Learning', 'Nlp', 'Tensorflow', 'Pytorch', 'Pandas', 'Numpy', 'Scikit-Learn', 'Aws', 'Azure', 'Gcp', 'Spark']"
Data Scientist,Exl,"Pune Division, Maharashtra, India",https://in.linkedin.com/jobs/view/data-scientist-at-exl-4446724288?position=52&pageNum=0&refId=x8S%2B68uVhJjbnbv4CmsPww%3D%3D&trackingId=4iCc16NszcBNxi3Ih2bHog%3D%3D,5 Days Ago,2026-08-20,Mid-Senior Level,"Python, Sql, Machine Learning, Deep Learning, Nlp, Pandas, Numpy, Scikit-Learn, Aws, Azure, Spark, Databricks",Full-Time,42266666.666666664,"['Python', 'Sql', 'Machine Learning', 'Deep Learning', 'Nlp', 'Pandas', 'Numpy', 'Scikit-Learn', 'Aws', 'Azure', 'Spark', 'Databricks']"
Straviso - Data Scientist - Artificial Intelligence/Machine Learning,Straviso,Greater Kolkata Area,https://in.linkedin.com/jobs/view/straviso-data-scientist-artificial-intelligence-machine-learning-at-straviso-4438549287?position=53&pageNum=0&refId=x8S%2B68uVhJjbnbv4CmsPww%3D%3D&trackingId=uz7gq6AYJjKuR1%2BPVQAPsQ%3D%3D,1 Month Ago,2026-07-09,Mid-Senior Level,"Python, Sql, Machine Learning, Deep Learning, Artificial Intelligence, Nlp, Tensorflow, Pytorch, Hugging Face, Scikit-Learn, Aws, Azure, Gcp, Docker, Kubernetes, Git",Full-Time,Not Disclosed,"['Python', 'Sql', 'Machine Learning', 'Deep Learning', 'Artificial Intelligence', 'Nlp', 'Tensorflow', 'Pytorch', 'Hugging Face', 'Scikit-Learn', 'Aws', 'Azure', 'Gcp', 'Docker', 'Kubernetes', 'Git']"
Sr Data Scientist,Here Technologies,Mumbai Metropolitan Region,https://in.linkedin.com/jobs/view/sr-data-scientist-at-here-technologies-4442723388?position=55&pageNum=0&refId=x8S%2B68uVhJjbnbv4CmsPww%3D%3D&trackingId=k0Th0icA9UpeH1A%2Fgdodww%3D%3D,2 Weeks Ago,2026-08-11,Mid-Senior Level,"Python, Sql, R, Machine Learning, Deep Learning, Spark",Full-Time,2532.5,"['Python', 'Sql', 'R', 'Machine Learning', 'Deep Learning', 'Spark']"
"Data Scientist – Ai, Machine Learning & Analytics",Codeclouds,Greater Kolkata Area,https://in.linkedin.com/jobs/view/data-scientist-%E2%80%93-ai-machine-learning-analytics-at-codeclouds-4435630109?position=56&pageNum=0&refId=x8S%2B68uVhJjbnbv4CmsPww%3D%3D&trackingId=9s4uugigbkjKzj048Nw6%2FA%3D%3D,2 Months Ago,2026-06-14,Mid-Senior Level,"Machine Learning, Deep Learning",Full-Time,Not Disclosed,"['Machine Learning', 'Deep Learning']"
Lead Data Scientist,Accenture In India,"Kochi, Kerala, India",https://in.linkedin.com/jobs/view/lead-data-scientist-at-accenture-in-india-4448345079?position=57&pageNum=0&refId=x8S%2B68uVhJjbnbv4CmsPww%3D%3D&trackingId=gWsQdV9AKOz%2FFGFsbM23og%3D%3D,22 Hours Ago,2026-08-25,Mid-Senior Level,"Python, Sql, R, Machine Learning, Tensorflow, Pytorch, Scikit-Learn, Aws, Azure, Gcp, Git",Full-Time,43166666.666666664,"['Python', 'Sql', 'R', 'Machine Learning', 'Tensorflow', 'Pytorch', 'Scikit-Learn', 'Aws', 'Azure', 'Gcp', 'Git']"
Senior Data Scientist,Usefulbi Corporation,"Bengaluru, Karnataka, India",https://in.linkedin.com/jobs/view/senior-data-scientist-at-usefulbi-corporation-4448171986?position=58&pageNum=0&refId=x8S%2B68uVhJjbnbv4CmsPww%3D%3D&trackingId=6lO%2Be9urO%2Blhfz8LigUVRw%3D%3D,3 Weeks Ago,2026-08-03,Mid-Senior Level,"Python, Sql, Nlp, Tensorflow, Pytorch, Hugging Face, Pandas, Numpy, Scikit-Learn, Aws, Azure, Gcp, Docker, Git",Full-Time,Not Disclosed,"['Python', 'Sql', 'Nlp', 'Tensorflow', 'Pytorch', 'Hugging Face', 'Pandas', 'Numpy', 'Scikit-Learn', 'Aws', 'Azure', 'Gcp', 'Docker', 'Git']"
"Data Scientist Ii , Ultra",Affle,"Gurugram, Haryana, India",https://in.linkedin.com/jobs/view/data-scientist-ii-ultra-at-affle-4450139004?position=59&pageNum=0&refId=x8S%2B68uVhJjbnbv4CmsPww%3D%3D&trackingId=r2F7%2FmI%2Bluq1dqJUfRYtig%3D%3D,1 Month Ago,2026-07-18,Mid-Senior Level,"Python, Sql, Machine Learning, Gcp",Full-Time,50900000.0,"['Python', 'Sql', 'Machine Learning', 'Gcp']"
Affle India - Data Scientist Ii,Affle,"Gurugram, Haryana, India",https://in.linkedin.com/jobs/view/affle-india-data-scientist-ii-at-affle-4425952117?position=60&pageNum=0&refId=x8S%2B68uVhJjbnbv4CmsPww%3D%3D&trackingId=r4sK%2BziPzLMtIRpKTes5vg%3D%3D,2 Months Ago,2026-06-09,Mid-Senior Level,"Python, Sql, Machine Learning, Gcp",Full-Time,50900000.0,"['Python', 'Sql', 'Machine Learning', 'Gcp']"
Data Scientist-Artificial Intelligence,Ibm,"Kochi, Kerala, India",https://in.linkedin.com/jobs/view/data-scientist-artificial-intelligence-at-ibm-4446241710?position=1&pageNum=0&refId=OCicnxrOdssGyI47FV7n0w%3D%3D&trackingId=RwOpGgi3GuKIvmsu08e6LQ%3D%3D,18 Hours Ago,2026-08-25,Mid-Senior Level,"Python, Sql, Machine Learning, Artificial Intelligence, Nlp, Tensorflow, Pytorch, Keras, Hugging Face, Pandas, Matplotlib, Aws, Azure, Gcp, Kubernetes, Mongodb",Full-Time,43166666.666666664,"['Python', 'Sql', 'Machine Learning', 'Artificial Intelligence', 'Nlp', 'Tensorflow', 'Pytorch', 'Keras', 'Hugging Face', 'Pandas', 'Matplotlib', 'Aws', 'Azure', 'Gcp', 'Kubernetes', 'Mongodb']"
Senior Data Scientist - I,Metlife,"Pune Division, Maharashtra, India",https://in.linkedin.com/jobs/view/senior-data-scientist-i-at-metlife-4455731862?position=2&pageNum=0&refId=OCicnxrOdssGyI47FV7n0w%3D%3D&trackingId=t4PoWMJ6bKOQANG%2F5Vioug%3D%3D,22 Hours Ago,2026-08-25,Mid-Senior Level,"Python, Machine Learning, Nlp, Tensorflow, Pytorch, Scikit-Learn, Azure",Full-Time,Not Disclosed,"['Python', 'Machine Learning', 'Nlp', 'Tensorflow', 'Pytorch', 'Scikit-Learn', 'Azure']"
Senior Data Scientist,Sourcingxpress,"Gurgaon, Haryana, India",https://in.linkedin.com/jobs/view/senior-data-scientist-at-sourcingxpress-4384572454?position=3&pageNum=0&refId=OCicnxrOdssGyI47FV7n0w%3D%3D&trackingId=7Wqtal77G14v%2Br78qFoPKw%3D%3D,5 Months Ago,2026-03-16,Mid-Senior Level,"Python, Machine Learning, Deep Learning, Aws, Azure, Gcp, Databricks",Full-Time,85333333.33333333,"['Python', 'Machine Learning', 'Deep Learning', 'Aws', 'Azure', 'Gcp', 'Databricks']"
Sr Advanced Data Scientist,Honeywell Technologies,"Pune Division, Maharashtra, India",https://in.linkedin.com/jobs/view/sr-advanced-data-scientist-at-honeywell-technologies-4445700716?position=4&pageNum=0&refId=OCicnxrOdssGyI47FV7n0w%3D%3D&trackingId=Glt6c%2BCbPQ4dq0GRSpsH8g%3D%3D,1 Week Ago,2026-08-18,Mid-Senior Level,"Python, R, Machine Learning, Azure, Databricks",Full-Time,Not Disclosed,"['Python', 'R', 'Machine Learning', 'Azure', 'Databricks']"
Senior Data Scientist I,Metlife,"Pune Division, Maharashtra, India",https://in.linkedin.com/jobs/view/senior-data-scientist-i-at-metlife-4446306265?position=5&pageNum=0&refId=OCicnxrOdssGyI47FV7n0w%3D%3D&trackingId=8MobgCwmdurv6EFOKbtz6A%3D%3D,3 Weeks Ago,2026-08-03,Mid-Senior Level,"Python, Machine Learning, Nlp, Tensorflow, Pytorch, Scikit-Learn, Azure",Full-Time,Not Disclosed,"['Python', 'Machine Learning', 'Nlp', 'Tensorflow', 'Pytorch', 'Scikit-Learn', 'Azure']"
Senior Data Scientist,Amplify Health,"Gurugram, Haryana, India",https://in.linkedin.com/jobs/view/senior-data-scientist-at-amplify-health-4445437035?position=6&pageNum=0&refId=OCicnxrOdssGyI47FV7n0w%3D%3D&trackingId=FSJUi8sAwh5fjPHFQ37pDA%3D%3D,4 Weeks Ago,2026-07-28,Mid-Senior Level,"Python, Sql, Machine Learning, Deep Learning, Nlp, Tensorflow, Pytorch, Hugging Face, Scikit-Learn, Azure, Docker, Kubernetes, Databricks",Full-Time,85333333.33333333,"['Python', 'Sql', 'Machine Learning', 'Deep Learning', 'Nlp', 'Tensorflow', 'Pytorch', 'Hugging Face', 'Scikit-Learn', 'Azure', 'Docker', 'Kubernetes', 'Databricks']"
Senior Data Scientist,Sei,Greater Hyderabad Area,https://in.linkedin.com/jobs/view/senior-data-scientist-at-sei-4407866688?position=7&pageNum=0&refId=OCicnxrOdssGyI47FV7n0w%3D%3D&trackingId=cUfhyg%2BywKJzdSoASU720g%3D%3D,1 Week Ago,2026-08-14,Mid-Senior Level,"Python, Sql, R, Machine Learning, Artificial Intelligence, Tensorflow, Pytorch, Pandas, Scikit-Learn, Matplotlib, Power Bi, Tableau, Aws, Azure, Gcp, Docker, Kubernetes, Spark",Full-Time,169416666.66666666,"['Python', 'Sql', 'R', 'Machine Learning', 'Artificial Intelligence', 'Tensorflow', 'Pytorch', 'Pandas', 'Scikit-Learn', 'Matplotlib', 'Power Bi', 'Tableau', 'Aws', 'Azure', 'Gcp', 'Docker', 'Kubernetes', 'Spark']"
Lead Data Scientist,Atkinsréalis,"Gurgaon, Haryana, India",https://in.linkedin.com/jobs/view/lead-data-scientist-at-atkinsr%C3%A9alis-4446571831?position=8&pageNum=0&refId=OCicnxrOdssGyI47FV7n0w%3D%3D&trackingId=l0wPLPxlBMkamR6qDdq23w%3D%3D,3 Weeks Ago,2026-08-04,Mid-Senior Level,"Python, Machine Learning, Deep Learning, Tensorflow, Pytorch, Hugging Face, Azure",Full-Time,43166666.666666664,"['Python', 'Machine Learning', 'Deep Learning', 'Tensorflow', 'Pytorch', 'Hugging Face', 'Azure']"
Data Scientist - Machine Learning,United Airlines India Knowledge Center,"Gurugram, Haryana, India",https://in.linkedin.com/jobs/view/data-scientist-machine-learning-at-united-airlines-india-knowledge-center-4457838253?position=9&pageNum=0&refId=OCicnxrOdssGyI47FV7n0w%3D%3D&trackingId=p%2F2HPTTlWQf8plYvunsFpQ%3D%3D,3 Days Ago,2026-08-22,Mid-Senior Level,"Python, Sql, Machine Learning, Artificial Intelligence, Git",Full-Time,50900000.0,"['Python', 'Sql', 'Machine Learning', 'Artificial Intelligence', 'Git']"
Lead Data Scientist- Gen Ai-Ml- Vice President,Citi,"Chennai, Tamil Nadu, India",https://in.linkedin.com/jobs/view/lead-data-scientist-gen-ai-ml-vice-president-at-citi-4446423940?position=10&pageNum=0&refId=OCicnxrOdssGyI47FV7n0w%3D%3D&trackingId=f63h3eIPUDeQ2IROKhpVSQ%3D%3D,5 Days Ago,2026-08-20,Experience,"Python, Sql, Machine Learning, Nlp, Tensorflow, Pytorch, Pandas, Numpy, Scikit-Learn, Matplotlib, Power Bi, Tableau, Git",Full-Time,Not Disclosed,"['Python', 'Sql', 'Machine Learning', 'Nlp', 'Tensorflow', 'Pytorch', 'Pandas', 'Numpy', 'Scikit-Learn', 'Matplotlib', 'Power Bi', 'Tableau', 'Git']"
Sr Advanced Data Scientist,Honeywell Technologies,"Delhi, India",https://in.linkedin.com/jobs/view/sr-advanced-data-scientist-at-honeywell-technologies-4445717520?position=11&pageNum=0&refId=OCicnxrOdssGyI47FV7n0w%3D%3D&trackingId=YuEAwHs70gVl%2F9a9wqPvGw%3D%3D,1 Week Ago,2026-08-18,Mid-Senior Level,"Python, R, Machine Learning, Azure, Databricks",Full-Time,85333333.33333333,"['Python', 'R', 'Machine Learning', 'Azure', 'Databricks']"
Data Scientist,Thales,"Noida, Uttar Pradesh, India",https://in.linkedin.com/jobs/view/data-scientist-at-thales-4417326819?position=12&pageNum=0&refId=OCicnxrOdssGyI47FV7n0w%3D%3D&trackingId=YBfh481RL4xhRc%2BTrNuJVw%3D%3D,1 Week Ago,2026-08-15,Experience,"Python, Sql, Machine Learning, Artificial Intelligence, Gcp, Databricks",Full-Time,50900000.0,"['Python', 'Sql', 'Machine Learning', 'Artificial Intelligence', 'Gcp', 'Databricks']"
Ai/Ml Data Science / Gen Ai / Mlops,Cognizant,"Chennai, Tamil Nadu, India",https://in.linkedin.com/jobs/view/ai-ml-data-science-gen-ai-mlops-at-cognizant-4447622047?position=13&pageNum=0&refId=OCicnxrOdssGyI47FV7n0w%3D%3D&trackingId=Pe9NDvWRUqnOjc%2FlglTrEA%3D%3D,2 Days Ago,2026-08-23,Mid-Senior Level,"Python, Machine Learning, Tensorflow, Pytorch, Azure, Docker, Kubernetes",Full-Time,63750000.0,"['Python', 'Machine Learning', 'Tensorflow', 'Pytorch', 'Azure', 'Docker', 'Kubernetes']"
Machine Learning Engineer,Simplify Healthcare,"Pune Division, Maharashtra, India",https://in.linkedin.com/jobs/view/machine-learning-engineer-at-simplify-healthcare-4455251418?position=14&pageNum=0&refId=OCicnxrOdssGyI47FV7n0w%3D%3D&trackingId=AEIlXu7%2FfxtU7lU0M%2FdWsw%3D%3D,1 Week Ago,2026-08-17,Mid-Senior Level,"Python, Sql, Aws, Azure, Gcp, Spark, Databricks",Full-Time,Not Disclosed,"['Python', 'Sql', 'Aws', 'Azure', 'Gcp', 'Spark', 'Databricks']"
Senior Data Scientist,"Invoicecloud, Inc.","Hyderabad, Telangana, India",https://in.linkedin.com/jobs/view/senior-data-scientist-at-invoicecloud-inc-4419691849?position=15&pageNum=0&refId=OCicnxrOdssGyI47FV7n0w%3D%3D&trackingId=xYl1ufRCT7HNWuLZrORoCQ%3D%3D,2 Weeks Ago,2026-08-05,Mid-Senior Level,"Python, Sql, Machine Learning, Deep Learning, Tensorflow, Pytorch, Pandas, Numpy, Scikit-Learn, Aws, Azure, Gcp, Docker, Kubernetes, Databricks, Git",Full-Time,169416666.66666666,"['Python', 'Sql', 'Machine Learning', 'Deep Learning', 'Tensorflow', 'Pytorch', 'Pandas', 'Numpy', 'Scikit-Learn', 'Aws', 'Azure', 'Gcp', 'Docker', 'Kubernetes', 'Databricks', 'Git']"
Principal Data Scientist,Atlassian,Greater Kolkata Area,https://in.linkedin.com/jobs/view/principal-data-scientist-at-atlassian-4454857134?position=16&pageNum=0&refId=OCicnxrOdssGyI47FV7n0w%3D%3D&trackingId=wG2ooaSsTYIUThhbAuFFpA%3D%3D,1 Week Ago,2026-08-15,Mid-Senior Level,"Python, Sql, R, Machine Learning, Pandas, Numpy, Scikit-Learn, Matplotlib, Tableau",Full-Time,Not Disclosed,"['Python', 'Sql', 'R', 'Machine Learning', 'Pandas', 'Numpy', 'Scikit-Learn', 'Matplotlib', 'Tableau']"
Data Scientist I,Kroll,"Hyderabad, Telangana, India",https://in.linkedin.com/jobs/view/data-scientist-i-at-kroll-4453474215?position=17&pageNum=0&refId=OCicnxrOdssGyI47FV7n0w%3D%3D&trackingId=9tkJq2n6VRJB%2Bi56DjHCag%3D%3D,6 Days Ago,2026-08-19,Entry Level,"Python, Machine Learning, Deep Learning, Nlp, Tensorflow, Pytorch, Hugging Face, Pandas, Numpy, Scikit-Learn, Aws, Azure, Gcp, Spark, Databricks",Full-Time,43166666.666666664,"['Python', 'Machine Learning', 'Deep Learning', 'Nlp', 'Tensorflow', 'Pytorch', 'Hugging Face', 'Pandas', 'Numpy', 'Scikit-Learn', 'Aws', 'Azure', 'Gcp', 'Spark', 'Databricks']"
Data Scientist + Databricks Ai/Ml - Sr Architect,Birlasoft,Pune/Pimpri-Chinchwad Area,https://in.linkedin.com/jobs/view/data-scientist-%2B-databricks-ai-ml-sr-architect-at-birlasoft-4453578053?position=18&pageNum=0&refId=OCicnxrOdssGyI47FV7n0w%3D%3D&trackingId=A%2FJHe1HMHqsKR1qnTa0fMg%3D%3D,1 Week Ago,2026-08-14,Mid-Senior Level,"Python, Sql, Nlp, Tensorflow, Pytorch, Scikit-Learn, Power Bi, Tableau, Aws, Azure, Gcp, Databricks",Full-Time,Not Disclosed,"['Python', 'Sql', 'Nlp', 'Tensorflow', 'Pytorch', 'Scikit-Learn', 'Power Bi', 'Tableau', 'Aws', 'Azure', 'Gcp', 'Databricks']"
Senior Principal Data Scientist,Atkinsréalis,"Bengaluru East, Karnataka, India",https://in.linkedin.com/jobs/view/senior-principal-data-scientist-at-atkinsr%C3%A9alis-4394640162?position=19&pageNum=0&refId=OCicnxrOdssGyI47FV7n0w%3D%3D&trackingId=oYg%2BjARm7cHKo3dPuooQWg%3D%3D,4 Months Ago,2026-04-07,Mid-Senior Level,"Python, Machine Learning, Nlp, Tensorflow, Pytorch, Hugging Face, Aws, Azure",Full-Time,211833333.33333334,"['Python', 'Machine Learning', 'Nlp', 'Tensorflow', 'Pytorch', 'Hugging Face', 'Aws', 'Azure']"
Data Science And Aiml Lead - Aitds,Cognizant,"Hyderabad, Telangana, India",https://in.linkedin.com/jobs/view/data-science-and-aiml-lead-aitds-at-cognizant-4414475083?position=20&pageNum=0&refId=OCicnxrOdssGyI47FV7n0w%3D%3D&trackingId=KQqB2y5sMLNuLurA6kC%2FWQ%3D%3D,2 Weeks Ago,2026-08-08,Mid-Senior Level,"Python, Machine Learning, Tensorflow, Pytorch, Scikit-Learn, Aws, Azure, Gcp",Full-Time,Not Disclosed,"['Python', 'Machine Learning', 'Tensorflow', 'Pytorch', 'Scikit-Learn', 'Aws', 'Azure', 'Gcp']"
Straviso - Senior Data Scientist - Machine Learning,Straviso,Greater Kolkata Area,https://in.linkedin.com/jobs/view/straviso-senior-data-scientist-machine-learning-at-straviso-4438548274?position=21&pageNum=0&refId=OCicnxrOdssGyI47FV7n0w%3D%3D&trackingId=kLPWb%2BDdLrYowDV4DK%2B4Vg%3D%3D,1 Month Ago,2026-07-09,Mid-Senior Level,"Python, Sql, Machine Learning, Deep Learning, Artificial Intelligence, Nlp, Tensorflow, Pytorch, Hugging Face, Scikit-Learn, Aws, Azure, Gcp, Docker, Kubernetes, Spark, Git",Full-Time,Not Disclosed,"['Python', 'Sql', 'Machine Learning', 'Deep Learning', 'Artificial Intelligence', 'Nlp', 'Tensorflow', 'Pytorch', 'Hugging Face', 'Scikit-Learn', 'Aws', 'Azure', 'Gcp', 'Docker', 'Kubernetes', 'Spark', 'Git']"
Data Scientist I,Kroll,"New Delhi, Delhi, India",https://in.linkedin.com/jobs/view/data-scientist-i-at-kroll-4453471229?position=22&pageNum=0&refId=OCicnxrOdssGyI47FV7n0w%3D%3D&trackingId=4ieIso2271BT%2FE5y%2BnPC0g%3D%3D,6 Days Ago,2026-08-19,Entry Level,"Python, Machine Learning, Deep Learning, Nlp, Tensorflow, Pytorch, Hugging Face, Pandas, Numpy, Scikit-Learn, Aws, Azure, Gcp, Spark, Databricks",Full-Time,50900000.0,"['Python', 'Machine Learning', 'Deep Learning', 'Nlp', 'Tensorflow', 'Pytorch', 'Hugging Face', 'Pandas', 'Numpy', 'Scikit-Learn', 'Aws', 'Azure', 'Gcp', 'Spark', 'Databricks']"
Data Scientist,Avahi,"Pune Division, Maharashtra, India",https://in.linkedin.com/jobs/view/data-scientist-at-avahi-4436347282?position=23&pageNum=0&refId=OCicnxrOdssGyI47FV7n0w%3D%3D&trackingId=YNhBMrSNZj%2F30wtFOufJrQ%3D%3D,1 Week Ago,2026-08-15,Mid-Senior Level,"Python, Pytorch, Aws",Full-Time,Not Disclosed,"['Python', 'Pytorch', 'Aws']"
Data Scientist – Mortgage Analytics & Ai,Loandna,"Chennai, Tamil Nadu, India",https://in.linkedin.com/jobs/view/data-scientist-%E2%80%93-mortgage-analytics-ai-at-loandna-4453688615?position=24&pageNum=0&refId=OCicnxrOdssGyI47FV7n0w%3D%3D&trackingId=DbW334sjLpjs3la86tLLuw%3D%3D,1 Week Ago,2026-08-13,Mid-Senior Level,"Python, Sql, Machine Learning, Deep Learning, Tensorflow, Pytorch, Pandas, Numpy, Scikit-Learn, Aws, Azure, Docker, Kubernetes, Databricks, Git",Full-Time,43166666.666666664,"['Python', 'Sql', 'Machine Learning', 'Deep Learning', 'Tensorflow', 'Pytorch', 'Pandas', 'Numpy', 'Scikit-Learn', 'Aws', 'Azure', 'Docker', 'Kubernetes', 'Databricks', 'Git']"
Staff Data Scientist,Stryker,"Gurugram, Haryana, India",https://in.linkedin.com/jobs/view/staff-data-scientist-at-stryker-4436215738?position=25&pageNum=0&refId=OCicnxrOdssGyI47FV7n0w%3D%3D&trackingId=hZ8mOLbaILYXFqluGjmnWA%3D%3D,1 Month Ago,2026-07-07,Associate,"Python, Sql, Machine Learning, Nlp, Power Bi, Azure, Spark, Databricks, Git",Full-Time,512.5,"['Python', 'Sql', 'Machine Learning', 'Nlp', 'Power Bi', 'Azure', 'Spark', 'Databricks', 'Git']"
Predictive Analytics Data Scientist-Ai Labs,Adani Enterprises Limited,"Ahmedabad, Gujarat, India",https://in.linkedin.com/jobs/view/predictive-analytics-data-scientist-ai-labs-at-adani-enterprises-limited-4427055522?position=26&pageNum=0&refId=OCicnxrOdssGyI47FV7n0w%3D%3D&trackingId=POIiC%2BX%2FqLm3uu3Owu6psw%3D%3D,1 Week Ago,2026-08-14,Entry Level,"Machine Learning, Deep Learning, Artificial Intelligence, Aws, Azure, Gcp, Docker, Kubernetes",Full-Time,33933333.33333333,"['Machine Learning', 'Deep Learning', 'Artificial Intelligence', 'Aws', 'Azure', 'Gcp', 'Docker', 'Kubernetes']"
Lead Data Scientist,Gartner,"Gurgaon, Haryana, India",https://in.linkedin.com/jobs/view/lead-data-scientist-at-gartner-4446434435?position=27&pageNum=0&refId=OCicnxrOdssGyI47FV7n0w%3D%3D&trackingId=uOOUQ%2F8Gtor%2BkuxXCnramg%3D%3D,6 Days Ago,2026-08-20,Experience,"Python, Sql, Machine Learning, Deep Learning, Artificial Intelligence, Nlp, Tensorflow, Pytorch, Pandas, Numpy, Scikit-Learn, Power Bi, Aws, Azure, Gcp, Spark, Databricks",Full-Time,43166666.666666664,"['Python', 'Sql', 'Machine Learning', 'Deep Learning', 'Artificial Intelligence', 'Nlp', 'Tensorflow', 'Pytorch', 'Pandas', 'Numpy', 'Scikit-Learn', 'Power Bi', 'Aws', 'Azure', 'Gcp', 'Spark', 'Databricks']"
"Lead, Data Scientist",Bain & Company,"Gurugram, Haryana, India",https://in.linkedin.com/jobs/view/lead-data-scientist-at-bain-company-4440907806?position=28&pageNum=0&refId=OCicnxrOdssGyI47FV7n0w%3D%3D&trackingId=VI5IBgwApJ0WM%2FRix0PA%2Fg%3D%3D,2 Weeks Ago,2026-08-09,Experience,"Python, Sql, Machine Learning, Deep Learning, Artificial Intelligence, Nlp, Aws, Azure, Gcp, Docker, Spark, Mongodb, Postgresql",Full-Time,43166666.666666664,"['Python', 'Sql', 'Machine Learning', 'Deep Learning', 'Artificial Intelligence', 'Nlp', 'Aws', 'Azure', 'Gcp', 'Docker', 'Spark', 'Mongodb', 'Postgresql']"
Senior Data Scientist,"Fourkites, Inc.",Greater Chennai Area,https://in.linkedin.com/jobs/view/senior-data-scientist-at-fourkites-inc-4458585972?position=29&pageNum=0&refId=OCicnxrOdssGyI47FV7n0w%3D%3D&trackingId=k%2BgaUSbjvpo7FcSEKsWibw%3D%3D,1 Day Ago,2026-08-25,Mid-Senior Level,"Python, Sql, Machine Learning, Nlp, Pandas, Scikit-Learn, Aws",Full-Time,Not Disclosed,"['Python', 'Sql', 'Machine Learning', 'Nlp', 'Pandas', 'Scikit-Learn', 'Aws']"
Data Scientist-Artificial Intelligence,Ibm,"Pune Division, Maharashtra, India",https://in.linkedin.com/jobs/view/data-scientist-artificial-intelligence-at-ibm-4446243677?position=30&pageNum=0&refId=OCicnxrOdssGyI47FV7n0w%3D%3D&trackingId=UKIb12p2z7jsYhXornWTzA%3D%3D,19 Hours Ago,2026-08-25,Mid-Senior Level,"Python, Sql, Machine Learning, Artificial Intelligence, Nlp, Tensorflow, Pytorch, Keras, Hugging Face, Pandas, Matplotlib, Aws, Azure, Gcp, Kubernetes, Mongodb",Full-Time,42266666.666666664,"['Python', 'Sql', 'Machine Learning', 'Artificial Intelligence', 'Nlp', 'Tensorflow', 'Pytorch', 'Keras', 'Hugging Face', 'Pandas', 'Matplotlib', 'Aws', 'Azure', 'Gcp', 'Kubernetes', 'Mongodb']"
Lead Data Scientist,Xcaliber Health,"Bengaluru East, Karnataka, India",https://in.linkedin.com/jobs/view/lead-data-scientist-at-xcaliber-health-4434281766?position=31&pageNum=0&refId=OCicnxrOdssGyI47FV7n0w%3D%3D&trackingId=iILRJAfQp7ng0mfKixqggg%3D%3D,1 Month Ago,2026-06-28,Mid-Senior Level,"Python, Machine Learning, Nlp",Full-Time,Not Disclosed,"['Python', 'Machine Learning', 'Nlp']"
Principal Data Scientist,Jaggaer,Greater Hyderabad Area,https://in.linkedin.com/jobs/view/principal-data-scientist-at-jaggaer-4451521110?position=32&pageNum=0&refId=OCicnxrOdssGyI47FV7n0w%3D%3D&trackingId=0hYLAGIvhHnsZcakPXcJ6w%3D%3D,2 Weeks Ago,2026-08-10,Mid-Senior Level,"Python, Sql, R, Tensorflow, Pytorch, Pandas, Scikit-Learn, Tableau, Aws, Azure, Gcp, Docker, Kubernetes, Git",Full-Time,Not Disclosed,"['Python', 'Sql', 'R', 'Tensorflow', 'Pytorch', 'Pandas', 'Scikit-Learn', 'Tableau', 'Aws', 'Azure', 'Gcp', 'Docker', 'Kubernetes', 'Git']"
Senior Data Scientist,Sonatype,"Hyderabad, Telangana, India",https://in.linkedin.com/jobs/view/senior-data-scientist-at-sonatype-4448280537?position=33&pageNum=0&refId=OCicnxrOdssGyI47FV7n0w%3D%3D&trackingId=kl%2BlTVnT1wH7FXw%2BYUpWoA%3D%3D,1 Day Ago,2026-08-25,Associate,"Python, Java, Machine Learning, Deep Learning, Artificial Intelligence, Tensorflow, Pytorch, Scikit-Learn, Aws, Databricks, Git",Full-Time,169416666.66666666,"['Python', 'Java', 'Machine Learning', 'Deep Learning', 'Artificial Intelligence', 'Tensorflow', 'Pytorch', 'Scikit-Learn', 'Aws', 'Databricks', 'Git']"
Senior Data Scientist,Skan Ai,"Bengaluru, Karnataka, India",https://in.linkedin.com/jobs/view/senior-data-scientist-at-skan-ai-4456247269?position=34&pageNum=0&refId=OCicnxrOdssGyI47FV7n0w%3D%3D&trackingId=ZTj8aT3ek67ZJ4YNNIyOvA%3D%3D,4 Days Ago,2026-08-21,Mid-Senior Level,"Python, Deep Learning, Nlp, Spark, Databricks",Full-Time,Not Disclosed,"['Python', 'Deep Learning', 'Nlp', 'Spark', 'Databricks']"
Senior Data Scientist,Aligned Automation,"Pune Division, Maharashtra, India",https://in.linkedin.com/jobs/view/senior-data-scientist-at-aligned-automation-4454272168?position=35&pageNum=0&refId=OCicnxrOdssGyI47FV7n0w%3D%3D&trackingId=jl9%2BBxer10z7Gsai7OLBCg%3D%3D,1 Week Ago,2026-08-13,Mid-Senior Level,"Python, Machine Learning, Tensorflow, Pytorch, Pandas, Scikit-Learn",Full-Time,Not Disclosed,"['Python', 'Machine Learning', 'Tensorflow', 'Pytorch', 'Pandas', 'Scikit-Learn']"
Senior Data Scientist,Sourcingxpress,"Hyderabad, Telangana, India",https://in.linkedin.com/jobs/view/senior-data-scientist-at-sourcingxpress-4377843079?position=36&pageNum=0&refId=OCicnxrOdssGyI47FV7n0w%3D%3D&trackingId=Q8cP0PDXnLsTsN5BZh2JbA%3D%3D,5 Months Ago,2026-02-27,Mid-Senior Level,"Python, Sql, Machine Learning, Aws, Azure, Gcp, Docker, Spark",Full-Time,148333333.33333334,"['Python', 'Sql', 'Machine Learning', 'Aws', 'Azure', 'Gcp', 'Docker', 'Spark']"
Senior Data Scientist,Citiustech,"Hyderabad, Telangana, India",https://in.linkedin.com/jobs/view/senior-data-scientist-at-citiustech-4447280305?position=37&pageNum=0&refId=OCicnxrOdssGyI47FV7n0w%3D%3D&trackingId=JTwxD7wQYhkRPFdUmhSnHQ%3D%3D,3 Weeks Ago,2026-07-31,Mid-Senior Level,"Python, Sql, Machine Learning, Nlp, Tensorflow, Pytorch, Scikit-Learn, Power Bi, Tableau, Azure, Databricks",Full-Time,169416666.66666666,"['Python', 'Sql', 'Machine Learning', 'Nlp', 'Tensorflow', 'Pytorch', 'Scikit-Learn', 'Power Bi', 'Tableau', 'Azure', 'Databricks']"
Staff Data Scientist – Healthcare,Anblicks,"Hyderabad, Telangana, India",https://in.linkedin.com/jobs/view/staff-data-scientist-%E2%80%93-healthcare-at-anblicks-4425796423?position=38&pageNum=0&refId=OCicnxrOdssGyI47FV7n0w%3D%3D&trackingId=zRMNEXRgVVYhUWLpuB82fg%3D%3D,2 Months Ago,2026-06-15,Mid-Senior Level,"Python, R, Machine Learning, Deep Learning, Aws, Docker, Kubernetes, Spark, Databricks",Full-Time,Not Disclosed,"['Python', 'R', 'Machine Learning', 'Deep Learning', 'Aws', 'Docker', 'Kubernetes', 'Spark', 'Databricks']"
Machine Learning-Ai And Data Science Engineer Iii,Deloitte,"Chennai, Tamil Nadu, India",https://in.linkedin.com/jobs/view/machine-learning-ai-and-data-science-engineer-iii-at-deloitte-4425095675?position=39&pageNum=0&refId=OCicnxrOdssGyI47FV7n0w%3D%3D&trackingId=kVuQIT1eSRDQp%2BnSnlJxRw%3D%3D,1 Week Ago,2026-08-15,Experience,"Python, Sql, Machine Learning, Artificial Intelligence, Pandas, Numpy, Scikit-Learn, Tableau, Aws, Azure, Gcp, Docker, Databricks, Git",Full-Time,Not Disclosed,"['Python', 'Sql', 'Machine Learning', 'Artificial Intelligence', 'Pandas', 'Numpy', 'Scikit-Learn', 'Tableau', 'Aws', 'Azure', 'Gcp', 'Docker', 'Databricks', 'Git']"
Senior Data Scientist,Cognite,"Bengaluru, Karnataka, India",https://in.linkedin.com/jobs/view/senior-data-scientist-at-cognite-4446547646?position=40&pageNum=0&refId=OCicnxrOdssGyI47FV7n0w%3D%3D&trackingId=CY%2FsAD9%2B9nprneqxk33Hdg%3D%3D,6 Days Ago,2026-08-19,Mid-Senior Level,"Python, Sql, Machine Learning, Aws, Azure, Gcp, Git",Full-Time,Not Disclosed,"['Python', 'Sql', 'Machine Learning', 'Aws', 'Azure', 'Gcp', 'Git']"
Machine Learning-Lead Ai And Data Science Engineer Ii,Deloitte,"Chennai, Tamil Nadu, India",https://in.linkedin.com/jobs/view/machine-learning-lead-ai-and-data-science-engineer-ii-at-deloitte-4440237541?position=41&pageNum=0&refId=OCicnxrOdssGyI47FV7n0w%3D%3D&trackingId=9nBbA9gZfzOuRZDKrhMRxw%3D%3D,2 Weeks Ago,2026-08-06,Experience,"Python, Sql, Deep Learning, Nlp, Tensorflow, Pytorch, Keras, Aws, Azure, Gcp, Docker, Git",Full-Time,Not Disclosed,"['Python', 'Sql', 'Deep Learning', 'Nlp', 'Tensorflow', 'Pytorch', 'Keras', 'Aws', 'Azure', 'Gcp', 'Docker', 'Git']"
Machine Learning Engineer/Data Engineer,Adient,"Pune City, Maharashtra, India",https://in.linkedin.com/jobs/view/machine-learning-engineer-data-engineer-at-adient-4411506846?position=42&pageNum=0&refId=OCicnxrOdssGyI47FV7n0w%3D%3D&trackingId=y2YBLZDJEvZuEr%2FdrZ%2BBYg%3D%3D,3 Months Ago,2026-05-14,Mid-Senior Level,"Python, Sql, Machine Learning, Pandas, Numpy, Scikit-Learn, Matplotlib, Azure",Full-Time,63750000.0,"['Python', 'Sql', 'Machine Learning', 'Pandas', 'Numpy', 'Scikit-Learn', 'Matplotlib', 'Azure']"
Data Scientist Iii,Navi,"Bangalore Urban, Karnataka, India",https://in.linkedin.com/jobs/view/data-scientist-iii-at-navi-4448539970?position=43&pageNum=0&refId=OCicnxrOdssGyI47FV7n0w%3D%3D&trackingId=3X%2FRViws2AlUdgrHuryzQg%3D%3D,3 Weeks Ago,2026-08-04,Mid-Senior Level,"Python, Machine Learning, Deep Learning, Tensorflow, Keras, Scikit-Learn",Full-Time,Not Disclosed,"['Python', 'Machine Learning', 'Deep Learning', 'Tensorflow', 'Keras', 'Scikit-Learn']"
Senior Lead Data Scientist,4Flow,"Bengaluru, Karnataka, India",https://in.linkedin.com/jobs/view/senior-lead-data-scientist-at-4flow-4443937418?position=44&pageNum=0&refId=OCicnxrOdssGyI47FV7n0w%3D%3D&trackingId=3MrFo%2BiDZ5hKsbg4G%2BpL%2BA%3D%3D,1 Week Ago,2026-08-13,Mid-Senior Level,Machine Learning,Full-Time,Not Disclosed,['Machine Learning']
Lead Data Scientist,Philips,"Bengaluru, Karnataka, India",https://in.linkedin.com/jobs/view/lead-data-scientist-at-philips-4448528032?position=45&pageNum=0&refId=OCicnxrOdssGyI47FV7n0w%3D%3D&trackingId=gPjq4tBbqGCq2xPLU3GjrA%3D%3D,1 Hour Ago,2026-08-26,Mid-Senior Level,"Python, Sql, Machine Learning, Deep Learning, Nlp, Tensorflow, Pytorch, Aws, Azure",Full-Time,Not Disclosed,"['Python', 'Sql', 'Machine Learning', 'Deep Learning', 'Nlp', 'Tensorflow', 'Pytorch', 'Aws', 'Azure']"
Datanimbus - Ml Architect - Data Science,Datanimbus,Greater Kolkata Area,https://in.linkedin.com/jobs/view/datanimbus-ml-architect-data-science-at-datanimbus-4445358620?position=46&pageNum=0&refId=OCicnxrOdssGyI47FV7n0w%3D%3D&trackingId=%2BecdVp550M9tOyZZRYYymg%3D%3D,1 Month Ago,2026-07-26,Mid-Senior Level,"Machine Learning, Tensorflow, Pytorch, Pandas, Scikit-Learn, Aws, Azure, Gcp, Spark, Databricks",Full-Time,22583333.333333332,"['Machine Learning', 'Tensorflow', 'Pytorch', 'Pandas', 'Scikit-Learn', 'Aws', 'Azure', 'Gcp', 'Spark', 'Databricks']"
Analyst - Data Scientist,United Airlines India Knowledge Center,"Gurugram, Haryana, India",https://in.linkedin.com/jobs/view/analyst-data-scientist-at-united-airlines-india-knowledge-center-4450731636?position=47&pageNum=0&refId=OCicnxrOdssGyI47FV7n0w%3D%3D&trackingId=vqSNxzR2pSIgdw9%2BFPhK2A%3D%3D,2 Weeks Ago,2026-08-07,Entry Level,"Python, Sql, Machine Learning, Artificial Intelligence, Aws, Azure, Gcp, Git",Full-Time,50900000.0,"['Python', 'Sql', 'Machine Learning', 'Artificial Intelligence', 'Aws', 'Azure', 'Gcp', 'Git']"
Digital Manager,Ey,"Kolkata, West Bengal, India",https://in.linkedin.com/jobs/view/digital-manager-at-ey-4456528091?position=48&pageNum=0&refId=OCicnxrOdssGyI47FV7n0w%3D%3D&trackingId=V0G0cr9JpK3WgRtVLifwQg%3D%3D,1 Day Ago,2026-08-24,Mid-Senior Level,"Python, Sql, Machine Learning, Deep Learning, Azure, Docker, Kubernetes",Full-Time,Not Disclosed,"['Python', 'Sql', 'Machine Learning', 'Deep Learning', 'Azure', 'Docker', 'Kubernetes']"
Senior Data Scientist (5 To 8 Years),Fractal,"Bengaluru, Karnataka, India",https://in.linkedin.com/jobs/view/senior-data-scientist-5-to-8-years-at-fractal-4389546678?position=49&pageNum=0&refId=OCicnxrOdssGyI47FV7n0w%3D%3D&trackingId=gbgPw3sP8Y7CW0%2BqcWFcSA%3D%3D,1 Week Ago,2026-08-14,Mid-Senior Level,"Python, R, Machine Learning, Azure, Gcp, Spark, Databricks",Full-Time,Not Disclosed,"['Python', 'R', 'Machine Learning', 'Azure', 'Gcp', 'Spark', 'Databricks']"
Product Specialist,Bajaj Finserv,"Pune Division, Maharashtra, India",https://in.linkedin.com/jobs/view/product-specialist-at-bajaj-finserv-4420472918?position=50&pageNum=0&refId=OCicnxrOdssGyI47FV7n0w%3D%3D&trackingId=WnGZV1oJ2xl%2B%2FRA35VsalA%3D%3D,2 Months Ago,2026-05-28,Associate,"Python, Sql, Tensorflow, Pytorch, Pandas, Spark, Mongodb, Git",Full-Time,Not Disclosed,"['Python', 'Sql', 'Tensorflow', 'Pytorch', 'Pandas', 'Spark', 'Mongodb', 'Git']"
Data Scientist 10+Yrs,Iqlexa Technologies,"Pune Division, Maharashtra, India",https://in.linkedin.com/jobs/view/data-scientist-10%2Byrs-at-iqlexa-technologies-4454168982?position=51&pageNum=0&refId=OCicnxrOdssGyI47FV7n0w%3D%3D&trackingId=7e3WLBh5Cxl1Q300IO6Z1A%3D%3D,5 Days Ago,2026-08-21,Entry Level,"Python, Sql, Machine Learning, Deep Learning, Nlp, Tensorflow, Pytorch, Pandas, Numpy, Scikit-Learn, Aws, Azure, Gcp, Spark",Full-Time,Not Disclosed,"['Python', 'Sql', 'Machine Learning', 'Deep Learning', 'Nlp', 'Tensorflow', 'Pytorch', 'Pandas', 'Numpy', 'Scikit-Learn', 'Aws', 'Azure', 'Gcp', 'Spark']"
Data Scientist,Exl,"Pune Division, Maharashtra, India",https://in.linkedin.com/jobs/view/data-scientist-at-exl-4446724288?position=52&pageNum=0&refId=OCicnxrOdssGyI47FV7n0w%3D%3D&trackingId=%2Fqm1QSidluRUKnCXRn43AA%3D%3D,5 Days Ago,2026-08-20,Mid-Senior Level,"Python, Sql, Machine Learning, Deep Learning, Nlp, Pandas, Numpy, Scikit-Learn, Aws, Azure, Spark, Databricks",Full-Time,42266666.666666664,"['Python', 'Sql', 'Machine Learning', 'Deep Learning', 'Nlp', 'Pandas', 'Numpy', 'Scikit-Learn', 'Aws', 'Azure', 'Spark', 'Databricks']"
Straviso - Data Scientist - Artificial Intelligence/Machine Learning,Straviso,Greater Kolkata Area,https://in.linkedin.com/jobs/view/straviso-data-scientist-artificial-intelligence-machine-learning-at-straviso-4438549287?position=53&pageNum=0&refId=OCicnxrOdssGyI47FV7n0w%3D%3D&trackingId=KA%2Bt%2FaJajYEhSFh0VpBYpw%3D%3D,1 Month Ago,2026-07-09,Mid-Senior Level,"Python, Sql, Machine Learning, Deep Learning, Artificial Intelligence, Nlp, Tensorflow, Pytorch, Hugging Face, Scikit-Learn, Aws, Azure, Gcp, Docker, Kubernetes, Git",Full-Time,Not Disclosed,"['Python', 'Sql', 'Machine Learning', 'Deep Learning', 'Artificial Intelligence', 'Nlp', 'Tensorflow', 'Pytorch', 'Hugging Face', 'Scikit-Learn', 'Aws', 'Azure', 'Gcp', 'Docker', 'Kubernetes', 'Git']"
Principal Data Scientist - Digital Health,Alcon,"Bengaluru, Karnataka, India",https://in.linkedin.com/jobs/view/principal-data-scientist-digital-health-at-alcon-4450090718?position=54&pageNum=0&refId=OCicnxrOdssGyI47FV7n0w%3D%3D&trackingId=TIK8z7%2F3MIuQ0a0N6lHqHQ%3D%3D,2 Weeks Ago,2026-08-07,Mid-Senior Level,"Python, Sql, Deep Learning, Aws, Azure, Gcp",Full-Time,Not Disclosed,"['Python', 'Sql', 'Deep Learning', 'Aws', 'Azure', 'Gcp']"
Sr Data Scientist,Here Technologies,Mumbai Metropolitan Region,https://in.linkedin.com/jobs/view/sr-data-scientist-at-here-technologies-4442723388?position=55&pageNum=0&refId=OCicnxrOdssGyI47FV7n0w%3D%3D&trackingId=clpWXwV2209LDDUMiyIruA%3D%3D,2 Weeks Ago,2026-08-11,Mid-Senior Level,"Python, Sql, R, Machine Learning, Deep Learning, Spark",Full-Time,2532.5,"['Python', 'Sql', 'R', 'Machine Learning', 'Deep Learning', 'Spark']"
"Data Scientist – Ai, Machine Learning & Analytics",Codeclouds,Greater Kolkata Area,https://in.linkedin.com/jobs/view/data-scientist-%E2%80%93-ai-machine-learning-analytics-at-codeclouds-4435630109?position=56&pageNum=0&refId=OCicnxrOdssGyI47FV7n0w%3D%3D&trackingId=coo%2BcvQVCamfE%2FXyHXaAgA%3D%3D,2 Months Ago,2026-06-14,Mid-Senior Level,"Machine Learning, Deep Learning",Full-Time,Not Disclosed,"['Machine Learning', 'Deep Learning']"
Lead Data Scientist,Accenture In India,"Kochi, Kerala, India",https://in.linkedin.com/jobs/view/lead-data-scientist-at-accenture-in-india-4448345079?position=57&pageNum=0&refId=OCicnxrOdssGyI47FV7n0w%3D%3D&trackingId=Gg6rhxU2QkoecyJHIEmiEQ%3D%3D,22 Hours Ago,2026-08-25,Mid-Senior Level,"Python, Sql, R, Machine Learning, Tensorflow, Pytorch, Scikit-Learn, Aws, Azure, Gcp, Git",Full-Time,43166666.666666664,"['Python', 'Sql', 'R', 'Machine Learning', 'Tensorflow', 'Pytorch', 'Scikit-Learn', 'Aws', 'Azure', 'Gcp', 'Git']"
Senior Data Scientist,Usefulbi Corporation,"Bengaluru, Karnataka, India",https://in.linkedin.com/jobs/view/senior-data-scientist-at-usefulbi-corporation-4448171986?position=58&pageNum=0&refId=OCicnxrOdssGyI47FV7n0w%3D%3D&trackingId=0niMvut5W%2BpLspVEclfXNQ%3D%3D,3 Weeks Ago,2026-08-03,Mid-Senior Level,"Python, Sql, Nlp, Tensorflow, Pytorch, Hugging Face, Pandas, Numpy, Scikit-Learn, Aws, Azure, Gcp, Docker, Git",Full-Time,Not Disclosed,"['Python', 'Sql', 'Nlp', 'Tensorflow', 'Pytorch', 'Hugging Face', 'Pandas', 'Numpy', 'Scikit-Learn', 'Aws', 'Azure', 'Gcp', 'Docker', 'Git']"
"Data Scientist Ii , Ultra",Affle,"Gurugram, Haryana, India",https://in.linkedin.com/jobs/view/data-scientist-ii-ultra-at-affle-4450139004?position=59&pageNum=0&refId=OCicnxrOdssGyI47FV7n0w%3D%3D&trackingId=QH3vnIKy9ZtZH6AUTFAbRw%3D%3D,1 Month Ago,2026-07-18,Mid-Senior Level,"Python, Sql, Machine Learning, Gcp",Full-Time,50900000.0,"['Python', 'Sql', 'Machine Learning', 'Gcp']"
Affle India - Data Scientist Ii,Affle,"Gurugram, Haryana, India",https://in.linkedin.com/jobs/view/affle-india-data-scientist-ii-at-affle-4425952117?position=60&pageNum=0&refId=OCicnxrOdssGyI47FV7n0w%3D%3D&trackingId=mkTqnGWwZ1e5MG7YtTUHaA%3D%3D,2 Months Ago,2026-06-09,Mid-Senior Level,"Python, Sql, Machine Learning, Gcp",Full-Time,50900000.0,"['Python', 'Sql', 'Machine Learning', 'Gcp']"
Ai Data Engineer [T500-28265],Comply,"Kochi, Kerala, India",https://in.linkedin.com/jobs/view/ai-data-engineer-t500-28265-at-comply-4450235303?position=2&pageNum=0&refId=ffrsjRLuKMIPdDJaQ0lclw%3D%3D&trackingId=sDwiBt4th8bH6mt9f%2FZTvQ%3D%3D,2 Weeks Ago,2026-08-06,Mid-Senior Level,"Python, Aws, Azure, Gcp",Full-Time,Not Disclosed,"['Python', 'Aws', 'Azure', 'Gcp']"
Ai / Ml Engineer,Accenture In India,"Coimbatore, Tamil Nadu, India",https://in.linkedin.com/jobs/view/ai-ml-engineer-at-accenture-in-india-4448497520?position=3&pageNum=0&refId=ffrsjRLuKMIPdDJaQ0lclw%3D%3D&trackingId=XudK%2BdZfmbyD7UhTOIzZAQ%3D%3D,2 Weeks Ago,2026-08-07,Mid-Senior Level,"Python, R, Machine Learning, Deep Learning, Artificial Intelligence",Full-Time,21733333.333333332,"['Python', 'R', 'Machine Learning', 'Deep Learning', 'Artificial Intelligence']"
Data Platform Engineer,Accenture In India,"Bhubaneswar, Odisha, India",https://in.linkedin.com/jobs/view/data-platform-engineer-at-accenture-in-india-4448338922?position=4&pageNum=0&refId=ffrsjRLuKMIPdDJaQ0lclw%3D%3D&trackingId=bCZhSKtQP7aTg72AlsCjDQ%3D%3D,21 Hours Ago,2026-08-25,Mid-Senior Level,Databricks,Full-Time,Not Disclosed,['Databricks']
Ai Engineer,Shamrock Ai,"Shillong, Meghalaya, India",https://in.linkedin.com/jobs/view/ai-engineer-at-shamrock-ai-4430825102?position=5&pageNum=0&refId=ffrsjRLuKMIPdDJaQ0lclw%3D%3D&trackingId=xI12t5YyUmBAW2g06lkukA%3D%3D,2 Months Ago,2026-06-22,Mid-Senior Level,"Python, R, Kubernetes, Databricks",Full-Time,Not Disclosed,"['Python', 'R', 'Kubernetes', 'Databricks']"
Data Scientist-Artificial Intelligence,Ibm,"Kochi, Kerala, India",https://in.linkedin.com/jobs/view/data-scientist-artificial-intelligence-at-ibm-4446241710?position=6&pageNum=0&refId=ffrsjRLuKMIPdDJaQ0lclw%3D%3D&trackingId=EfiwmjHjYK0EIClR%2FRHxwg%3D%3D,18 Hours Ago,2026-08-25,Mid-Senior Level,"Python, Sql, Machine Learning, Artificial Intelligence, Nlp, Tensorflow, Pytorch, Keras, Hugging Face, Pandas, Matplotlib, Aws, Azure, Gcp, Kubernetes, Mongodb",Full-Time,43166666.666666664,"['Python', 'Sql', 'Machine Learning', 'Artificial Intelligence', 'Nlp', 'Tensorflow', 'Pytorch', 'Keras', 'Hugging Face', 'Pandas', 'Matplotlib', 'Aws', 'Azure', 'Gcp', 'Kubernetes', 'Mongodb']"
Ai Engineer — Digital Transformation,Qube Cinema,"Chennai, Tamil Nadu, India",https://in.linkedin.com/jobs/view/ai-engineer-%E2%80%94-digital-transformation-at-qube-cinema-4432005120?position=7&pageNum=0&refId=ffrsjRLuKMIPdDJaQ0lclw%3D%3D&trackingId=FpdSWFqMKBpQ3ViM0C0hxA%3D%3D,2 Months Ago,2026-06-22,Mid-Senior Level,"Python, Sql, R, Machine Learning, Deep Learning, Nlp, Tensorflow, Pytorch, Pandas, Numpy, Scikit-Learn, Docker, Postgresql, Git",Full-Time,106416666.66666667,"['Python', 'Sql', 'R', 'Machine Learning', 'Deep Learning', 'Nlp', 'Tensorflow', 'Pytorch', 'Pandas', 'Numpy', 'Scikit-Learn', 'Docker', 'Postgresql', 'Git']"
Ai/Ml Data Science / Gen Ai / Mlops,Cognizant,"Chennai, Tamil Nadu, India",https://in.linkedin.com/jobs/view/ai-ml-data-science-gen-ai-mlops-at-cognizant-4447622047?position=8&pageNum=0&refId=ffrsjRLuKMIPdDJaQ0lclw%3D%3D&trackingId=j5uWxzbvIRAmKRXqYJNLKA%3D%3D,2 Days Ago,2026-08-23,Mid-Senior Level,"Python, Machine Learning, Tensorflow, Pytorch, Azure, Docker, Kubernetes",Full-Time,63750000.0,"['Python', 'Machine Learning', 'Tensorflow', 'Pytorch', 'Azure', 'Docker', 'Kubernetes']"
India: Ai Analyst,H&P,"Taleigao, Goa, India",https://in.linkedin.com/jobs/view/india-ai-analyst-at-h-p-4435427574?position=9&pageNum=0&refId=ffrsjRLuKMIPdDJaQ0lclw%3D%3D&trackingId=PxojSBrr669ffwJLkx%2Bppg%3D%3D,1 Week Ago,2026-08-14,Mid-Senior Level,"Python, Machine Learning, Deep Learning, Nlp, Tensorflow, Pytorch, Scikit-Learn, Azure, Databricks",Full-Time,2113333.333333333,"['Python', 'Machine Learning', 'Deep Learning', 'Nlp', 'Tensorflow', 'Pytorch', 'Scikit-Learn', 'Azure', 'Databricks']"
De-Python-Ai-Gds,Ey,"Kochi, Kerala, India",https://in.linkedin.com/jobs/view/de-python-ai-gds-at-ey-4409620299?position=10&pageNum=0&refId=ffrsjRLuKMIPdDJaQ0lclw%3D%3D&trackingId=e58fjGdHxloV8dPZzgqDbg%3D%3D,5 Days Ago,2026-08-20,Mid-Senior Level,"Python, Sql, Aws, Docker, Kubernetes, Postgresql",Full-Time,43166666.666666664,"['Python', 'Sql', 'Aws', 'Docker', 'Kubernetes', 'Postgresql']"
Predictive Analytics Data Scientist-Ai Labs,Adani Enterprises Limited,"Ahmedabad, Gujarat, India",https://in.linkedin.com/jobs/view/predictive-analytics-data-scientist-ai-labs-at-adani-enterprises-limited-4394339706?position=11&pageNum=0&refId=ffrsjRLuKMIPdDJaQ0lclw%3D%3D&trackingId=yWk0NU03oMIXIzJ7LYB7Zw%3D%3D,1 Week Ago,2026-08-15,Entry Level,"Machine Learning, Deep Learning, Artificial Intelligence, Aws, Azure, Gcp, Docker, Kubernetes",Full-Time,33933333.33333333,"['Machine Learning', 'Deep Learning', 'Artificial Intelligence', 'Aws', 'Azure', 'Gcp', 'Docker', 'Kubernetes']"
Data Scientist,Ericsson,Greater Kolkata Area,https://in.linkedin.com/jobs/view/data-scientist-at-ericsson-4455624551?position=12&pageNum=0&refId=ffrsjRLuKMIPdDJaQ0lclw%3D%3D&trackingId=w51VBRptuTs9ZoWeZOpSGA%3D%3D,6 Days Ago,2026-08-20,Experience,"Python, Machine Learning, Deep Learning, Nlp, Aws, Kubernetes, Databricks",Full-Time,Not Disclosed,"['Python', 'Machine Learning', 'Deep Learning', 'Nlp', 'Aws', 'Kubernetes', 'Databricks']"
Tech Lead - Ai And Analytics Solutions,Navasys Technologies,"Coimbatore, Tamil Nadu, India",https://in.linkedin.com/jobs/view/tech-lead-ai-and-analytics-solutions-at-navasys-technologies-4442333161?position=14&pageNum=0&refId=ffrsjRLuKMIPdDJaQ0lclw%3D%3D&trackingId=6ufvrVEZYvWbl5r9wEbTBQ%3D%3D,1 Month Ago,2026-07-26,Mid-Senior Level,"Python, Sql, Tensorflow, Pytorch, Scikit-Learn, Aws, Azure, Gcp, Spark",Full-Time,127500000.0,"['Python', 'Sql', 'Tensorflow', 'Pytorch', 'Scikit-Learn', 'Aws', 'Azure', 'Gcp', 'Spark']"
Ai Architect,Rhythm Innovations,"Bhubaneswar, Odisha, India",https://in.linkedin.com/jobs/view/ai-architect-at-rhythm-innovations-4395995137?position=15&pageNum=0&refId=ffrsjRLuKMIPdDJaQ0lclw%3D%3D&trackingId=jU%2FSATXp9TwZ83NYOBMfbw%3D%3D,4 Months Ago,2026-04-08,Mid-Senior Level,"Python, Sql, R, Java, Machine Learning, Artificial Intelligence, Nlp, Tensorflow, Pytorch, Scikit-Learn, Aws, Azure, Spark",Full-Time,Not Disclosed,"['Python', 'Sql', 'R', 'Java', 'Machine Learning', 'Artificial Intelligence', 'Nlp', 'Tensorflow', 'Pytorch', 'Scikit-Learn', 'Aws', 'Azure', 'Spark']"
Data Scientist,Neurealm,"Chennai, Tamil Nadu, India",https://in.linkedin.com/jobs/view/data-scientist-at-neurealm-4446730739?position=16&pageNum=0&refId=ffrsjRLuKMIPdDJaQ0lclw%3D%3D&trackingId=og7dNYLcHx3ryV%2FD0KuJVA%3D%3D,3 Weeks Ago,2026-07-30,Associate,"Python, Sql, Machine Learning, Nlp, Tensorflow, Pytorch, Hugging Face, Scikit-Learn, Aws, Azure, Gcp, Docker",Full-Time,43166666.666666664,"['Python', 'Sql', 'Machine Learning', 'Nlp', 'Tensorflow', 'Pytorch', 'Hugging Face', 'Scikit-Learn', 'Aws', 'Azure', 'Gcp', 'Docker']"
Junior Ai Specialist,Miratech,"Roorkee, Uttarakhand, India",https://in.linkedin.com/jobs/view/junior-ai-specialist-at-miratech-4455864405?position=17&pageNum=0&refId=ffrsjRLuKMIPdDJaQ0lclw%3D%3D&trackingId=7Ue%2BYgG%2B%2BZfMEWaEi7eocQ%3D%3D,2 Days Ago,2026-08-24,Mid-Senior Level,"Python, Sql, Machine Learning, Nlp, Tensorflow, Pytorch, Pandas, Numpy, Scikit-Learn, Aws, Azure, Gcp",Full-Time,36616666.666666664,"['Python', 'Sql', 'Machine Learning', 'Nlp', 'Tensorflow', 'Pytorch', 'Pandas', 'Numpy', 'Scikit-Learn', 'Aws', 'Azure', 'Gcp']"
Data Architect I - Ai Ml Architect,Ust,"Trivandrum, Kerala, India",https://in.linkedin.com/jobs/view/data-architect-i-ai-ml-architect-at-ust-4412006662?position=18&pageNum=0&refId=ffrsjRLuKMIPdDJaQ0lclw%3D%3D&trackingId=XcFVf0xG%2F6TvSfPG5txRhQ%3D%3D,2 Weeks Ago,2026-08-09,Mid-Senior Level,"Machine Learning, Artificial Intelligence, Tensorflow, Pytorch, Scikit-Learn, Aws, Azure, Spark",Full-Time,106916666.66666667,"['Machine Learning', 'Artificial Intelligence', 'Tensorflow', 'Pytorch', 'Scikit-Learn', 'Aws', 'Azure', 'Spark']"
Gen Ai Developer,Birlasoft,Greater Hyderabad Area,https://in.linkedin.com/jobs/view/gen-ai-developer-at-birlasoft-4439874927?position=19&pageNum=0&refId=ffrsjRLuKMIPdDJaQ0lclw%3D%3D&trackingId=uQojP0DZEKSgwi1qpYVV0g%3D%3D,2 Weeks Ago,2026-08-05,Mid-Senior Level,"Python, Artificial Intelligence, Nlp, Tensorflow, Pytorch, Hugging Face, Scikit-Learn, Matplotlib, Aws, Azure, Gcp, Databricks, Git",Full-Time,Not Disclosed,"['Python', 'Artificial Intelligence', 'Nlp', 'Tensorflow', 'Pytorch', 'Hugging Face', 'Scikit-Learn', 'Matplotlib', 'Aws', 'Azure', 'Gcp', 'Databricks', 'Git']"
Data Scientist,Kanini,"Chennai, Tamil Nadu, India",https://in.linkedin.com/jobs/view/data-scientist-at-kanini-4386537210?position=20&pageNum=0&refId=ffrsjRLuKMIPdDJaQ0lclw%3D%3D&trackingId=tISYZg8v%2FVxpp5vnekSkHQ%3D%3D,5 Months Ago,2026-03-16,Mid-Senior Level,"Python, Java, Aws, Azure, Gcp, Docker, Kubernetes",Full-Time,43166666.666666664,"['Python', 'Java', 'Aws', 'Azure', 'Gcp', 'Docker', 'Kubernetes']"
Agentic Solutions-Ai And Data Science Engineer Ii,Deloitte,"Chennai, Tamil Nadu, India",https://in.linkedin.com/jobs/view/agentic-solutions-ai-and-data-science-engineer-ii-at-deloitte-4457918380?position=21&pageNum=0&refId=ffrsjRLuKMIPdDJaQ0lclw%3D%3D&trackingId=zZnZVQt0Bpo6q%2FYRlITGug%3D%3D,2 Hours Ago,2026-08-26,Experience,"Python, Sql, Deep Learning, Artificial Intelligence, Nlp, Docker, Git",Full-Time,Not Disclosed,"['Python', 'Sql', 'Deep Learning', 'Artificial Intelligence', 'Nlp', 'Docker', 'Git']"
Gen Ai,Virtusa,"Chennai, Tamil Nadu, India",https://in.linkedin.com/jobs/view/gen-ai-at-virtusa-4388473468?position=22&pageNum=0&refId=ffrsjRLuKMIPdDJaQ0lclw%3D%3D&trackingId=b5ZDQ3fcKU3ta1C3Fv6i2A%3D%3D,4 Days Ago,2026-08-22,Associate,"Python, Machine Learning, Nlp, Gcp",Full-Time,Not Disclosed,"['Python', 'Machine Learning', 'Nlp', 'Gcp']"
Ai Engineer (Data &Amp; Ai Practice),Kasadara Technology Solutions,"Coimbatore, Tamil Nadu, India",https://in.linkedin.com/jobs/view/ai-engineer-data-amp-ai-practice-at-kasadara-technology-solutions-4449456176?position=23&pageNum=0&refId=ffrsjRLuKMIPdDJaQ0lclw%3D%3D&trackingId=RCw7%2Fb7aZPRFSozTx3e54g%3D%3D,3 Weeks Ago,2026-08-05,Mid-Senior Level,"Python, Sql, Machine Learning, Deep Learning, Artificial Intelligence, Nlp, Power Bi, Azure, Docker, Kubernetes, Databricks, Postgresql, Git",Full-Time,127500000.0,"['Python', 'Sql', 'Machine Learning', 'Deep Learning', 'Artificial Intelligence', 'Nlp', 'Power Bi', 'Azure', 'Docker', 'Kubernetes', 'Databricks', 'Postgresql', 'Git']"
Ai/Ml Engineer,Chicmic Studios,"Sahibzada Ajit Singh Nagar, Punjab, India",https://in.linkedin.com/jobs/view/ai-ml-engineer-at-chicmic-studios-4441042809?position=27&pageNum=0&refId=ffrsjRLuKMIPdDJaQ0lclw%3D%3D&trackingId=HKxP0ZDCmtXpWikVqI%2Fqhg%3D%3D,1 Month Ago,2026-07-22,Mid-Senior Level,"Python, R, Machine Learning, Deep Learning, Pytorch, Hugging Face, Aws, Azure, Gcp, Docker, Git",Full-Time,25800000.0,"['Python', 'R', 'Machine Learning', 'Deep Learning', 'Pytorch', 'Hugging Face', 'Aws', 'Azure', 'Gcp', 'Docker', 'Git']"
Machine Learning  Engineer Mid Level,Capestart,"Nagercoil, Tamil Nadu, India",https://in.linkedin.com/jobs/view/machine-learning-engineer-mid-level-at-capestart-4416630757?position=29&pageNum=0&refId=ffrsjRLuKMIPdDJaQ0lclw%3D%3D&trackingId=xZ0pxfxWOpGgRrmLTa%2BoLA%3D%3D,3 Months Ago,2026-05-19,Mid-Senior Level,"Python, Sql, Machine Learning, Deep Learning, Tensorflow, Pytorch, Keras, Pandas, Numpy, Aws, Azure, Gcp, Spark",Full-Time,25750000.0,"['Python', 'Sql', 'Machine Learning', 'Deep Learning', 'Tensorflow', 'Pytorch', 'Keras', 'Pandas', 'Numpy', 'Aws', 'Azure', 'Gcp', 'Spark']"
Ai / Ml Engineer,Sequence Dynamics,"Itanagar, Arunachal Pradesh, India",https://in.linkedin.com/jobs/view/ai-ml-engineer-at-sequence-dynamics-4449430937?position=30&pageNum=0&refId=ffrsjRLuKMIPdDJaQ0lclw%3D%3D&trackingId=z0uWqVL1CAcjdnBy0OrfXA%3D%3D,3 Weeks Ago,2026-08-05,Mid-Senior Level,"Python, Nlp, Tensorflow, Pytorch",Full-Time,Not Disclosed,"['Python', 'Nlp', 'Tensorflow', 'Pytorch']"
Artificial Intelligence Manager,Orlin Apparel,"Surat, Gujarat, India",https://in.linkedin.com/jobs/view/artificial-intelligence-manager-at-orlin-apparel-4457229808?position=31&pageNum=0&refId=ffrsjRLuKMIPdDJaQ0lclw%3D%3D&trackingId=c9OUMNwPebAm6MJ9bwZbYA%3D%3D,2 Hours Ago,2026-08-26,Mid-Senior Level,"Machine Learning, Artificial Intelligence",Full-Time,Not Disclosed,"['Machine Learning', 'Artificial Intelligence']"
"Gen Ai |
Ml- Data Scientist",Quadratyx,"Aonla, Uttar Pradesh, India",https://in.linkedin.com/jobs/view/gen-ai-%0Aml-data-scientist-at-quadratyx-4449480641?position=32&pageNum=0&refId=ffrsjRLuKMIPdDJaQ0lclw%3D%3D&trackingId=7Xyt74lRq85WGZlKUA207g%3D%3D,3 Weeks Ago,2026-08-05,Mid-Senior Level,"Machine Learning, Artificial Intelligence, Nlp",Full-Time,25550000.0,"['Machine Learning', 'Artificial Intelligence', 'Nlp']"
Data Engineer,"Simelabs - Digital, Ai/Ml, Automation, Robotics, Gen Ai.","Kochi, Kerala, India",https://in.linkedin.com/jobs/view/data-engineer-at-simelabs-digital-ai-ml-automation-robotics-gen-ai-4446603263?position=33&pageNum=0&refId=ffrsjRLuKMIPdDJaQ0lclw%3D%3D&trackingId=UKTB4iI07mmH5v0O9Cmbwg%3D%3D,3 Weeks Ago,2026-08-04,Mid-Senior Level,"Python, Sql, Aws, Azure, Gcp, Docker, Spark, Postgresql, Git",Full-Time,51250000.0,"['Python', 'Sql', 'Aws', 'Azure', 'Gcp', 'Docker', 'Spark', 'Postgresql', 'Git']"
Ml-Ops,Sia,"Mumbai, Maharashtra, India",https://in.linkedin.com/jobs/view/ml-ops-at-sia-4452245349?position=34&pageNum=0&refId=ffrsjRLuKMIPdDJaQ0lclw%3D%3D&trackingId=UMU3DTg7gVpTO5S3ff9Mpw%3D%3D,1 Week Ago,2026-08-17,Mid-Senior Level,"Python, Pandas, Numpy, Scikit-Learn, Gcp, Git",Full-Time,85233333.33333333,"['Python', 'Pandas', 'Numpy', 'Scikit-Learn', 'Gcp', 'Git']"
Senior Data Scientist,Eg A/S,"Mangaluru, Karnataka, India",https://in.linkedin.com/jobs/view/senior-data-scientist-at-eg-a-s-4454298421?position=35&pageNum=0&refId=ffrsjRLuKMIPdDJaQ0lclw%3D%3D&trackingId=wCD%2BWok3%2F1tHjmDfPtetJw%3D%3D,1 Week Ago,2026-08-17,Mid-Senior Level,"Python, Sql, Nlp, Tensorflow, Pytorch, Keras, Power Bi, Aws, Azure",Full-Time,Not Disclosed,"['Python', 'Sql', 'Nlp', 'Tensorflow', 'Pytorch', 'Keras', 'Power Bi', 'Aws', 'Azure']"
Junior Data Scientist,Comviva,"Yelahanka Satellite Town, Karnataka, India",https://in.linkedin.com/jobs/view/junior-data-scientist-at-comviva-4432563093?position=36&pageNum=0&refId=ffrsjRLuKMIPdDJaQ0lclw%3D%3D&trackingId=ittIn4jyYw426p%2FZrMRFbA%3D%3D,2 Months Ago,2026-06-24,Mid-Senior Level,"Python, Sql, R, Machine Learning, Tensorflow, Keras, Pandas, Numpy, Scikit-Learn, Aws, Azure",Full-Time,Not Disclosed,"['Python', 'Sql', 'R', 'Machine Learning', 'Tensorflow', 'Keras', 'Pandas', 'Numpy', 'Scikit-Learn', 'Aws', 'Azure']"
Ct-Nitro-Experimental Ai Engineer,Ey,"Kochi, Kerala, India",https://in.linkedin.com/jobs/view/ct-nitro-experimental-ai-engineer-at-ey-4456875771?position=37&pageNum=0&refId=ffrsjRLuKMIPdDJaQ0lclw%3D%3D&trackingId=5wTtjA9ju4zv7PAPx5JlRA%3D%3D,1 Day Ago,2026-08-24,Associate,"Python, Machine Learning, Deep Learning, Artificial Intelligence, Nlp, Tensorflow, Pytorch, Keras, Hugging Face, Docker, Git",Full-Time,43166666.666666664,"['Python', 'Machine Learning', 'Deep Learning', 'Artificial Intelligence', 'Nlp', 'Tensorflow', 'Pytorch', 'Keras', 'Hugging Face', 'Docker', 'Git']"
Ai Engineer,"C3Ihub, Iit Kanpur","Kanpur, Uttar Pradesh, India",https://in.linkedin.com/jobs/view/ai-engineer-at-c3ihub-iit-kanpur-4456214022?position=38&pageNum=0&refId=ffrsjRLuKMIPdDJaQ0lclw%3D%3D&trackingId=ognF4u1B%2FI1dmgiFzKqTQA%3D%3D,5 Days Ago,2026-08-21,Mid-Senior Level,"Python, R, Machine Learning, Deep Learning, Tensorflow, Pytorch, Scikit-Learn, Docker, Git",Full-Time,17016666.666666664,"['Python', 'R', 'Machine Learning', 'Deep Learning', 'Tensorflow', 'Pytorch', 'Scikit-Learn', 'Docker', 'Git']"
"Digital Transformation & Ai Specialist - Ahmedabad, India",Qatar Airways,Greater Ahmedabad Area,https://in.linkedin.com/jobs/view/digital-transformation-ai-specialist-ahmedabad-india-at-qatar-airways-4452378652?position=39&pageNum=0&refId=ffrsjRLuKMIPdDJaQ0lclw%3D%3D&trackingId=rNG4s4mN9szJkg9CWPCPDw%3D%3D,2 Weeks Ago,2026-08-12,Mid-Senior Level,"Python, Sql, Deep Learning, Nlp, Tensorflow, Pytorch",Full-Time,Not Disclosed,"['Python', 'Sql', 'Deep Learning', 'Nlp', 'Tensorflow', 'Pytorch']"
Data Scientist,Sourcingxpress,"Jaipur, Rajasthan, India",https://in.linkedin.com/jobs/view/data-scientist-at-sourcingxpress-4453118547?position=40&pageNum=0&refId=ffrsjRLuKMIPdDJaQ0lclw%3D%3D&trackingId=3PTFkVLkQYUAl1UKz76iwg%3D%3D,1 Week Ago,2026-08-17,Mid-Senior Level,"Python, Machine Learning, Deep Learning, Artificial Intelligence, Nlp, Tensorflow, Pytorch, Keras, Hugging Face, Pandas, Numpy, Scikit-Learn, Aws, Azure, Gcp",Full-Time,4226666.666666666,"['Python', 'Machine Learning', 'Deep Learning', 'Artificial Intelligence', 'Nlp', 'Tensorflow', 'Pytorch', 'Keras', 'Hugging Face', 'Pandas', 'Numpy', 'Scikit-Learn', 'Aws', 'Azure', 'Gcp']"
Ai Engineer / Machine Learning Engineer,Uest,"Rajkot, Gujarat, India",https://in.linkedin.com/jobs/view/ai-engineer-machine-learning-engineer-at-uest-4433560834?position=41&pageNum=0&refId=ffrsjRLuKMIPdDJaQ0lclw%3D%3D&trackingId=H%2BP2DMl2Iz%2BkwxDz2lweHA%3D%3D,2 Months Ago,2026-06-26,Entry Level,"Python, Sql, R, Java, Machine Learning, Deep Learning, Nlp, Tensorflow, Pytorch, Keras, Scikit-Learn, Aws, Azure, Mongodb",Full-Time,760.0,"['Python', 'Sql', 'R', 'Java', 'Machine Learning', 'Deep Learning', 'Nlp', 'Tensorflow', 'Pytorch', 'Keras', 'Scikit-Learn', 'Aws', 'Azure', 'Mongodb']"
Data Scientist,Tessely,"Ajmer, Rajasthan, India",https://in.linkedin.com/jobs/view/data-scientist-at-tessely-4441138622?position=42&pageNum=0&refId=ffrsjRLuKMIPdDJaQ0lclw%3D%3D&trackingId=Yc7IqweteA5ScuIG4ZC%2FHw%3D%3D,1 Month Ago,2026-07-17,Entry Level,Machine Learning,Full-Time,Not Disclosed,['Machine Learning']
Data Scientist - Marketing & Sales,Mckinsey & Company,"Gurugram, Haryana, India",https://in.linkedin.com/jobs/view/data-scientist-marketing-sales-at-mckinsey-company-4459006010?position=43&pageNum=0&refId=ffrsjRLuKMIPdDJaQ0lclw%3D%3D&trackingId=jDRmjPQLZ2CYuFJetcSkZg%3D%3D,18 Hours Ago,2026-08-25,Mid-Senior Level,"Python, Machine Learning, Deep Learning, Tensorflow, Pytorch, Pandas, Numpy, Scikit-Learn, Spark",Full-Time,50900000.0,"['Python', 'Machine Learning', 'Deep Learning', 'Tensorflow', 'Pytorch', 'Pandas', 'Numpy', 'Scikit-Learn', 'Spark']"
Gen Ai-Ai And Data Science Engineer Iii,Deloitte,"Chennai, Tamil Nadu, India",https://in.linkedin.com/jobs/view/gen-ai-ai-and-data-science-engineer-iii-at-deloitte-4425090694?position=44&pageNum=0&refId=ffrsjRLuKMIPdDJaQ0lclw%3D%3D&trackingId=JXB6awlxKpAHTa%2B5uA1%2BDQ%3D%3D,2 Weeks Ago,2026-08-12,Experience,"Python, Sql, Deep Learning, Artificial Intelligence, Nlp, Tensorflow, Pytorch, Keras, Aws, Azure, Gcp, Docker, Git",Full-Time,Not Disclosed,"['Python', 'Sql', 'Deep Learning', 'Artificial Intelligence', 'Nlp', 'Tensorflow', 'Pytorch', 'Keras', 'Aws', 'Azure', 'Gcp', 'Docker', 'Git']"
Artificial Intelligence Engineer,Ting,"Kochi, Kerala, India",https://in.linkedin.com/jobs/view/artificial-intelligence-engineer-at-ting-4457234095?position=46&pageNum=0&refId=ffrsjRLuKMIPdDJaQ0lclw%3D%3D&trackingId=yRnPbwrxhq%2FWBvd2FHZPvg%3D%3D,5 Hours Ago,2026-08-26,Associate,"Python, Sql, Gcp, Postgresql",Full-Time,43166666.666666664,"['Python', 'Sql', 'Gcp', 'Postgresql']"
Ai/Llm Data Intelligence Engineer,Clearstate,"Gurugram, Haryana, India",https://in.linkedin.com/jobs/view/ai-llm-data-intelligence-engineer-at-clearstate-4452351525?position=47&pageNum=0&refId=ffrsjRLuKMIPdDJaQ0lclw%3D%3D&trackingId=GsxxgX7dBmaCNQEgaHO4Jg%3D%3D,2 Weeks Ago,2026-08-12,Associate,"Python, Sql, R, Hugging Face, Aws, Azure, Gcp",Full-Time,55066666.666666664,"['Python', 'Sql', 'R', 'Hugging Face', 'Aws', 'Azure', 'Gcp']"
Data Scientist,Dun & Bradstreet India,"Chennai, Tamil Nadu, India",https://in.linkedin.com/jobs/view/data-scientist-at-dun-bradstreet-india-4453411229?position=48&pageNum=0&refId=ffrsjRLuKMIPdDJaQ0lclw%3D%3D&trackingId=mTQoEZbNMQBDPyVOH9IgAA%3D%3D,1 Week Ago,2026-08-19,Mid-Senior Level,"Python, Aws, Azure, Gcp, Docker",Full-Time,43166666.666666664,"['Python', 'Aws', 'Azure', 'Gcp', 'Docker']"
"Gen Ai |
Ml- Data Scientist",Quadratyx,"Mumbai, Maharashtra, India",https://in.linkedin.com/jobs/view/gen-ai-%0Aml-data-scientist-at-quadratyx-4449489469?position=49&pageNum=0&refId=ffrsjRLuKMIPdDJaQ0lclw%3D%3D&trackingId=DbstBo2HHE6n5wUnMOwD6w%3D%3D,3 Weeks Ago,2026-08-05,Mid-Senior Level,"Machine Learning, Artificial Intelligence, Nlp, Tensorflow, Pytorch, Hugging Face",Full-Time,Not Disclosed,"['Machine Learning', 'Artificial Intelligence', 'Nlp', 'Tensorflow', 'Pytorch', 'Hugging Face']"
Data Scientist,Bnp Paribas,"Tamil Nadu, India",https://in.linkedin.com/jobs/view/data-scientist-at-bnp-paribas-4452403514?position=50&pageNum=0&refId=ffrsjRLuKMIPdDJaQ0lclw%3D%3D&trackingId=Z88dIlBgOJDnuRYzSYZIjA%3D%3D,2 Weeks Ago,2026-08-11,Mid-Senior Level,"Python, Sql, Machine Learning, Artificial Intelligence, Pandas, Spark",Full-Time,43166666.666666664,"['Python', 'Sql', 'Machine Learning', 'Artificial Intelligence', 'Pandas', 'Spark']"
Ml Engineer I,Ust,"Kochi, Kerala, India",https://in.linkedin.com/jobs/view/ml-engineer-i-at-ust-4387085668?position=51&pageNum=0&refId=ffrsjRLuKMIPdDJaQ0lclw%3D%3D&trackingId=TTMcLjxomTm3HfEKmIYC9Q%3D%3D,4 Days Ago,2026-08-22,Mid-Senior Level,"Python, Machine Learning, Deep Learning, Artificial Intelligence, Nlp, Tensorflow, Pytorch, Pandas, Numpy, Scikit-Learn, Aws, Azure, Gcp, Docker, Kubernetes, Spark, Git",Full-Time,43166666.666666664,"['Python', 'Machine Learning', 'Deep Learning', 'Artificial Intelligence', 'Nlp', 'Tensorflow', 'Pytorch', 'Pandas', 'Numpy', 'Scikit-Learn', 'Aws', 'Azure', 'Gcp', 'Docker', 'Kubernetes', 'Spark', 'Git']"
Ai & Data Engineer (Aide),Aistra,"Delhi, India",https://in.linkedin.com/jobs/view/ai-data-engineer-aide-at-aistra-4451519641?position=52&pageNum=0&refId=ffrsjRLuKMIPdDJaQ0lclw%3D%3D&trackingId=D46kC8Lfr9cxGSMH9ACbCA%3D%3D,2 Weeks Ago,2026-08-11,Mid-Senior Level,"Python, Sql, Aws, Azure, Gcp, Spark, Databricks, Git",Full-Time,Not Disclosed,"['Python', 'Sql', 'Aws', 'Azure', 'Gcp', 'Spark', 'Databricks', 'Git']"
Ai Technical Lead,Generac,"Ramban, Jammu & Kashmir, India",https://in.linkedin.com/jobs/view/ai-technical-lead-at-generac-4452228635?position=53&pageNum=0&refId=ffrsjRLuKMIPdDJaQ0lclw%3D%3D&trackingId=%2F1zQPmoevllb9hVVLbIpcw%3D%3D,1 Week Ago,2026-08-17,Mid-Senior Level,"Python, R, Java, Machine Learning, Artificial Intelligence, Nlp, Tensorflow, Pytorch, Aws, Azure, Gcp",Full-Time,Not Disclosed,"['Python', 'R', 'Java', 'Machine Learning', 'Artificial Intelligence', 'Nlp', 'Tensorflow', 'Pytorch', 'Aws', 'Azure', 'Gcp']"
Ai/Ml Engineer,Cloudsmartz | Netsmartz Group,"Sahibzada Ajit Singh Nagar, Punjab, India",https://in.linkedin.com/jobs/view/ai-ml-engineer-at-cloudsmartz-netsmartz-group-4401385642?position=54&pageNum=0&refId=ffrsjRLuKMIPdDJaQ0lclw%3D%3D&trackingId=%2BT3C2OB2a9RhEnRMLOzc2g%3D%3D,4 Months Ago,2026-04-13,Mid-Senior Level,"Python, Machine Learning, Tensorflow, Pytorch, Pandas, Numpy, Scikit-Learn, Matplotlib, Aws, Azure, Gcp, Docker, Git",Full-Time,34133333.33333333,"['Python', 'Machine Learning', 'Tensorflow', 'Pytorch', 'Pandas', 'Numpy', 'Scikit-Learn', 'Matplotlib', 'Aws', 'Azure', 'Gcp', 'Docker', 'Git']"
Artificial Intelligence Data Engineer,Eisneramper India,"Mumbai, Maharashtra, India",https://in.linkedin.com/jobs/view/artificial-intelligence-data-engineer-at-eisneramper-india-4441444596?position=55&pageNum=0&refId=ffrsjRLuKMIPdDJaQ0lclw%3D%3D&trackingId=kET%2BIuEGfALUJgSlbvF%2F5Q%3D%3D,2 Weeks Ago,2026-08-06,Experience,"Machine Learning, Artificial Intelligence, Azure",Full-Time,21583333.333333332,"['Machine Learning', 'Artificial Intelligence', 'Azure']"
Ai Engineer,Invarsys,"Indore, Madhya Pradesh, India",https://in.linkedin.com/jobs/view/ai-engineer-at-invarsys-4449531372?position=56&pageNum=0&refId=ffrsjRLuKMIPdDJaQ0lclw%3D%3D&trackingId=P%2FK%2FzdEMnEwKs%2F0ahGiU%2Bg%3D%3D,2 Weeks Ago,2026-08-10,Mid-Senior Level,"Python, Machine Learning, Deep Learning, Tensorflow, Pytorch, Scikit-Learn, Aws, Azure, Gcp",Full-Time,Not Disclosed,"['Python', 'Machine Learning', 'Deep Learning', 'Tensorflow', 'Pytorch', 'Scikit-Learn', 'Aws', 'Azure', 'Gcp']"
Straviso - Data Scientist - Artificial Intelligence/Machine Learning,Straviso,Greater Kolkata Area,https://in.linkedin.com/jobs/view/straviso-data-scientist-artificial-intelligence-machine-learning-at-straviso-4438549287?position=57&pageNum=0&refId=ffrsjRLuKMIPdDJaQ0lclw%3D%3D&trackingId=x%2F%2BvzxSc2hqqosGKU3mRHA%3D%3D,1 Month Ago,2026-07-09,Mid-Senior Level,"Python, Sql, Machine Learning, Deep Learning, Artificial Intelligence, Nlp, Tensorflow, Pytorch, Hugging Face, Scikit-Learn, Aws, Azure, Gcp, Docker, Kubernetes, Git",Full-Time,Not Disclosed,"['Python', 'Sql', 'Machine Learning', 'Deep Learning', 'Artificial Intelligence', 'Nlp', 'Tensorflow', 'Pytorch', 'Hugging Face', 'Scikit-Learn', 'Aws', 'Azure', 'Gcp', 'Docker', 'Kubernetes', 'Git']"
Machine Learning,App Innovation Technologies,"Tiruchirappalli, Tamil Nadu, India",https://in.linkedin.com/jobs/view/machine-learning-at-app-innovation-technologies-4306114560?position=58&pageNum=0&refId=ffrsjRLuKMIPdDJaQ0lclw%3D%3D&trackingId=UQGQC8yR%2Bu7T%2BsuZVM6FMg%3D%3D,10 Months Ago,2025-09-30,Associate,"Python, R, Java, Machine Learning, Deep Learning, Artificial Intelligence",Full-Time,4316666.666666666,"['Python', 'R', 'Java', 'Machine Learning', 'Deep Learning', 'Artificial Intelligence']"
Data Scientist (R-19646),Dun & Bradstreet,"Chennai, Tamil Nadu, India",https://in.linkedin.com/jobs/view/data-scientist-r-19646-at-dun-bradstreet-4444506984?position=59&pageNum=0&refId=ffrsjRLuKMIPdDJaQ0lclw%3D%3D&trackingId=o%2FX2iYvsCJjF7ShQzoFX%2Bg%3D%3D,1 Week Ago,2026-08-17,Mid-Senior Level,"Python, Artificial Intelligence, Aws, Azure, Gcp, Docker",Full-Time,Not Disclosed,"['Python', 'Artificial Intelligence', 'Aws', 'Azure', 'Gcp', 'Docker']"
Data Scientist-Artificial Intelligence,Ibm,"Kochi, Kerala, India",https://in.linkedin.com/jobs/view/data-scientist-artificial-intelligence-at-ibm-4446241710?position=1&pageNum=0&refId=g%2BiHbSL5jCTdItB9MSjHRg%3D%3D&trackingId=exxpfeKK0mlATHU9XoeZmw%3D%3D,18 Hours Ago,2026-08-25,Mid-Senior Level,"Python, Sql, Machine Learning, Artificial Intelligence, Nlp, Tensorflow, Pytorch, Keras, Hugging Face, Pandas, Matplotlib, Aws, Azure, Gcp, Kubernetes, Mongodb",Full-Time,43166666.666666664,"['Python', 'Sql', 'Machine Learning', 'Artificial Intelligence', 'Nlp', 'Tensorflow', 'Pytorch', 'Keras', 'Hugging Face', 'Pandas', 'Matplotlib', 'Aws', 'Azure', 'Gcp', 'Kubernetes', 'Mongodb']"
Senior Data Scientist - I,Metlife,"Pune Division, Maharashtra, India",https://in.linkedin.com/jobs/view/senior-data-scientist-i-at-metlife-4455731862?position=2&pageNum=0&refId=g%2BiHbSL5jCTdItB9MSjHRg%3D%3D&trackingId=pU9S54PZ0YyakYKevyBkDw%3D%3D,22 Hours Ago,2026-08-25,Mid-Senior Level,"Python, Machine Learning, Nlp, Tensorflow, Pytorch, Scikit-Learn, Azure",Full-Time,Not Disclosed,"['Python', 'Machine Learning', 'Nlp', 'Tensorflow', 'Pytorch', 'Scikit-Learn', 'Azure']"
Senior Data Scientist,Sourcingxpress,"Gurgaon, Haryana, India",https://in.linkedin.com/jobs/view/senior-data-scientist-at-sourcingxpress-4384572454?position=3&pageNum=0&refId=g%2BiHbSL5jCTdItB9MSjHRg%3D%3D&trackingId=lYj7UY5TO4vNdQWrbVclhw%3D%3D,5 Months Ago,2026-03-16,Mid-Senior Level,"Python, Machine Learning, Deep Learning, Aws, Azure, Gcp, Databricks",Full-Time,85333333.33333333,"['Python', 'Machine Learning', 'Deep Learning', 'Aws', 'Azure', 'Gcp', 'Databricks']"
Sr Advanced Data Scientist,Honeywell Technologies,"Pune Division, Maharashtra, India",https://in.linkedin.com/jobs/view/sr-advanced-data-scientist-at-honeywell-technologies-4445700716?position=4&pageNum=0&refId=g%2BiHbSL5jCTdItB9MSjHRg%3D%3D&trackingId=ZZZBQjkzjeyujq3RcTUKWA%3D%3D,1 Week Ago,2026-08-18,Mid-Senior Level,"Python, R, Machine Learning, Azure, Databricks",Full-Time,Not Disclosed,"['Python', 'R', 'Machine Learning', 'Azure', 'Databricks']"
Senior Data Scientist I,Metlife,"Pune Division, Maharashtra, India",https://in.linkedin.com/jobs/view/senior-data-scientist-i-at-metlife-4446306265?position=5&pageNum=0&refId=g%2BiHbSL5jCTdItB9MSjHRg%3D%3D&trackingId=k%2ByBnQ9PKfwqjSmj0nubOQ%3D%3D,3 Weeks Ago,2026-08-03,Mid-Senior Level,"Python, Machine Learning, Nlp, Tensorflow, Pytorch, Scikit-Learn, Azure",Full-Time,Not Disclosed,"['Python', 'Machine Learning', 'Nlp', 'Tensorflow', 'Pytorch', 'Scikit-Learn', 'Azure']"
Senior Data Scientist,Amplify Health,"Gurugram, Haryana, India",https://in.linkedin.com/jobs/view/senior-data-scientist-at-amplify-health-4445437035?position=6&pageNum=0&refId=g%2BiHbSL5jCTdItB9MSjHRg%3D%3D&trackingId=mbvCa7bwgvRqaO4Ceu0TNA%3D%3D,4 Weeks Ago,2026-07-28,Mid-Senior Level,"Python, Sql, Machine Learning, Deep Learning, Nlp, Tensorflow, Pytorch, Hugging Face, Scikit-Learn, Azure, Docker, Kubernetes, Databricks",Full-Time,85333333.33333333,"['Python', 'Sql', 'Machine Learning', 'Deep Learning', 'Nlp', 'Tensorflow', 'Pytorch', 'Hugging Face', 'Scikit-Learn', 'Azure', 'Docker', 'Kubernetes', 'Databricks']"
Senior Data Scientist,Sei,Greater Hyderabad Area,https://in.linkedin.com/jobs/view/senior-data-scientist-at-sei-4407866688?position=7&pageNum=0&refId=g%2BiHbSL5jCTdItB9MSjHRg%3D%3D&trackingId=Vrb2wKB%2Fuv0yEBC%2BQnw1aA%3D%3D,1 Week Ago,2026-08-14,Mid-Senior Level,"Python, Sql, R, Machine Learning, Artificial Intelligence, Tensorflow, Pytorch, Pandas, Scikit-Learn, Matplotlib, Power Bi, Tableau, Aws, Azure, Gcp, Docker, Kubernetes, Spark",Full-Time,169416666.66666666,"['Python', 'Sql', 'R', 'Machine Learning', 'Artificial Intelligence', 'Tensorflow', 'Pytorch', 'Pandas', 'Scikit-Learn', 'Matplotlib', 'Power Bi', 'Tableau', 'Aws', 'Azure', 'Gcp', 'Docker', 'Kubernetes', 'Spark']"
Lead Data Scientist,Atkinsréalis,"Gurgaon, Haryana, India",https://in.linkedin.com/jobs/view/lead-data-scientist-at-atkinsr%C3%A9alis-4446571831?position=8&pageNum=0&refId=g%2BiHbSL5jCTdItB9MSjHRg%3D%3D&trackingId=ZV8zw3cqBtw63Qcd%2F%2BOzpg%3D%3D,3 Weeks Ago,2026-08-04,Mid-Senior Level,"Python, Machine Learning, Deep Learning, Tensorflow, Pytorch, Hugging Face, Azure",Full-Time,43166666.666666664,"['Python', 'Machine Learning', 'Deep Learning', 'Tensorflow', 'Pytorch', 'Hugging Face', 'Azure']"
Data Scientist - Machine Learning,United Airlines India Knowledge Center,"Gurugram, Haryana, India",https://in.linkedin.com/jobs/view/data-scientist-machine-learning-at-united-airlines-india-knowledge-center-4457838253?position=9&pageNum=0&refId=g%2BiHbSL5jCTdItB9MSjHRg%3D%3D&trackingId=48a4UW5sEsmdlV6iB%2FfgNA%3D%3D,3 Days Ago,2026-08-22,Mid-Senior Level,"Python, Sql, Machine Learning, Artificial Intelligence, Git",Full-Time,50900000.0,"['Python', 'Sql', 'Machine Learning', 'Artificial Intelligence', 'Git']"
Lead Data Scientist- Gen Ai-Ml- Vice President,Citi,"Chennai, Tamil Nadu, India",https://in.linkedin.com/jobs/view/lead-data-scientist-gen-ai-ml-vice-president-at-citi-4446423940?position=10&pageNum=0&refId=g%2BiHbSL5jCTdItB9MSjHRg%3D%3D&trackingId=ObtLNn43fu9fUh5EWYByGQ%3D%3D,5 Days Ago,2026-08-20,Experience,"Python, Sql, Machine Learning, Nlp, Tensorflow, Pytorch, Pandas, Numpy, Scikit-Learn, Matplotlib, Power Bi, Tableau, Git",Full-Time,Not Disclosed,"['Python', 'Sql', 'Machine Learning', 'Nlp', 'Tensorflow', 'Pytorch', 'Pandas', 'Numpy', 'Scikit-Learn', 'Matplotlib', 'Power Bi', 'Tableau', 'Git']"
Sr Advanced Data Scientist,Honeywell Technologies,"Delhi, India",https://in.linkedin.com/jobs/view/sr-advanced-data-scientist-at-honeywell-technologies-4445717520?position=11&pageNum=0&refId=g%2BiHbSL5jCTdItB9MSjHRg%3D%3D&trackingId=v5W578WX1ikYOzle9gieiQ%3D%3D,1 Week Ago,2026-08-18,Mid-Senior Level,"Python, R, Machine Learning, Azure, Databricks",Full-Time,85333333.33333333,"['Python', 'R', 'Machine Learning', 'Azure', 'Databricks']"
Data Scientist,Thales,"Noida, Uttar Pradesh, India",https://in.linkedin.com/jobs/view/data-scientist-at-thales-4417326819?position=12&pageNum=0&refId=g%2BiHbSL5jCTdItB9MSjHRg%3D%3D&trackingId=7dHhpgT388T4mSfgGUPNUQ%3D%3D,1 Week Ago,2026-08-15,Experience,"Python, Sql, Machine Learning, Artificial Intelligence, Gcp, Databricks",Full-Time,50900000.0,"['Python', 'Sql', 'Machine Learning', 'Artificial Intelligence', 'Gcp', 'Databricks']"
Ai/Ml Data Science / Gen Ai / Mlops,Cognizant,"Chennai, Tamil Nadu, India",https://in.linkedin.com/jobs/view/ai-ml-data-science-gen-ai-mlops-at-cognizant-4447622047?position=13&pageNum=0&refId=g%2BiHbSL5jCTdItB9MSjHRg%3D%3D&trackingId=fV6joutPL%2FvKXUHJlYDAmw%3D%3D,2 Days Ago,2026-08-23,Mid-Senior Level,"Python, Machine Learning, Tensorflow, Pytorch, Azure, Docker, Kubernetes",Full-Time,63750000.0,"['Python', 'Machine Learning', 'Tensorflow', 'Pytorch', 'Azure', 'Docker', 'Kubernetes']"
Machine Learning Engineer,Simplify Healthcare,"Pune Division, Maharashtra, India",https://in.linkedin.com/jobs/view/machine-learning-engineer-at-simplify-healthcare-4455251418?position=14&pageNum=0&refId=g%2BiHbSL5jCTdItB9MSjHRg%3D%3D&trackingId=lEM1Jt4m8DSdpq%2FxcX5Q3Q%3D%3D,1 Week Ago,2026-08-17,Mid-Senior Level,"Python, Sql, Aws, Azure, Gcp, Spark, Databricks",Full-Time,Not Disclosed,"['Python', 'Sql', 'Aws', 'Azure', 'Gcp', 'Spark', 'Databricks']"
Senior Data Scientist,"Invoicecloud, Inc.","Hyderabad, Telangana, India",https://in.linkedin.com/jobs/view/senior-data-scientist-at-invoicecloud-inc-4419691849?position=15&pageNum=0&refId=g%2BiHbSL5jCTdItB9MSjHRg%3D%3D&trackingId=h6uPbBbzr1lRlWhqGj67oA%3D%3D,2 Weeks Ago,2026-08-05,Mid-Senior Level,"Python, Sql, Machine Learning, Deep Learning, Tensorflow, Pytorch, Pandas, Numpy, Scikit-Learn, Aws, Azure, Gcp, Docker, Kubernetes, Databricks, Git",Full-Time,169416666.66666666,"['Python', 'Sql', 'Machine Learning', 'Deep Learning', 'Tensorflow', 'Pytorch', 'Pandas', 'Numpy', 'Scikit-Learn', 'Aws', 'Azure', 'Gcp', 'Docker', 'Kubernetes', 'Databricks', 'Git']"
Principal Data Scientist,Atlassian,Greater Kolkata Area,https://in.linkedin.com/jobs/view/principal-data-scientist-at-atlassian-4454857134?position=16&pageNum=0&refId=g%2BiHbSL5jCTdItB9MSjHRg%3D%3D&trackingId=YUebCJHGPYJh8BUU%2BGG2AQ%3D%3D,1 Week Ago,2026-08-15,Mid-Senior Level,"Python, Sql, R, Machine Learning, Pandas, Numpy, Scikit-Learn, Matplotlib, Tableau",Full-Time,Not Disclosed,"['Python', 'Sql', 'R', 'Machine Learning', 'Pandas', 'Numpy', 'Scikit-Learn', 'Matplotlib', 'Tableau']"
Data Scientist I,Kroll,"Hyderabad, Telangana, India",https://in.linkedin.com/jobs/view/data-scientist-i-at-kroll-4453474215?position=17&pageNum=0&refId=g%2BiHbSL5jCTdItB9MSjHRg%3D%3D&trackingId=i9NroemG3qrzjMtp%2Be47IQ%3D%3D,6 Days Ago,2026-08-19,Entry Level,"Python, Machine Learning, Deep Learning, Nlp, Tensorflow, Pytorch, Hugging Face, Pandas, Numpy, Scikit-Learn, Aws, Azure, Gcp, Spark, Databricks",Full-Time,43166666.666666664,"['Python', 'Machine Learning', 'Deep Learning', 'Nlp', 'Tensorflow', 'Pytorch', 'Hugging Face', 'Pandas', 'Numpy', 'Scikit-Learn', 'Aws', 'Azure', 'Gcp', 'Spark', 'Databricks']"
Data Scientist + Databricks Ai/Ml - Sr Architect,Birlasoft,Pune/Pimpri-Chinchwad Area,https://in.linkedin.com/jobs/view/data-scientist-%2B-databricks-ai-ml-sr-architect-at-birlasoft-4453578053?position=18&pageNum=0&refId=g%2BiHbSL5jCTdItB9MSjHRg%3D%3D&trackingId=Ko9HV71rmq3pmBec7uTPng%3D%3D,1 Week Ago,2026-08-14,Mid-Senior Level,"Python, Sql, Nlp, Tensorflow, Pytorch, Scikit-Learn, Power Bi, Tableau, Aws, Azure, Gcp, Databricks",Full-Time,Not Disclosed,"['Python', 'Sql', 'Nlp', 'Tensorflow', 'Pytorch', 'Scikit-Learn', 'Power Bi', 'Tableau', 'Aws', 'Azure', 'Gcp', 'Databricks']"
Senior Principal Data Scientist,Atkinsréalis,"Bengaluru East, Karnataka, India",https://in.linkedin.com/jobs/view/senior-principal-data-scientist-at-atkinsr%C3%A9alis-4394640162?position=19&pageNum=0&refId=g%2BiHbSL5jCTdItB9MSjHRg%3D%3D&trackingId=t%2F9eKvyApc%2BE1PxbA8tCDg%3D%3D,4 Months Ago,2026-04-07,Mid-Senior Level,"Python, Machine Learning, Nlp, Tensorflow, Pytorch, Hugging Face, Aws, Azure",Full-Time,211833333.33333334,"['Python', 'Machine Learning', 'Nlp', 'Tensorflow', 'Pytorch', 'Hugging Face', 'Aws', 'Azure']"
Data Science And Aiml Lead - Aitds,Cognizant,"Hyderabad, Telangana, India",https://in.linkedin.com/jobs/view/data-science-and-aiml-lead-aitds-at-cognizant-4414475083?position=20&pageNum=0&refId=g%2BiHbSL5jCTdItB9MSjHRg%3D%3D&trackingId=0Soo8oiKKaoIGyJBKQg2%2Bg%3D%3D,2 Weeks Ago,2026-08-08,Mid-Senior Level,"Python, Machine Learning, Tensorflow, Pytorch, Scikit-Learn, Aws, Azure, Gcp",Full-Time,Not Disclosed,"['Python', 'Machine Learning', 'Tensorflow', 'Pytorch', 'Scikit-Learn', 'Aws', 'Azure', 'Gcp']"
Straviso - Senior Data Scientist - Machine Learning,Straviso,Greater Kolkata Area,https://in.linkedin.com/jobs/view/straviso-senior-data-scientist-machine-learning-at-straviso-4438548274?position=21&pageNum=0&refId=g%2BiHbSL5jCTdItB9MSjHRg%3D%3D&trackingId=yN8AznfZSde9rQuwBTkFYQ%3D%3D,1 Month Ago,2026-07-09,Mid-Senior Level,"Python, Sql, Machine Learning, Deep Learning, Artificial Intelligence, Nlp, Tensorflow, Pytorch, Hugging Face, Scikit-Learn, Aws, Azure, Gcp, Docker, Kubernetes, Spark, Git",Full-Time,Not Disclosed,"['Python', 'Sql', 'Machine Learning', 'Deep Learning', 'Artificial Intelligence', 'Nlp', 'Tensorflow', 'Pytorch', 'Hugging Face', 'Scikit-Learn', 'Aws', 'Azure', 'Gcp', 'Docker', 'Kubernetes', 'Spark', 'Git']"
Data Scientist I,Kroll,"New Delhi, Delhi, India",https://in.linkedin.com/jobs/view/data-scientist-i-at-kroll-4453471229?position=22&pageNum=0&refId=g%2BiHbSL5jCTdItB9MSjHRg%3D%3D&trackingId=peie9Af21EcT2kSJC%2BsysQ%3D%3D,6 Days Ago,2026-08-19,Entry Level,"Python, Machine Learning, Deep Learning, Nlp, Tensorflow, Pytorch, Hugging Face, Pandas, Numpy, Scikit-Learn, Aws, Azure, Gcp, Spark, Databricks",Full-Time,50900000.0,"['Python', 'Machine Learning', 'Deep Learning', 'Nlp', 'Tensorflow', 'Pytorch', 'Hugging Face', 'Pandas', 'Numpy', 'Scikit-Learn', 'Aws', 'Azure', 'Gcp', 'Spark', 'Databricks']"
Data Scientist,Avahi,"Pune Division, Maharashtra, India",https://in.linkedin.com/jobs/view/data-scientist-at-avahi-4436347282?position=23&pageNum=0&refId=g%2BiHbSL5jCTdItB9MSjHRg%3D%3D&trackingId=A3SyahhVZiScQNCSU1mrEA%3D%3D,1 Week Ago,2026-08-15,Mid-Senior Level,"Python, Pytorch, Aws",Full-Time,Not Disclosed,"['Python', 'Pytorch', 'Aws']"
Data Scientist – Mortgage Analytics & Ai,Loandna,"Chennai, Tamil Nadu, India",https://in.linkedin.com/jobs/view/data-scientist-%E2%80%93-mortgage-analytics-ai-at-loandna-4453688615?position=24&pageNum=0&refId=g%2BiHbSL5jCTdItB9MSjHRg%3D%3D&trackingId=7rZjstQuwyHaiaeaoGE8hw%3D%3D,1 Week Ago,2026-08-13,Mid-Senior Level,"Python, Sql, Machine Learning, Deep Learning, Tensorflow, Pytorch, Pandas, Numpy, Scikit-Learn, Aws, Azure, Docker, Kubernetes, Databricks, Git",Full-Time,43166666.666666664,"['Python', 'Sql', 'Machine Learning', 'Deep Learning', 'Tensorflow', 'Pytorch', 'Pandas', 'Numpy', 'Scikit-Learn', 'Aws', 'Azure', 'Docker', 'Kubernetes', 'Databricks', 'Git']"
Staff Data Scientist,Stryker,"Gurugram, Haryana, India",https://in.linkedin.com/jobs/view/staff-data-scientist-at-stryker-4436215738?position=25&pageNum=0&refId=g%2BiHbSL5jCTdItB9MSjHRg%3D%3D&trackingId=STWGM5xWPCtMM8YsmGXx8A%3D%3D,1 Month Ago,2026-07-07,Associate,"Python, Sql, Machine Learning, Nlp, Power Bi, Azure, Spark, Databricks, Git",Full-Time,512.5,"['Python', 'Sql', 'Machine Learning', 'Nlp', 'Power Bi', 'Azure', 'Spark', 'Databricks', 'Git']"
Predictive Analytics Data Scientist-Ai Labs,Adani Enterprises Limited,"Ahmedabad, Gujarat, India",https://in.linkedin.com/jobs/view/predictive-analytics-data-scientist-ai-labs-at-adani-enterprises-limited-4427055522?position=26&pageNum=0&refId=g%2BiHbSL5jCTdItB9MSjHRg%3D%3D&trackingId=zSRZTdoRSM%2FyH08n6Vpdvg%3D%3D,1 Week Ago,2026-08-14,Entry Level,"Machine Learning, Deep Learning, Artificial Intelligence, Aws, Azure, Gcp, Docker, Kubernetes",Full-Time,33933333.33333333,"['Machine Learning', 'Deep Learning', 'Artificial Intelligence', 'Aws', 'Azure', 'Gcp', 'Docker', 'Kubernetes']"
Lead Data Scientist,Gartner,"Gurgaon, Haryana, India",https://in.linkedin.com/jobs/view/lead-data-scientist-at-gartner-4446434435?position=27&pageNum=0&refId=g%2BiHbSL5jCTdItB9MSjHRg%3D%3D&trackingId=Atc74igJ2LBVnpYXHQEV8Q%3D%3D,6 Days Ago,2026-08-20,Experience,"Python, Sql, Machine Learning, Deep Learning, Artificial Intelligence, Nlp, Tensorflow, Pytorch, Pandas, Numpy, Scikit-Learn, Power Bi, Aws, Azure, Gcp, Spark, Databricks",Full-Time,43166666.666666664,"['Python', 'Sql', 'Machine Learning', 'Deep Learning', 'Artificial Intelligence', 'Nlp', 'Tensorflow', 'Pytorch', 'Pandas', 'Numpy', 'Scikit-Learn', 'Power Bi', 'Aws', 'Azure', 'Gcp', 'Spark', 'Databricks']"
"Lead, Data Scientist",Bain & Company,"Gurugram, Haryana, India",https://in.linkedin.com/jobs/view/lead-data-scientist-at-bain-company-4440907806?position=28&pageNum=0&refId=g%2BiHbSL5jCTdItB9MSjHRg%3D%3D&trackingId=CARtkxohdfFIT3F4fMKnhw%3D%3D,2 Weeks Ago,2026-08-09,Experience,"Python, Sql, Machine Learning, Deep Learning, Artificial Intelligence, Nlp, Aws, Azure, Gcp, Docker, Spark, Mongodb, Postgresql",Full-Time,43166666.666666664,"['Python', 'Sql', 'Machine Learning', 'Deep Learning', 'Artificial Intelligence', 'Nlp', 'Aws', 'Azure', 'Gcp', 'Docker', 'Spark', 'Mongodb', 'Postgresql']"
Senior Data Scientist,"Fourkites, Inc.",Greater Chennai Area,https://in.linkedin.com/jobs/view/senior-data-scientist-at-fourkites-inc-4458585972?position=29&pageNum=0&refId=g%2BiHbSL5jCTdItB9MSjHRg%3D%3D&trackingId=Kow3hibKA34LfS4SqqZ0hg%3D%3D,1 Day Ago,2026-08-25,Mid-Senior Level,"Python, Sql, Machine Learning, Nlp, Pandas, Scikit-Learn, Aws",Full-Time,Not Disclosed,"['Python', 'Sql', 'Machine Learning', 'Nlp', 'Pandas', 'Scikit-Learn', 'Aws']"
Data Scientist-Artificial Intelligence,Ibm,"Pune Division, Maharashtra, India",https://in.linkedin.com/jobs/view/data-scientist-artificial-intelligence-at-ibm-4446243677?position=30&pageNum=0&refId=g%2BiHbSL5jCTdItB9MSjHRg%3D%3D&trackingId=SubjqVtUAlwqGsAilPUTMA%3D%3D,19 Hours Ago,2026-08-25,Mid-Senior Level,"Python, Sql, Machine Learning, Artificial Intelligence, Nlp, Tensorflow, Pytorch, Keras, Hugging Face, Pandas, Matplotlib, Aws, Azure, Gcp, Kubernetes, Mongodb",Full-Time,42266666.666666664,"['Python', 'Sql', 'Machine Learning', 'Artificial Intelligence', 'Nlp', 'Tensorflow', 'Pytorch', 'Keras', 'Hugging Face', 'Pandas', 'Matplotlib', 'Aws', 'Azure', 'Gcp', 'Kubernetes', 'Mongodb']"
Lead Data Scientist,Xcaliber Health,"Bengaluru East, Karnataka, India",https://in.linkedin.com/jobs/view/lead-data-scientist-at-xcaliber-health-4434281766?position=31&pageNum=0&refId=g%2BiHbSL5jCTdItB9MSjHRg%3D%3D&trackingId=QxHu7jfSrl5FoWtSGKrVDA%3D%3D,1 Month Ago,2026-06-28,Mid-Senior Level,"Python, Machine Learning, Nlp",Full-Time,Not Disclosed,"['Python', 'Machine Learning', 'Nlp']"
Principal Data Scientist,Jaggaer,Greater Hyderabad Area,https://in.linkedin.com/jobs/view/principal-data-scientist-at-jaggaer-4451521110?position=32&pageNum=0&refId=g%2BiHbSL5jCTdItB9MSjHRg%3D%3D&trackingId=9DqKy%2FIKyUpreLjOCZrnxA%3D%3D,2 Weeks Ago,2026-08-10,Mid-Senior Level,"Python, Sql, R, Tensorflow, Pytorch, Pandas, Scikit-Learn, Tableau, Aws, Azure, Gcp, Docker, Kubernetes, Git",Full-Time,Not Disclosed,"['Python', 'Sql', 'R', 'Tensorflow', 'Pytorch', 'Pandas', 'Scikit-Learn', 'Tableau', 'Aws', 'Azure', 'Gcp', 'Docker', 'Kubernetes', 'Git']"
Senior Data Scientist,Sonatype,"Hyderabad, Telangana, India",https://in.linkedin.com/jobs/view/senior-data-scientist-at-sonatype-4448280537?position=33&pageNum=0&refId=g%2BiHbSL5jCTdItB9MSjHRg%3D%3D&trackingId=nXK%2FPBp5KahfMQgYpzdlyg%3D%3D,1 Day Ago,2026-08-25,Associate,"Python, Java, Machine Learning, Deep Learning, Artificial Intelligence, Tensorflow, Pytorch, Scikit-Learn, Aws, Databricks, Git",Full-Time,169416666.66666666,"['Python', 'Java', 'Machine Learning', 'Deep Learning', 'Artificial Intelligence', 'Tensorflow', 'Pytorch', 'Scikit-Learn', 'Aws', 'Databricks', 'Git']"
Senior Data Scientist,Skan Ai,"Bengaluru, Karnataka, India",https://in.linkedin.com/jobs/view/senior-data-scientist-at-skan-ai-4456247269?position=34&pageNum=0&refId=g%2BiHbSL5jCTdItB9MSjHRg%3D%3D&trackingId=jzril%2Bqj%2BYBRJwU6lGmL8Q%3D%3D,4 Days Ago,2026-08-21,Mid-Senior Level,"Python, Deep Learning, Nlp, Spark, Databricks",Full-Time,Not Disclosed,"['Python', 'Deep Learning', 'Nlp', 'Spark', 'Databricks']"
Senior Data Scientist,Aligned Automation,"Pune Division, Maharashtra, India",https://in.linkedin.com/jobs/view/senior-data-scientist-at-aligned-automation-4454272168?position=35&pageNum=0&refId=g%2BiHbSL5jCTdItB9MSjHRg%3D%3D&trackingId=tCwSB%2Bg453ePtszPDkwnHA%3D%3D,1 Week Ago,2026-08-13,Mid-Senior Level,"Python, Machine Learning, Tensorflow, Pytorch, Pandas, Scikit-Learn",Full-Time,Not Disclosed,"['Python', 'Machine Learning', 'Tensorflow', 'Pytorch', 'Pandas', 'Scikit-Learn']"
Senior Data Scientist,Sourcingxpress,"Hyderabad, Telangana, India",https://in.linkedin.com/jobs/view/senior-data-scientist-at-sourcingxpress-4377843079?position=36&pageNum=0&refId=g%2BiHbSL5jCTdItB9MSjHRg%3D%3D&trackingId=eweH3dF6mWbCStwVEDksww%3D%3D,5 Months Ago,2026-02-27,Mid-Senior Level,"Python, Sql, Machine Learning, Aws, Azure, Gcp, Docker, Spark",Full-Time,148333333.33333334,"['Python', 'Sql', 'Machine Learning', 'Aws', 'Azure', 'Gcp', 'Docker', 'Spark']"
Senior Data Scientist,Citiustech,"Hyderabad, Telangana, India",https://in.linkedin.com/jobs/view/senior-data-scientist-at-citiustech-4447280305?position=37&pageNum=0&refId=g%2BiHbSL5jCTdItB9MSjHRg%3D%3D&trackingId=0p2sa8mt2TOx67YbTo%2BXtA%3D%3D,3 Weeks Ago,2026-07-31,Mid-Senior Level,"Python, Sql, Machine Learning, Nlp, Tensorflow, Pytorch, Scikit-Learn, Power Bi, Tableau, Azure, Databricks",Full-Time,169416666.66666666,"['Python', 'Sql', 'Machine Learning', 'Nlp', 'Tensorflow', 'Pytorch', 'Scikit-Learn', 'Power Bi', 'Tableau', 'Azure', 'Databricks']"
Staff Data Scientist – Healthcare,Anblicks,"Hyderabad, Telangana, India",https://in.linkedin.com/jobs/view/staff-data-scientist-%E2%80%93-healthcare-at-anblicks-4425796423?position=38&pageNum=0&refId=g%2BiHbSL5jCTdItB9MSjHRg%3D%3D&trackingId=SOb3%2FNZWagUGAy3c113jzw%3D%3D,2 Months Ago,2026-06-15,Mid-Senior Level,"Python, R, Machine Learning, Deep Learning, Aws, Docker, Kubernetes, Spark, Databricks",Full-Time,Not Disclosed,"['Python', 'R', 'Machine Learning', 'Deep Learning', 'Aws', 'Docker', 'Kubernetes', 'Spark', 'Databricks']"
Machine Learning-Ai And Data Science Engineer Iii,Deloitte,"Chennai, Tamil Nadu, India",https://in.linkedin.com/jobs/view/machine-learning-ai-and-data-science-engineer-iii-at-deloitte-4425095675?position=39&pageNum=0&refId=g%2BiHbSL5jCTdItB9MSjHRg%3D%3D&trackingId=9Zn59RnqlH7HiGEST7cJxg%3D%3D,1 Week Ago,2026-08-15,Experience,"Python, Sql, Machine Learning, Artificial Intelligence, Pandas, Numpy, Scikit-Learn, Tableau, Aws, Azure, Gcp, Docker, Databricks, Git",Full-Time,Not Disclosed,"['Python', 'Sql', 'Machine Learning', 'Artificial Intelligence', 'Pandas', 'Numpy', 'Scikit-Learn', 'Tableau', 'Aws', 'Azure', 'Gcp', 'Docker', 'Databricks', 'Git']"
Senior Data Scientist,Cognite,"Bengaluru, Karnataka, India",https://in.linkedin.com/jobs/view/senior-data-scientist-at-cognite-4446547646?position=40&pageNum=0&refId=g%2BiHbSL5jCTdItB9MSjHRg%3D%3D&trackingId=HH8gU%2FjPPdV%2FJJwGM9pGYg%3D%3D,6 Days Ago,2026-08-19,Mid-Senior Level,"Python, Sql, Machine Learning, Aws, Azure, Gcp, Git",Full-Time,Not Disclosed,"['Python', 'Sql', 'Machine Learning', 'Aws', 'Azure', 'Gcp', 'Git']"
Machine Learning-Lead Ai And Data Science Engineer Ii,Deloitte,"Chennai, Tamil Nadu, India",https://in.linkedin.com/jobs/view/machine-learning-lead-ai-and-data-science-engineer-ii-at-deloitte-4440237541?position=41&pageNum=0&refId=g%2BiHbSL5jCTdItB9MSjHRg%3D%3D&trackingId=CgIpV2%2FiMi7gfmIJJgHrIA%3D%3D,2 Weeks Ago,2026-08-06,Experience,"Python, Sql, Deep Learning, Nlp, Tensorflow, Pytorch, Keras, Aws, Azure, Gcp, Docker, Git",Full-Time,Not Disclosed,"['Python', 'Sql', 'Deep Learning', 'Nlp', 'Tensorflow', 'Pytorch', 'Keras', 'Aws', 'Azure', 'Gcp', 'Docker', 'Git']"
Machine Learning Engineer/Data Engineer,Adient,"Pune City, Maharashtra, India",https://in.linkedin.com/jobs/view/machine-learning-engineer-data-engineer-at-adient-4411506846?position=42&pageNum=0&refId=g%2BiHbSL5jCTdItB9MSjHRg%3D%3D&trackingId=HKa64uZC7x%2BRyHKTLOEHqw%3D%3D,3 Months Ago,2026-05-14,Mid-Senior Level,"Python, Sql, Machine Learning, Pandas, Numpy, Scikit-Learn, Matplotlib, Azure",Full-Time,63750000.0,"['Python', 'Sql', 'Machine Learning', 'Pandas', 'Numpy', 'Scikit-Learn', 'Matplotlib', 'Azure']"
Data Scientist Iii,Navi,"Bangalore Urban, Karnataka, India",https://in.linkedin.com/jobs/view/data-scientist-iii-at-navi-4448539970?position=43&pageNum=0&refId=g%2BiHbSL5jCTdItB9MSjHRg%3D%3D&trackingId=eGuPhfdfyT%2Foinxze3xoIA%3D%3D,3 Weeks Ago,2026-08-04,Mid-Senior Level,"Python, Machine Learning, Deep Learning, Tensorflow, Keras, Scikit-Learn",Full-Time,Not Disclosed,"['Python', 'Machine Learning', 'Deep Learning', 'Tensorflow', 'Keras', 'Scikit-Learn']"
Senior Lead Data Scientist,4Flow,"Bengaluru, Karnataka, India",https://in.linkedin.com/jobs/view/senior-lead-data-scientist-at-4flow-4443937418?position=44&pageNum=0&refId=g%2BiHbSL5jCTdItB9MSjHRg%3D%3D&trackingId=3phzawrqHFY48CZyfPBlnQ%3D%3D,1 Week Ago,2026-08-13,Mid-Senior Level,Machine Learning,Full-Time,Not Disclosed,['Machine Learning']
Lead Data Scientist,Philips,"Bengaluru, Karnataka, India",https://in.linkedin.com/jobs/view/lead-data-scientist-at-philips-4448528032?position=45&pageNum=0&refId=g%2BiHbSL5jCTdItB9MSjHRg%3D%3D&trackingId=ysrX%2BB9bDWlMv5UjTkcS0g%3D%3D,1 Hour Ago,2026-08-26,Mid-Senior Level,"Python, Sql, Machine Learning, Deep Learning, Nlp, Tensorflow, Pytorch, Aws, Azure",Full-Time,Not Disclosed,"['Python', 'Sql', 'Machine Learning', 'Deep Learning', 'Nlp', 'Tensorflow', 'Pytorch', 'Aws', 'Azure']"
Datanimbus - Ml Architect - Data Science,Datanimbus,Greater Kolkata Area,https://in.linkedin.com/jobs/view/datanimbus-ml-architect-data-science-at-datanimbus-4445358620?position=46&pageNum=0&refId=g%2BiHbSL5jCTdItB9MSjHRg%3D%3D&trackingId=%2FL%2FX7OwVHSEGgMfBxLFVhQ%3D%3D,1 Month Ago,2026-07-26,Mid-Senior Level,"Machine Learning, Tensorflow, Pytorch, Pandas, Scikit-Learn, Aws, Azure, Gcp, Spark, Databricks",Full-Time,22583333.333333332,"['Machine Learning', 'Tensorflow', 'Pytorch', 'Pandas', 'Scikit-Learn', 'Aws', 'Azure', 'Gcp', 'Spark', 'Databricks']"
Analyst - Data Scientist,United Airlines India Knowledge Center,"Gurugram, Haryana, India",https://in.linkedin.com/jobs/view/analyst-data-scientist-at-united-airlines-india-knowledge-center-4450731636?position=47&pageNum=0&refId=g%2BiHbSL5jCTdItB9MSjHRg%3D%3D&trackingId=Vzv%2FDKxXiqbmXAGUbdR0Sw%3D%3D,2 Weeks Ago,2026-08-07,Entry Level,"Python, Sql, Machine Learning, Artificial Intelligence, Aws, Azure, Gcp, Git",Full-Time,50900000.0,"['Python', 'Sql', 'Machine Learning', 'Artificial Intelligence', 'Aws', 'Azure', 'Gcp', 'Git']"
Digital Manager,Ey,"Kolkata, West Bengal, India",https://in.linkedin.com/jobs/view/digital-manager-at-ey-4456528091?position=48&pageNum=0&refId=g%2BiHbSL5jCTdItB9MSjHRg%3D%3D&trackingId=wUFLlUwSve%2FpbdAXYnbMzg%3D%3D,1 Day Ago,2026-08-24,Mid-Senior Level,"Python, Sql, Machine Learning, Deep Learning, Azure, Docker, Kubernetes",Full-Time,Not Disclosed,"['Python', 'Sql', 'Machine Learning', 'Deep Learning', 'Azure', 'Docker', 'Kubernetes']"
Senior Data Scientist (5 To 8 Years),Fractal,"Bengaluru, Karnataka, India",https://in.linkedin.com/jobs/view/senior-data-scientist-5-to-8-years-at-fractal-4389546678?position=49&pageNum=0&refId=g%2BiHbSL5jCTdItB9MSjHRg%3D%3D&trackingId=Sl7y5gD0xsVfqytjokinrQ%3D%3D,1 Week Ago,2026-08-14,Mid-Senior Level,"Python, R, Machine Learning, Azure, Gcp, Spark, Databricks",Full-Time,Not Disclosed,"['Python', 'R', 'Machine Learning', 'Azure', 'Gcp', 'Spark', 'Databricks']"
Product Specialist,Bajaj Finserv,"Pune Division, Maharashtra, India",https://in.linkedin.com/jobs/view/product-specialist-at-bajaj-finserv-4420472918?position=50&pageNum=0&refId=g%2BiHbSL5jCTdItB9MSjHRg%3D%3D&trackingId=nZW%2BFA91joH42ogO4IRr2g%3D%3D,2 Months Ago,2026-05-28,Associate,"Python, Sql, Tensorflow, Pytorch, Pandas, Spark, Mongodb, Git",Full-Time,Not Disclosed,"['Python', 'Sql', 'Tensorflow', 'Pytorch', 'Pandas', 'Spark', 'Mongodb', 'Git']"
Data Scientist 10+Yrs,Iqlexa Technologies,"Pune Division, Maharashtra, India",https://in.linkedin.com/jobs/view/data-scientist-10%2Byrs-at-iqlexa-technologies-4454168982?position=51&pageNum=0&refId=g%2BiHbSL5jCTdItB9MSjHRg%3D%3D&trackingId=v4ssp6VQrI8yEeZ1GTdyHA%3D%3D,5 Days Ago,2026-08-21,Entry Level,"Python, Sql, Machine Learning, Deep Learning, Nlp, Tensorflow, Pytorch, Pandas, Numpy, Scikit-Learn, Aws, Azure, Gcp, Spark",Full-Time,Not Disclosed,"['Python', 'Sql', 'Machine Learning', 'Deep Learning', 'Nlp', 'Tensorflow', 'Pytorch', 'Pandas', 'Numpy', 'Scikit-Learn', 'Aws', 'Azure', 'Gcp', 'Spark']"
Data Scientist,Exl,"Pune Division, Maharashtra, India",https://in.linkedin.com/jobs/view/data-scientist-at-exl-4446724288?position=52&pageNum=0&refId=g%2BiHbSL5jCTdItB9MSjHRg%3D%3D&trackingId=iNcBpZcY4IYTo1m0MDTrxA%3D%3D,5 Days Ago,2026-08-20,Mid-Senior Level,"Python, Sql, Machine Learning, Deep Learning, Nlp, Pandas, Numpy, Scikit-Learn, Aws, Azure, Spark, Databricks",Full-Time,42266666.666666664,"['Python', 'Sql', 'Machine Learning', 'Deep Learning', 'Nlp', 'Pandas', 'Numpy', 'Scikit-Learn', 'Aws', 'Azure', 'Spark', 'Databricks']"
Straviso - Data Scientist - Artificial Intelligence/Machine Learning,Straviso,Greater Kolkata Area,https://in.linkedin.com/jobs/view/straviso-data-scientist-artificial-intelligence-machine-learning-at-straviso-4438549287?position=53&pageNum=0&refId=g%2BiHbSL5jCTdItB9MSjHRg%3D%3D&trackingId=FbCbShrgNMSgFfrwH6DUlw%3D%3D,1 Month Ago,2026-07-09,Mid-Senior Level,"Python, Sql, Machine Learning, Deep Learning, Artificial Intelligence, Nlp, Tensorflow, Pytorch, Hugging Face, Scikit-Learn, Aws, Azure, Gcp, Docker, Kubernetes, Git",Full-Time,Not Disclosed,"['Python', 'Sql', 'Machine Learning', 'Deep Learning', 'Artificial Intelligence', 'Nlp', 'Tensorflow', 'Pytorch', 'Hugging Face', 'Scikit-Learn', 'Aws', 'Azure', 'Gcp', 'Docker', 'Kubernetes', 'Git']"
Principal Data Scientist - Digital Health,Alcon,"Bengaluru, Karnataka, India",https://in.linkedin.com/jobs/view/principal-data-scientist-digital-health-at-alcon-4450090718?position=54&pageNum=0&refId=g%2BiHbSL5jCTdItB9MSjHRg%3D%3D&trackingId=kiMNS9ZI99vrq5V9Yl%2BHdg%3D%3D,2 Weeks Ago,2026-08-07,Mid-Senior Level,"Python, Sql, Deep Learning, Aws, Azure, Gcp",Full-Time,Not Disclosed,"['Python', 'Sql', 'Deep Learning', 'Aws', 'Azure', 'Gcp']"
Sr Data Scientist,Here Technologies,Mumbai Metropolitan Region,https://in.linkedin.com/jobs/view/sr-data-scientist-at-here-technologies-4442723388?position=55&pageNum=0&refId=g%2BiHbSL5jCTdItB9MSjHRg%3D%3D&trackingId=2vMupPsXdmOmzDbkHw9tHQ%3D%3D,2 Weeks Ago,2026-08-11,Mid-Senior Level,"Python, Sql, R, Machine Learning, Deep Learning, Spark",Full-Time,2532.5,"['Python', 'Sql', 'R', 'Machine Learning', 'Deep Learning', 'Spark']"
"Data Scientist – Ai, Machine Learning & Analytics",Codeclouds,Greater Kolkata Area,https://in.linkedin.com/jobs/view/data-scientist-%E2%80%93-ai-machine-learning-analytics-at-codeclouds-4435630109?position=56&pageNum=0&refId=g%2BiHbSL5jCTdItB9MSjHRg%3D%3D&trackingId=YQ2JQ%2FGPcTGv1YbNP4RgsQ%3D%3D,2 Months Ago,2026-06-14,Mid-Senior Level,"Machine Learning, Deep Learning",Full-Time,Not Disclosed,"['Machine Learning', 'Deep Learning']"
Lead Data Scientist,Accenture In India,"Kochi, Kerala, India",https://in.linkedin.com/jobs/view/lead-data-scientist-at-accenture-in-india-4448345079?position=57&pageNum=0&refId=g%2BiHbSL5jCTdItB9MSjHRg%3D%3D&trackingId=uMSQHpMGY6nU1PJYSkY4%2FQ%3D%3D,23 Hours Ago,2026-08-25,Mid-Senior Level,"Python, Sql, R, Machine Learning, Tensorflow, Pytorch, Scikit-Learn, Aws, Azure, Gcp, Git",Full-Time,43166666.666666664,"['Python', 'Sql', 'R', 'Machine Learning', 'Tensorflow', 'Pytorch', 'Scikit-Learn', 'Aws', 'Azure', 'Gcp', 'Git']"
Senior Data Scientist,Usefulbi Corporation,"Bengaluru, Karnataka, India",https://in.linkedin.com/jobs/view/senior-data-scientist-at-usefulbi-corporation-4448171986?position=58&pageNum=0&refId=g%2BiHbSL5jCTdItB9MSjHRg%3D%3D&trackingId=%2BqDL8AGr7kX6BjVG2V6SpA%3D%3D,3 Weeks Ago,2026-08-03,Mid-Senior Level,"Python, Sql, Nlp, Tensorflow, Pytorch, Hugging Face, Pandas, Numpy, Scikit-Learn, Aws, Azure, Gcp, Docker, Git",Full-Time,Not Disclosed,"['Python', 'Sql', 'Nlp', 'Tensorflow', 'Pytorch', 'Hugging Face', 'Pandas', 'Numpy', 'Scikit-Learn', 'Aws', 'Azure', 'Gcp', 'Docker', 'Git']"
"Data Scientist Ii , Ultra",Affle,"Gurugram, Haryana, India",https://in.linkedin.com/jobs/view/data-scientist-ii-ultra-at-affle-4450139004?position=59&pageNum=0&refId=g%2BiHbSL5jCTdItB9MSjHRg%3D%3D&trackingId=QsF1yG4exk4qLgOful0eJw%3D%3D,1 Month Ago,2026-07-18,Mid-Senior Level,"Python, Sql, Machine Learning, Gcp",Full-Time,50900000.0,"['Python', 'Sql', 'Machine Learning', 'Gcp']"
Affle India - Data Scientist Ii,Affle,"Gurugram, Haryana, India",https://in.linkedin.com/jobs/view/affle-india-data-scientist-ii-at-affle-4425952117?position=60&pageNum=0&refId=g%2BiHbSL5jCTdItB9MSjHRg%3D%3D&trackingId=RVpQQxTbjDZPHCDdUxpHMQ%3D%3D,2 Months Ago,2026-06-09,Mid-Senior Level,"Python, Sql, Machine Learning, Gcp",Full-Time,50900000.0,"['Python', 'Sql', 'Machine Learning', 'Gcp']"
Data Scientist-Artificial Intelligence,Ibm,"Kochi, Kerala, India",https://in.linkedin.com/jobs/view/data-scientist-artificial-intelligence-at-ibm-4446241710?position=1&pageNum=0&refId=OLB1k8yVwEvdoL6PBLB7Qg%3D%3D&trackingId=tsZthEHp3l9YvfWH9tWiXQ%3D%3D,18 Hours Ago,2026-08-25,Mid-Senior Level,"Python, Sql, Machine Learning, Artificial Intelligence, Nlp, Tensorflow, Pytorch, Keras, Hugging Face, Pandas, Matplotlib, Aws, Azure, Gcp, Kubernetes, Mongodb",Full-Time,43166666.666666664,"['Python', 'Sql', 'Machine Learning', 'Artificial Intelligence', 'Nlp', 'Tensorflow', 'Pytorch', 'Keras', 'Hugging Face', 'Pandas', 'Matplotlib', 'Aws', 'Azure', 'Gcp', 'Kubernetes', 'Mongodb']"
Senior Data Scientist - I,Metlife,"Pune Division, Maharashtra, India",https://in.linkedin.com/jobs/view/senior-data-scientist-i-at-metlife-4455731862?position=2&pageNum=0&refId=OLB1k8yVwEvdoL6PBLB7Qg%3D%3D&trackingId=MH%2BN%2FDdTQk8dDAkxgQTPvw%3D%3D,22 Hours Ago,2026-08-25,Mid-Senior Level,"Python, Machine Learning, Nlp, Tensorflow, Pytorch, Scikit-Learn, Azure",Full-Time,Not Disclosed,"['Python', 'Machine Learning', 'Nlp', 'Tensorflow', 'Pytorch', 'Scikit-Learn', 'Azure']"
Senior Data Scientist,Sourcingxpress,"Gurgaon, Haryana, India",https://in.linkedin.com/jobs/view/senior-data-scientist-at-sourcingxpress-4384572454?position=3&pageNum=0&refId=OLB1k8yVwEvdoL6PBLB7Qg%3D%3D&trackingId=DHG87qoVqE4MtQ%2FlgBbO1A%3D%3D,5 Months Ago,2026-03-16,Mid-Senior Level,"Python, Machine Learning, Deep Learning, Aws, Azure, Gcp, Databricks",Full-Time,85333333.33333333,"['Python', 'Machine Learning', 'Deep Learning', 'Aws', 'Azure', 'Gcp', 'Databricks']"
Sr Advanced Data Scientist,Honeywell Technologies,"Pune Division, Maharashtra, India",https://in.linkedin.com/jobs/view/sr-advanced-data-scientist-at-honeywell-technologies-4445700716?position=4&pageNum=0&refId=OLB1k8yVwEvdoL6PBLB7Qg%3D%3D&trackingId=7iOWN%2FBs4wKuHgY59S8aYg%3D%3D,1 Week Ago,2026-08-18,Mid-Senior Level,"Python, R, Machine Learning, Azure, Databricks",Full-Time,Not Disclosed,"['Python', 'R', 'Machine Learning', 'Azure', 'Databricks']"
Senior Data Scientist I,Metlife,"Pune Division, Maharashtra, India",https://in.linkedin.com/jobs/view/senior-data-scientist-i-at-metlife-4446306265?position=5&pageNum=0&refId=OLB1k8yVwEvdoL6PBLB7Qg%3D%3D&trackingId=vlb4NuIv8Bwhv2DFeB7ovw%3D%3D,3 Weeks Ago,2026-08-03,Mid-Senior Level,"Python, Machine Learning, Nlp, Tensorflow, Pytorch, Scikit-Learn, Azure",Full-Time,Not Disclosed,"['Python', 'Machine Learning', 'Nlp', 'Tensorflow', 'Pytorch', 'Scikit-Learn', 'Azure']"
Senior Data Scientist,Amplify Health,"Gurugram, Haryana, India",https://in.linkedin.com/jobs/view/senior-data-scientist-at-amplify-health-4445437035?position=6&pageNum=0&refId=OLB1k8yVwEvdoL6PBLB7Qg%3D%3D&trackingId=USGNTd2p9BaWoLeI5cYQpw%3D%3D,4 Weeks Ago,2026-07-28,Mid-Senior Level,"Python, Sql, Machine Learning, Deep Learning, Nlp, Tensorflow, Pytorch, Hugging Face, Scikit-Learn, Azure, Docker, Kubernetes, Databricks",Full-Time,85333333.33333333,"['Python', 'Sql', 'Machine Learning', 'Deep Learning', 'Nlp', 'Tensorflow', 'Pytorch', 'Hugging Face', 'Scikit-Learn', 'Azure', 'Docker', 'Kubernetes', 'Databricks']"
Senior Data Scientist,Sei,Greater Hyderabad Area,https://in.linkedin.com/jobs/view/senior-data-scientist-at-sei-4407866688?position=7&pageNum=0&refId=OLB1k8yVwEvdoL6PBLB7Qg%3D%3D&trackingId=3hzr6YR6BAfDcuNHS9tClA%3D%3D,1 Week Ago,2026-08-14,Mid-Senior Level,"Python, Sql, R, Machine Learning, Artificial Intelligence, Tensorflow, Pytorch, Pandas, Scikit-Learn, Matplotlib, Power Bi, Tableau, Aws, Azure, Gcp, Docker, Kubernetes, Spark",Full-Time,169416666.66666666,"['Python', 'Sql', 'R', 'Machine Learning', 'Artificial Intelligence', 'Tensorflow', 'Pytorch', 'Pandas', 'Scikit-Learn', 'Matplotlib', 'Power Bi', 'Tableau', 'Aws', 'Azure', 'Gcp', 'Docker', 'Kubernetes', 'Spark']"
Lead Data Scientist,Atkinsréalis,"Gurgaon, Haryana, India",https://in.linkedin.com/jobs/view/lead-data-scientist-at-atkinsr%C3%A9alis-4446571831?position=8&pageNum=0&refId=OLB1k8yVwEvdoL6PBLB7Qg%3D%3D&trackingId=BdOJiZaqCEdMBQEL4Sat9w%3D%3D,3 Weeks Ago,2026-08-04,Mid-Senior Level,"Python, Machine Learning, Deep Learning, Tensorflow, Pytorch, Hugging Face, Azure",Full-Time,43166666.666666664,"['Python', 'Machine Learning', 'Deep Learning', 'Tensorflow', 'Pytorch', 'Hugging Face', 'Azure']"
Data Scientist - Machine Learning,United Airlines India Knowledge Center,"Gurugram, Haryana, India",https://in.linkedin.com/jobs/view/data-scientist-machine-learning-at-united-airlines-india-knowledge-center-4457838253?position=9&pageNum=0&refId=OLB1k8yVwEvdoL6PBLB7Qg%3D%3D&trackingId=VI%2BeYPQP2hFaDh5QhPgMOw%3D%3D,3 Days Ago,2026-08-22,Mid-Senior Level,"Python, Sql, Machine Learning, Artificial Intelligence, Git",Full-Time,50900000.0,"['Python', 'Sql', 'Machine Learning', 'Artificial Intelligence', 'Git']"
Lead Data Scientist- Gen Ai-Ml- Vice President,Citi,"Chennai, Tamil Nadu, India",https://in.linkedin.com/jobs/view/lead-data-scientist-gen-ai-ml-vice-president-at-citi-4446423940?position=10&pageNum=0&refId=OLB1k8yVwEvdoL6PBLB7Qg%3D%3D&trackingId=7I8%2FWo0%2FjiseFALfVZUL%2BA%3D%3D,5 Days Ago,2026-08-20,Experience,"Python, Sql, Machine Learning, Nlp, Tensorflow, Pytorch, Pandas, Numpy, Scikit-Learn, Matplotlib, Power Bi, Tableau, Git",Full-Time,Not Disclosed,"['Python', 'Sql', 'Machine Learning', 'Nlp', 'Tensorflow', 'Pytorch', 'Pandas', 'Numpy', 'Scikit-Learn', 'Matplotlib', 'Power Bi', 'Tableau', 'Git']"
Sr Advanced Data Scientist,Honeywell Technologies,"Delhi, India",https://in.linkedin.com/jobs/view/sr-advanced-data-scientist-at-honeywell-technologies-4445717520?position=11&pageNum=0&refId=OLB1k8yVwEvdoL6PBLB7Qg%3D%3D&trackingId=6C97oT8jXEH%2B7yBgcZRlWg%3D%3D,1 Week Ago,2026-08-18,Mid-Senior Level,"Python, R, Machine Learning, Azure, Databricks",Full-Time,85333333.33333333,"['Python', 'R', 'Machine Learning', 'Azure', 'Databricks']"
Data Scientist,Thales,"Noida, Uttar Pradesh, India",https://in.linkedin.com/jobs/view/data-scientist-at-thales-4417326819?position=12&pageNum=0&refId=OLB1k8yVwEvdoL6PBLB7Qg%3D%3D&trackingId=NhiQ7zCPdPqiVvNcbc%2FocA%3D%3D,1 Week Ago,2026-08-15,Experience,"Python, Sql, Machine Learning, Artificial Intelligence, Gcp, Databricks",Full-Time,50900000.0,"['Python', 'Sql', 'Machine Learning', 'Artificial Intelligence', 'Gcp', 'Databricks']"
Ai/Ml Data Science / Gen Ai / Mlops,Cognizant,"Chennai, Tamil Nadu, India",https://in.linkedin.com/jobs/view/ai-ml-data-science-gen-ai-mlops-at-cognizant-4447622047?position=13&pageNum=0&refId=OLB1k8yVwEvdoL6PBLB7Qg%3D%3D&trackingId=N3%2Fi0G1fuallkYNiVAyCHA%3D%3D,2 Days Ago,2026-08-23,Mid-Senior Level,"Python, Machine Learning, Tensorflow, Pytorch, Azure, Docker, Kubernetes",Full-Time,63750000.0,"['Python', 'Machine Learning', 'Tensorflow', 'Pytorch', 'Azure', 'Docker', 'Kubernetes']"
Machine Learning Engineer,Simplify Healthcare,"Pune Division, Maharashtra, India",https://in.linkedin.com/jobs/view/machine-learning-engineer-at-simplify-healthcare-4455251418?position=14&pageNum=0&refId=OLB1k8yVwEvdoL6PBLB7Qg%3D%3D&trackingId=3iTTLYtJeYe2eXqSa8SB5A%3D%3D,1 Week Ago,2026-08-17,Mid-Senior Level,"Python, Sql, Aws, Azure, Gcp, Spark, Databricks",Full-Time,Not Disclosed,"['Python', 'Sql', 'Aws', 'Azure', 'Gcp', 'Spark', 'Databricks']"
Senior Data Scientist,"Invoicecloud, Inc.","Hyderabad, Telangana, India",https://in.linkedin.com/jobs/view/senior-data-scientist-at-invoicecloud-inc-4419691849?position=15&pageNum=0&refId=OLB1k8yVwEvdoL6PBLB7Qg%3D%3D&trackingId=O%2FDxJagwOFrrj2py7ojpFA%3D%3D,2 Weeks Ago,2026-08-05,Mid-Senior Level,"Python, Sql, Machine Learning, Deep Learning, Tensorflow, Pytorch, Pandas, Numpy, Scikit-Learn, Aws, Azure, Gcp, Docker, Kubernetes, Databricks, Git",Full-Time,169416666.66666666,"['Python', 'Sql', 'Machine Learning', 'Deep Learning', 'Tensorflow', 'Pytorch', 'Pandas', 'Numpy', 'Scikit-Learn', 'Aws', 'Azure', 'Gcp', 'Docker', 'Kubernetes', 'Databricks', 'Git']"
Principal Data Scientist,Atlassian,Greater Kolkata Area,https://in.linkedin.com/jobs/view/principal-data-scientist-at-atlassian-4454857134?position=16&pageNum=0&refId=OLB1k8yVwEvdoL6PBLB7Qg%3D%3D&trackingId=nlGE0z8i2MHoweCc7u2QaQ%3D%3D,1 Week Ago,2026-08-15,Mid-Senior Level,"Python, Sql, R, Machine Learning, Pandas, Numpy, Scikit-Learn, Matplotlib, Tableau",Full-Time,Not Disclosed,"['Python', 'Sql', 'R', 'Machine Learning', 'Pandas', 'Numpy', 'Scikit-Learn', 'Matplotlib', 'Tableau']"
Data Scientist I,Kroll,"Hyderabad, Telangana, India",https://in.linkedin.com/jobs/view/data-scientist-i-at-kroll-4453474215?position=17&pageNum=0&refId=OLB1k8yVwEvdoL6PBLB7Qg%3D%3D&trackingId=GTxDOh0JvVoajXJvfumJbQ%3D%3D,6 Days Ago,2026-08-19,Entry Level,"Python, Machine Learning, Deep Learning, Nlp, Tensorflow, Pytorch, Hugging Face, Pandas, Numpy, Scikit-Learn, Aws, Azure, Gcp, Spark, Databricks",Full-Time,43166666.666666664,"['Python', 'Machine Learning', 'Deep Learning', 'Nlp', 'Tensorflow', 'Pytorch', 'Hugging Face', 'Pandas', 'Numpy', 'Scikit-Learn', 'Aws', 'Azure', 'Gcp', 'Spark', 'Databricks']"
Data Scientist + Databricks Ai/Ml - Sr Architect,Birlasoft,Pune/Pimpri-Chinchwad Area,https://in.linkedin.com/jobs/view/data-scientist-%2B-databricks-ai-ml-sr-architect-at-birlasoft-4453578053?position=18&pageNum=0&refId=OLB1k8yVwEvdoL6PBLB7Qg%3D%3D&trackingId=9FgL5OvyXp6hJHgyK3NJ3A%3D%3D,1 Week Ago,2026-08-14,Mid-Senior Level,"Python, Sql, Nlp, Tensorflow, Pytorch, Scikit-Learn, Power Bi, Tableau, Aws, Azure, Gcp, Databricks",Full-Time,Not Disclosed,"['Python', 'Sql', 'Nlp', 'Tensorflow', 'Pytorch', 'Scikit-Learn', 'Power Bi', 'Tableau', 'Aws', 'Azure', 'Gcp', 'Databricks']"
Senior Principal Data Scientist,Atkinsréalis,"Bengaluru East, Karnataka, India",https://in.linkedin.com/jobs/view/senior-principal-data-scientist-at-atkinsr%C3%A9alis-4394640162?position=19&pageNum=0&refId=OLB1k8yVwEvdoL6PBLB7Qg%3D%3D&trackingId=4Sjo4h%2F1JrUYF5InB4UOnw%3D%3D,4 Months Ago,2026-04-07,Mid-Senior Level,"Python, Machine Learning, Nlp, Tensorflow, Pytorch, Hugging Face, Aws, Azure",Full-Time,211833333.33333334,"['Python', 'Machine Learning', 'Nlp', 'Tensorflow', 'Pytorch', 'Hugging Face', 'Aws', 'Azure']"
Data Science And Aiml Lead - Aitds,Cognizant,"Hyderabad, Telangana, India",https://in.linkedin.com/jobs/view/data-science-and-aiml-lead-aitds-at-cognizant-4414475083?position=20&pageNum=0&refId=OLB1k8yVwEvdoL6PBLB7Qg%3D%3D&trackingId=%2FY99u628xUkhJKSNtBd4%2FQ%3D%3D,2 Weeks Ago,2026-08-08,Mid-Senior Level,"Python, Machine Learning, Tensorflow, Pytorch, Scikit-Learn, Aws, Azure, Gcp",Full-Time,Not Disclosed,"['Python', 'Machine Learning', 'Tensorflow', 'Pytorch', 'Scikit-Learn', 'Aws', 'Azure', 'Gcp']"
Straviso - Senior Data Scientist - Machine Learning,Straviso,Greater Kolkata Area,https://in.linkedin.com/jobs/view/straviso-senior-data-scientist-machine-learning-at-straviso-4438548274?position=21&pageNum=0&refId=OLB1k8yVwEvdoL6PBLB7Qg%3D%3D&trackingId=71m1Dt7v5w%2BBsVE9Iv7SqQ%3D%3D,1 Month Ago,2026-07-09,Mid-Senior Level,"Python, Sql, Machine Learning, Deep Learning, Artificial Intelligence, Nlp, Tensorflow, Pytorch, Hugging Face, Scikit-Learn, Aws, Azure, Gcp, Docker, Kubernetes, Spark, Git",Full-Time,Not Disclosed,"['Python', 'Sql', 'Machine Learning', 'Deep Learning', 'Artificial Intelligence', 'Nlp', 'Tensorflow', 'Pytorch', 'Hugging Face', 'Scikit-Learn', 'Aws', 'Azure', 'Gcp', 'Docker', 'Kubernetes', 'Spark', 'Git']"
Data Scientist I,Kroll,"New Delhi, Delhi, India",https://in.linkedin.com/jobs/view/data-scientist-i-at-kroll-4453471229?position=22&pageNum=0&refId=OLB1k8yVwEvdoL6PBLB7Qg%3D%3D&trackingId=tpIZjlAx90N0X8zOh5NW4Q%3D%3D,6 Days Ago,2026-08-19,Entry Level,"Python, Machine Learning, Deep Learning, Nlp, Tensorflow, Pytorch, Hugging Face, Pandas, Numpy, Scikit-Learn, Aws, Azure, Gcp, Spark, Databricks",Full-Time,50900000.0,"['Python', 'Machine Learning', 'Deep Learning', 'Nlp', 'Tensorflow', 'Pytorch', 'Hugging Face', 'Pandas', 'Numpy', 'Scikit-Learn', 'Aws', 'Azure', 'Gcp', 'Spark', 'Databricks']"
Data Scientist,Avahi,"Pune Division, Maharashtra, India",https://in.linkedin.com/jobs/view/data-scientist-at-avahi-4436347282?position=23&pageNum=0&refId=OLB1k8yVwEvdoL6PBLB7Qg%3D%3D&trackingId=NKLa0SQgXGRyv%2Fzo3aBc%2FA%3D%3D,1 Week Ago,2026-08-15,Mid-Senior Level,"Python, Pytorch, Aws",Full-Time,Not Disclosed,"['Python', 'Pytorch', 'Aws']"
Staff Data Scientist,Stryker,"Gurugram, Haryana, India",https://in.linkedin.com/jobs/view/staff-data-scientist-at-stryker-4436215738?position=25&pageNum=0&refId=OLB1k8yVwEvdoL6PBLB7Qg%3D%3D&trackingId=8SZs%2Fqf6BfgG%2FlB%2BMC7YlA%3D%3D,1 Month Ago,2026-07-07,Associate,"Python, Sql, Machine Learning, Nlp, Power Bi, Azure, Spark, Databricks, Git",Full-Time,512.5,"['Python', 'Sql', 'Machine Learning', 'Nlp', 'Power Bi', 'Azure', 'Spark', 'Databricks', 'Git']"
Predictive Analytics Data Scientist-Ai Labs,Adani Enterprises Limited,"Ahmedabad, Gujarat, India",https://in.linkedin.com/jobs/view/predictive-analytics-data-scientist-ai-labs-at-adani-enterprises-limited-4427055522?position=26&pageNum=0&refId=OLB1k8yVwEvdoL6PBLB7Qg%3D%3D&trackingId=wjJY6P5yZipmN4l7axTXeQ%3D%3D,1 Week Ago,2026-08-14,Entry Level,"Machine Learning, Deep Learning, Artificial Intelligence, Aws, Azure, Gcp, Docker, Kubernetes",Full-Time,33933333.33333333,"['Machine Learning', 'Deep Learning', 'Artificial Intelligence', 'Aws', 'Azure', 'Gcp', 'Docker', 'Kubernetes']"
Lead Data Scientist,Gartner,"Gurgaon, Haryana, India",https://in.linkedin.com/jobs/view/lead-data-scientist-at-gartner-4446434435?position=27&pageNum=0&refId=OLB1k8yVwEvdoL6PBLB7Qg%3D%3D&trackingId=8%2F1GYZaI3XHDsh9184mqoQ%3D%3D,6 Days Ago,2026-08-20,Experience,"Python, Sql, Machine Learning, Deep Learning, Artificial Intelligence, Nlp, Tensorflow, Pytorch, Pandas, Numpy, Scikit-Learn, Power Bi, Aws, Azure, Gcp, Spark, Databricks",Full-Time,43166666.666666664,"['Python', 'Sql', 'Machine Learning', 'Deep Learning', 'Artificial Intelligence', 'Nlp', 'Tensorflow', 'Pytorch', 'Pandas', 'Numpy', 'Scikit-Learn', 'Power Bi', 'Aws', 'Azure', 'Gcp', 'Spark', 'Databricks']"
"Lead, Data Scientist",Bain & Company,"Gurugram, Haryana, India",https://in.linkedin.com/jobs/view/lead-data-scientist-at-bain-company-4440907806?position=28&pageNum=0&refId=OLB1k8yVwEvdoL6PBLB7Qg%3D%3D&trackingId=miaPLUObGHZnThqr5oNOzg%3D%3D,2 Weeks Ago,2026-08-09,Experience,"Python, Sql, Machine Learning, Deep Learning, Artificial Intelligence, Nlp, Aws, Azure, Gcp, Docker, Spark, Mongodb, Postgresql",Full-Time,43166666.666666664,"['Python', 'Sql', 'Machine Learning', 'Deep Learning', 'Artificial Intelligence', 'Nlp', 'Aws', 'Azure', 'Gcp', 'Docker', 'Spark', 'Mongodb', 'Postgresql']"
Data Scientist-Artificial Intelligence,Ibm,"Pune Division, Maharashtra, India",https://in.linkedin.com/jobs/view/data-scientist-artificial-intelligence-at-ibm-4446243677?position=30&pageNum=0&refId=OLB1k8yVwEvdoL6PBLB7Qg%3D%3D&trackingId=xew69HIqgNxxZq7C3d1iag%3D%3D,19 Hours Ago,2026-08-25,Mid-Senior Level,"Python, Sql, Machine Learning, Artificial Intelligence, Nlp, Tensorflow, Pytorch, Keras, Hugging Face, Pandas, Matplotlib, Aws, Azure, Gcp, Kubernetes, Mongodb",Full-Time,42266666.666666664,"['Python', 'Sql', 'Machine Learning', 'Artificial Intelligence', 'Nlp', 'Tensorflow', 'Pytorch', 'Keras', 'Hugging Face', 'Pandas', 'Matplotlib', 'Aws', 'Azure', 'Gcp', 'Kubernetes', 'Mongodb']"
Lead Data Scientist,Xcaliber Health,"Bengaluru East, Karnataka, India",https://in.linkedin.com/jobs/view/lead-data-scientist-at-xcaliber-health-4434281766?position=31&pageNum=0&refId=OLB1k8yVwEvdoL6PBLB7Qg%3D%3D&trackingId=2JaDhROXHhK15YMJEwX69g%3D%3D,1 Month Ago,2026-06-28,Mid-Senior Level,"Python, Machine Learning, Nlp",Full-Time,Not Disclosed,"['Python', 'Machine Learning', 'Nlp']"
Principal Data Scientist,Jaggaer,Greater Hyderabad Area,https://in.linkedin.com/jobs/view/principal-data-scientist-at-jaggaer-4451521110?position=32&pageNum=0&refId=OLB1k8yVwEvdoL6PBLB7Qg%3D%3D&trackingId=PFsixmIBILfK6BF%2FDWtniA%3D%3D,2 Weeks Ago,2026-08-10,Mid-Senior Level,"Python, Sql, R, Tensorflow, Pytorch, Pandas, Scikit-Learn, Tableau, Aws, Azure, Gcp, Docker, Kubernetes, Git",Full-Time,Not Disclosed,"['Python', 'Sql', 'R', 'Tensorflow', 'Pytorch', 'Pandas', 'Scikit-Learn', 'Tableau', 'Aws', 'Azure', 'Gcp', 'Docker', 'Kubernetes', 'Git']"
Senior Data Scientist,Sonatype,"Hyderabad, Telangana, India",https://in.linkedin.com/jobs/view/senior-data-scientist-at-sonatype-4448280537?position=33&pageNum=0&refId=OLB1k8yVwEvdoL6PBLB7Qg%3D%3D&trackingId=MVyJJPYqp6rTuA4X9cFupw%3D%3D,1 Day Ago,2026-08-25,Associate,"Python, Java, Machine Learning, Deep Learning, Artificial Intelligence, Tensorflow, Pytorch, Scikit-Learn, Aws, Databricks, Git",Full-Time,169416666.66666666,"['Python', 'Java', 'Machine Learning', 'Deep Learning', 'Artificial Intelligence', 'Tensorflow', 'Pytorch', 'Scikit-Learn', 'Aws', 'Databricks', 'Git']"
Senior Data Scientist,Skan Ai,"Bengaluru, Karnataka, India",https://in.linkedin.com/jobs/view/senior-data-scientist-at-skan-ai-4456247269?position=34&pageNum=0&refId=OLB1k8yVwEvdoL6PBLB7Qg%3D%3D&trackingId=IrfsatRTsDWcRAxxx6yQvg%3D%3D,4 Days Ago,2026-08-21,Mid-Senior Level,"Python, Deep Learning, Nlp, Spark, Databricks",Full-Time,Not Disclosed,"['Python', 'Deep Learning', 'Nlp', 'Spark', 'Databricks']"
Senior Data Scientist,Aligned Automation,"Pune Division, Maharashtra, India",https://in.linkedin.com/jobs/view/senior-data-scientist-at-aligned-automation-4454272168?position=35&pageNum=0&refId=OLB1k8yVwEvdoL6PBLB7Qg%3D%3D&trackingId=URyMMjn3THc4FoG6AxqV3A%3D%3D,1 Week Ago,2026-08-13,Mid-Senior Level,"Python, Machine Learning, Tensorflow, Pytorch, Pandas, Scikit-Learn",Full-Time,Not Disclosed,"['Python', 'Machine Learning', 'Tensorflow', 'Pytorch', 'Pandas', 'Scikit-Learn']"
Senior Data Scientist,Sourcingxpress,"Hyderabad, Telangana, India",https://in.linkedin.com/jobs/view/senior-data-scientist-at-sourcingxpress-4377843079?position=36&pageNum=0&refId=OLB1k8yVwEvdoL6PBLB7Qg%3D%3D&trackingId=BBy1iOh9y%2FYIAIJbcWs0NQ%3D%3D,5 Months Ago,2026-02-27,Mid-Senior Level,"Python, Sql, Machine Learning, Aws, Azure, Gcp, Docker, Spark",Full-Time,148333333.33333334,"['Python', 'Sql', 'Machine Learning', 'Aws', 'Azure', 'Gcp', 'Docker', 'Spark']"
Senior Data Scientist,Citiustech,"Hyderabad, Telangana, India",https://in.linkedin.com/jobs/view/senior-data-scientist-at-citiustech-4447280305?position=37&pageNum=0&refId=OLB1k8yVwEvdoL6PBLB7Qg%3D%3D&trackingId=XaCXwjJLIwAkWMkvg%2FkWDQ%3D%3D,3 Weeks Ago,2026-07-31,Mid-Senior Level,"Python, Sql, Machine Learning, Nlp, Tensorflow, Pytorch, Scikit-Learn, Power Bi, Tableau, Azure, Databricks",Full-Time,169416666.66666666,"['Python', 'Sql', 'Machine Learning', 'Nlp', 'Tensorflow', 'Pytorch', 'Scikit-Learn', 'Power Bi', 'Tableau', 'Azure', 'Databricks']"
Staff Data Scientist – Healthcare,Anblicks,"Hyderabad, Telangana, India",https://in.linkedin.com/jobs/view/staff-data-scientist-%E2%80%93-healthcare-at-anblicks-4425796423?position=38&pageNum=0&refId=OLB1k8yVwEvdoL6PBLB7Qg%3D%3D&trackingId=MweE6Wtk0PkkfoNkdT3u%2Bg%3D%3D,2 Months Ago,2026-06-15,Mid-Senior Level,"Python, R, Machine Learning, Deep Learning, Aws, Docker, Kubernetes, Spark, Databricks",Full-Time,Not Disclosed,"['Python', 'R', 'Machine Learning', 'Deep Learning', 'Aws', 'Docker', 'Kubernetes', 'Spark', 'Databricks']"
Machine Learning-Ai And Data Science Engineer Iii,Deloitte,"Chennai, Tamil Nadu, India",https://in.linkedin.com/jobs/view/machine-learning-ai-and-data-science-engineer-iii-at-deloitte-4425095675?position=39&pageNum=0&refId=OLB1k8yVwEvdoL6PBLB7Qg%3D%3D&trackingId=L8SkwapdOw%2BrwrwZaUz%2F2g%3D%3D,1 Week Ago,2026-08-15,Experience,"Python, Sql, Machine Learning, Artificial Intelligence, Pandas, Numpy, Scikit-Learn, Tableau, Aws, Azure, Gcp, Docker, Databricks, Git",Full-Time,Not Disclosed,"['Python', 'Sql', 'Machine Learning', 'Artificial Intelligence', 'Pandas', 'Numpy', 'Scikit-Learn', 'Tableau', 'Aws', 'Azure', 'Gcp', 'Docker', 'Databricks', 'Git']"
Senior Data Scientist,Cognite,"Bengaluru, Karnataka, India",https://in.linkedin.com/jobs/view/senior-data-scientist-at-cognite-4446547646?position=40&pageNum=0&refId=OLB1k8yVwEvdoL6PBLB7Qg%3D%3D&trackingId=Ys%2BzyfnMs%2BlHb%2Bt1JLWa8A%3D%3D,6 Days Ago,2026-08-19,Mid-Senior Level,"Python, Sql, Machine Learning, Aws, Azure, Gcp, Git",Full-Time,Not Disclosed,"['Python', 'Sql', 'Machine Learning', 'Aws', 'Azure', 'Gcp', 'Git']"
Machine Learning-Lead Ai And Data Science Engineer Ii,Deloitte,"Chennai, Tamil Nadu, India",https://in.linkedin.com/jobs/view/machine-learning-lead-ai-and-data-science-engineer-ii-at-deloitte-4440237541?position=41&pageNum=0&refId=OLB1k8yVwEvdoL6PBLB7Qg%3D%3D&trackingId=Hf9QRuQSKEgSjJe2yfD6XA%3D%3D,2 Weeks Ago,2026-08-06,Experience,"Python, Sql, Deep Learning, Nlp, Tensorflow, Pytorch, Keras, Aws, Azure, Gcp, Docker, Git",Full-Time,Not Disclosed,"['Python', 'Sql', 'Deep Learning', 'Nlp', 'Tensorflow', 'Pytorch', 'Keras', 'Aws', 'Azure', 'Gcp', 'Docker', 'Git']"
Machine Learning Engineer/Data Engineer,Adient,"Pune City, Maharashtra, India",https://in.linkedin.com/jobs/view/machine-learning-engineer-data-engineer-at-adient-4411506846?position=42&pageNum=0&refId=OLB1k8yVwEvdoL6PBLB7Qg%3D%3D&trackingId=njuSWwcAFTeW12tSXHEwXw%3D%3D,3 Months Ago,2026-05-14,Mid-Senior Level,"Python, Sql, Machine Learning, Pandas, Numpy, Scikit-Learn, Matplotlib, Azure",Full-Time,63750000.0,"['Python', 'Sql', 'Machine Learning', 'Pandas', 'Numpy', 'Scikit-Learn', 'Matplotlib', 'Azure']"
Data Scientist Iii,Navi,"Bangalore Urban, Karnataka, India",https://in.linkedin.com/jobs/view/data-scientist-iii-at-navi-4448539970?position=43&pageNum=0&refId=OLB1k8yVwEvdoL6PBLB7Qg%3D%3D&trackingId=s%2Fgz5TU0hBSFOKwJb%2B5I6A%3D%3D,3 Weeks Ago,2026-08-04,Mid-Senior Level,"Python, Machine Learning, Deep Learning, Tensorflow, Keras, Scikit-Learn",Full-Time,Not Disclosed,"['Python', 'Machine Learning', 'Deep Learning', 'Tensorflow', 'Keras', 'Scikit-Learn']"
Senior Lead Data Scientist,4Flow,"Bengaluru, Karnataka, India",https://in.linkedin.com/jobs/view/senior-lead-data-scientist-at-4flow-4443937418?position=44&pageNum=0&refId=OLB1k8yVwEvdoL6PBLB7Qg%3D%3D&trackingId=GRBjlWRR4zjAiGiIjXDWaw%3D%3D,1 Week Ago,2026-08-13,Mid-Senior Level,Machine Learning,Full-Time,Not Disclosed,['Machine Learning']
Lead Data Scientist,Philips,"Bengaluru, Karnataka, India",https://in.linkedin.com/jobs/view/lead-data-scientist-at-philips-4448528032?position=45&pageNum=0&refId=OLB1k8yVwEvdoL6PBLB7Qg%3D%3D&trackingId=5Cbw7vIoFtKrrTizY8o67A%3D%3D,1 Hour Ago,2026-08-26,Mid-Senior Level,"Python, Sql, Machine Learning, Deep Learning, Nlp, Tensorflow, Pytorch, Aws, Azure",Full-Time,Not Disclosed,"['Python', 'Sql', 'Machine Learning', 'Deep Learning', 'Nlp', 'Tensorflow', 'Pytorch', 'Aws', 'Azure']"
Datanimbus - Ml Architect - Data Science,Datanimbus,Greater Kolkata Area,https://in.linkedin.com/jobs/view/datanimbus-ml-architect-data-science-at-datanimbus-4445358620?position=46&pageNum=0&refId=OLB1k8yVwEvdoL6PBLB7Qg%3D%3D&trackingId=FCvTKpc%2FHu%2Bd2KGTSVt0Rg%3D%3D,1 Month Ago,2026-07-26,Mid-Senior Level,"Machine Learning, Tensorflow, Pytorch, Pandas, Scikit-Learn, Aws, Azure, Gcp, Spark, Databricks",Full-Time,22583333.333333332,"['Machine Learning', 'Tensorflow', 'Pytorch', 'Pandas', 'Scikit-Learn', 'Aws', 'Azure', 'Gcp', 'Spark', 'Databricks']"
Analyst - Data Scientist,United Airlines India Knowledge Center,"Gurugram, Haryana, India",https://in.linkedin.com/jobs/view/analyst-data-scientist-at-united-airlines-india-knowledge-center-4450731636?position=47&pageNum=0&refId=OLB1k8yVwEvdoL6PBLB7Qg%3D%3D&trackingId=%2BmILjyXbjBkQiVlNcMnBeg%3D%3D,2 Weeks Ago,2026-08-07,Entry Level,"Python, Sql, Machine Learning, Artificial Intelligence, Aws, Azure, Gcp, Git",Full-Time,50900000.0,"['Python', 'Sql', 'Machine Learning', 'Artificial Intelligence', 'Aws', 'Azure', 'Gcp', 'Git']"
Digital Manager,Ey,"Kolkata, West Bengal, India",https://in.linkedin.com/jobs/view/digital-manager-at-ey-4456528091?position=48&pageNum=0&refId=OLB1k8yVwEvdoL6PBLB7Qg%3D%3D&trackingId=c45oNw2XniA4opATVVMzxA%3D%3D,1 Day Ago,2026-08-24,Mid-Senior Level,"Python, Sql, Machine Learning, Deep Learning, Azure, Docker, Kubernetes",Full-Time,Not Disclosed,"['Python', 'Sql', 'Machine Learning', 'Deep Learning', 'Azure', 'Docker', 'Kubernetes']"
Senior Data Scientist (5 To 8 Years),Fractal,"Bengaluru, Karnataka, India",https://in.linkedin.com/jobs/view/senior-data-scientist-5-to-8-years-at-fractal-4389546678?position=49&pageNum=0&refId=OLB1k8yVwEvdoL6PBLB7Qg%3D%3D&trackingId=kflHVkO7WbU3jq9D93VVbw%3D%3D,1 Week Ago,2026-08-14,Mid-Senior Level,"Python, R, Machine Learning, Azure, Gcp, Spark, Databricks",Full-Time,Not Disclosed,"['Python', 'R', 'Machine Learning', 'Azure', 'Gcp', 'Spark', 'Databricks']"
Product Specialist,Bajaj Finserv,"Pune Division, Maharashtra, India",https://in.linkedin.com/jobs/view/product-specialist-at-bajaj-finserv-4420472918?position=50&pageNum=0&refId=OLB1k8yVwEvdoL6PBLB7Qg%3D%3D&trackingId=wV1yB6AeSNbzP6QIXDwuVQ%3D%3D,2 Months Ago,2026-05-28,Associate,"Python, Sql, Tensorflow, Pytorch, Pandas, Spark, Mongodb, Git",Full-Time,Not Disclosed,"['Python', 'Sql', 'Tensorflow', 'Pytorch', 'Pandas', 'Spark', 'Mongodb', 'Git']"
Data Scientist 10+Yrs,Iqlexa Technologies,"Pune Division, Maharashtra, India",https://in.linkedin.com/jobs/view/data-scientist-10%2Byrs-at-iqlexa-technologies-4454168982?position=51&pageNum=0&refId=OLB1k8yVwEvdoL6PBLB7Qg%3D%3D&trackingId=ZeNGXYQ5zgVb53rD9amOiw%3D%3D,5 Days Ago,2026-08-21,Entry Level,"Python, Sql, Machine Learning, Deep Learning, Nlp, Tensorflow, Pytorch, Pandas, Numpy, Scikit-Learn, Aws, Azure, Gcp, Spark",Full-Time,Not Disclosed,"['Python', 'Sql', 'Machine Learning', 'Deep Learning', 'Nlp', 'Tensorflow', 'Pytorch', 'Pandas', 'Numpy', 'Scikit-Learn', 'Aws', 'Azure', 'Gcp', 'Spark']"
Data Scientist,Exl,"Pune Division, Maharashtra, India",https://in.linkedin.com/jobs/view/data-scientist-at-exl-4446724288?position=52&pageNum=0&refId=OLB1k8yVwEvdoL6PBLB7Qg%3D%3D&trackingId=rg7C1Nc%2B%2BqUhJ7MnlPxaNg%3D%3D,5 Days Ago,2026-08-20,Mid-Senior Level,"Python, Sql, Machine Learning, Deep Learning, Nlp, Pandas, Numpy, Scikit-Learn, Aws, Azure, Spark, Databricks",Full-Time,42266666.666666664,"['Python', 'Sql', 'Machine Learning', 'Deep Learning', 'Nlp', 'Pandas', 'Numpy', 'Scikit-Learn', 'Aws', 'Azure', 'Spark', 'Databricks']"
Straviso - Data Scientist - Artificial Intelligence/Machine Learning,Straviso,Greater Kolkata Area,https://in.linkedin.com/jobs/view/straviso-data-scientist-artificial-intelligence-machine-learning-at-straviso-4438549287?position=53&pageNum=0&refId=OLB1k8yVwEvdoL6PBLB7Qg%3D%3D&trackingId=80VzVjZdA9aGglHatSGWyw%3D%3D,1 Month Ago,2026-07-09,Mid-Senior Level,"Python, Sql, Machine Learning, Deep Learning, Artificial Intelligence, Nlp, Tensorflow, Pytorch, Hugging Face, Scikit-Learn, Aws, Azure, Gcp, Docker, Kubernetes, Git",Full-Time,Not Disclosed,"['Python', 'Sql', 'Machine Learning', 'Deep Learning', 'Artificial Intelligence', 'Nlp', 'Tensorflow', 'Pytorch', 'Hugging Face', 'Scikit-Learn', 'Aws', 'Azure', 'Gcp', 'Docker', 'Kubernetes', 'Git']"
Principal Data Scientist - Digital Health,Alcon,"Bengaluru, Karnataka, India",https://in.linkedin.com/jobs/view/principal-data-scientist-digital-health-at-alcon-4450090718?position=54&pageNum=0&refId=OLB1k8yVwEvdoL6PBLB7Qg%3D%3D&trackingId=NHXth42jFLLJ78Zuo%2B6o8g%3D%3D,2 Weeks Ago,2026-08-07,Mid-Senior Level,"Python, Sql, Deep Learning, Aws, Azure, Gcp",Full-Time,Not Disclosed,"['Python', 'Sql', 'Deep Learning', 'Aws', 'Azure', 'Gcp']"
Sr Data Scientist,Here Technologies,Mumbai Metropolitan Region,https://in.linkedin.com/jobs/view/sr-data-scientist-at-here-technologies-4442723388?position=55&pageNum=0&refId=OLB1k8yVwEvdoL6PBLB7Qg%3D%3D&trackingId=f3SZ3DaFnw%2F9zG1%2BXFhu6Q%3D%3D,2 Weeks Ago,2026-08-11,Mid-Senior Level,"Python, Sql, R, Machine Learning, Deep Learning, Spark",Full-Time,2532.5,"['Python', 'Sql', 'R', 'Machine Learning', 'Deep Learning', 'Spark']"
"Data Scientist – Ai, Machine Learning & Analytics",Codeclouds,Greater Kolkata Area,https://in.linkedin.com/jobs/view/data-scientist-%E2%80%93-ai-machine-learning-analytics-at-codeclouds-4435630109?position=56&pageNum=0&refId=OLB1k8yVwEvdoL6PBLB7Qg%3D%3D&trackingId=JEKJ0KdTEMA3mNcNneTsMQ%3D%3D,2 Months Ago,2026-06-14,Mid-Senior Level,"Machine Learning, Deep Learning",Full-Time,Not Disclosed,"['Machine Learning', 'Deep Learning']"
Lead Data Scientist,Accenture In India,"Kochi, Kerala, India",https://in.linkedin.com/jobs/view/lead-data-scientist-at-accenture-in-india-4448345079?position=57&pageNum=0&refId=OLB1k8yVwEvdoL6PBLB7Qg%3D%3D&trackingId=ULhSVvj2eyJWmRYXubR7cQ%3D%3D,23 Hours Ago,2026-08-25,Mid-Senior Level,"Python, Sql, R, Machine Learning, Tensorflow, Pytorch, Scikit-Learn, Aws, Azure, Gcp, Git",Full-Time,43166666.666666664,"['Python', 'Sql', 'R', 'Machine Learning', 'Tensorflow', 'Pytorch', 'Scikit-Learn', 'Aws', 'Azure', 'Gcp', 'Git']"
Senior Data Scientist,Usefulbi Corporation,"Bengaluru, Karnataka, India",https://in.linkedin.com/jobs/view/senior-data-scientist-at-usefulbi-corporation-4448171986?position=58&pageNum=0&refId=OLB1k8yVwEvdoL6PBLB7Qg%3D%3D&trackingId=65amtBxBFI0Am%2F5cgpJrwQ%3D%3D,3 Weeks Ago,2026-08-03,Mid-Senior Level,"Python, Sql, Nlp, Tensorflow, Pytorch, Hugging Face, Pandas, Numpy, Scikit-Learn, Aws, Azure, Gcp, Docker, Git",Full-Time,Not Disclosed,"['Python', 'Sql', 'Nlp', 'Tensorflow', 'Pytorch', 'Hugging Face', 'Pandas', 'Numpy', 'Scikit-Learn', 'Aws', 'Azure', 'Gcp', 'Docker', 'Git']"
"Data Scientist Ii , Ultra",Affle,"Gurugram, Haryana, India",https://in.linkedin.com/jobs/view/data-scientist-ii-ultra-at-affle-4450139004?position=59&pageNum=0&refId=OLB1k8yVwEvdoL6PBLB7Qg%3D%3D&trackingId=zZVIJhx1Xd9RTEBbQhA4rA%3D%3D,1 Month Ago,2026-07-18,Mid-Senior Level,"Python, Sql, Machine Learning, Gcp",Full-Time,50900000.0,"['Python', 'Sql', 'Machine Learning', 'Gcp']"
Affle India - Data Scientist Ii,Affle,"Gurugram, Haryana, India",https://in.linkedin.com/jobs/view/affle-india-data-scientist-ii-at-affle-4425952117?position=60&pageNum=0&refId=OLB1k8yVwEvdoL6PBLB7Qg%3D%3D&trackingId=wojt0vQUnbg3Ihnhi9OQLQ%3D%3D,2 Months Ago,2026-06-09,Mid-Senior Level,"Python, Sql, Machine Learning, Gcp",Full-Time,50900000.0,"['Python', 'Sql', 'Machine Learning', 'Gcp']"
Senior Data Scientist - I,Metlife,"Pune Division, Maharashtra, India",https://in.linkedin.com/jobs/view/senior-data-scientist-i-at-metlife-4455731862?position=2&pageNum=0&refId=I3bqPSYc%2BdbHpyUH%2FoISgw%3D%3D&trackingId=HnhkEy5QhXaZ0IT52q7bkA%3D%3D,22 Hours Ago,2026-08-25,Mid-Senior Level,"Python, Machine Learning, Nlp, Tensorflow, Pytorch, Scikit-Learn, Azure",Full-Time,Not Disclosed,"['Python', 'Machine Learning', 'Nlp', 'Tensorflow', 'Pytorch', 'Scikit-Learn', 'Azure']"
Senior Data Scientist,Sourcingxpress,"Gurgaon, Haryana, India",https://in.linkedin.com/jobs/view/senior-data-scientist-at-sourcingxpress-4384572454?position=3&pageNum=0&refId=I3bqPSYc%2BdbHpyUH%2FoISgw%3D%3D&trackingId=jE22bM0YoGB%2Fwk%2Ftp1Ad6g%3D%3D,5 Months Ago,2026-03-16,Mid-Senior Level,"Python, Machine Learning, Deep Learning, Aws, Azure, Gcp, Databricks",Full-Time,85333333.33333333,"['Python', 'Machine Learning', 'Deep Learning', 'Aws', 'Azure', 'Gcp', 'Databricks']"
Sr Advanced Data Scientist,Honeywell Technologies,"Pune Division, Maharashtra, India",https://in.linkedin.com/jobs/view/sr-advanced-data-scientist-at-honeywell-technologies-4445700716?position=4&pageNum=0&refId=I3bqPSYc%2BdbHpyUH%2FoISgw%3D%3D&trackingId=Fk%2FZs5q9D3rharvDzpUzCw%3D%3D,1 Week Ago,2026-08-18,Mid-Senior Level,"Python, R, Machine Learning, Azure, Databricks",Full-Time,Not Disclosed,"['Python', 'R', 'Machine Learning', 'Azure', 'Databricks']"
Senior Data Scientist I,Metlife,"Pune Division, Maharashtra, India",https://in.linkedin.com/jobs/view/senior-data-scientist-i-at-metlife-4446306265?position=5&pageNum=0&refId=I3bqPSYc%2BdbHpyUH%2FoISgw%3D%3D&trackingId=lYTUqCHKeLDjyPixyvb9XQ%3D%3D,3 Weeks Ago,2026-08-03,Mid-Senior Level,"Python, Machine Learning, Nlp, Tensorflow, Pytorch, Scikit-Learn, Azure",Full-Time,Not Disclosed,"['Python', 'Machine Learning', 'Nlp', 'Tensorflow', 'Pytorch', 'Scikit-Learn', 'Azure']"
Senior Data Scientist,Amplify Health,"Gurugram, Haryana, India",https://in.linkedin.com/jobs/view/senior-data-scientist-at-amplify-health-4445437035?position=6&pageNum=0&refId=I3bqPSYc%2BdbHpyUH%2FoISgw%3D%3D&trackingId=Y6J3S%2BJLzvcDOBBCiU6W2Q%3D%3D,4 Weeks Ago,2026-07-28,Mid-Senior Level,"Python, Sql, Machine Learning, Deep Learning, Nlp, Tensorflow, Pytorch, Hugging Face, Scikit-Learn, Azure, Docker, Kubernetes, Databricks",Full-Time,85333333.33333333,"['Python', 'Sql', 'Machine Learning', 'Deep Learning', 'Nlp', 'Tensorflow', 'Pytorch', 'Hugging Face', 'Scikit-Learn', 'Azure', 'Docker', 'Kubernetes', 'Databricks']"
Senior Data Scientist,Sei,Greater Hyderabad Area,https://in.linkedin.com/jobs/view/senior-data-scientist-at-sei-4407866688?position=7&pageNum=0&refId=I3bqPSYc%2BdbHpyUH%2FoISgw%3D%3D&trackingId=49%2B4xQQzLXJiB2RYJfn5wg%3D%3D,1 Week Ago,2026-08-14,Mid-Senior Level,"Python, Sql, R, Machine Learning, Artificial Intelligence, Tensorflow, Pytorch, Pandas, Scikit-Learn, Matplotlib, Power Bi, Tableau, Aws, Azure, Gcp, Docker, Kubernetes, Spark",Full-Time,169416666.66666666,"['Python', 'Sql', 'R', 'Machine Learning', 'Artificial Intelligence', 'Tensorflow', 'Pytorch', 'Pandas', 'Scikit-Learn', 'Matplotlib', 'Power Bi', 'Tableau', 'Aws', 'Azure', 'Gcp', 'Docker', 'Kubernetes', 'Spark']"
Lead Data Scientist,Atkinsréalis,"Gurgaon, Haryana, India",https://in.linkedin.com/jobs/view/lead-data-scientist-at-atkinsr%C3%A9alis-4446571831?position=8&pageNum=0&refId=I3bqPSYc%2BdbHpyUH%2FoISgw%3D%3D&trackingId=k2gxLubXsxN%2F8JjrN6%2BX%2Fg%3D%3D,3 Weeks Ago,2026-08-04,Mid-Senior Level,"Python, Machine Learning, Deep Learning, Tensorflow, Pytorch, Hugging Face, Azure",Full-Time,43166666.666666664,"['Python', 'Machine Learning', 'Deep Learning', 'Tensorflow', 'Pytorch', 'Hugging Face', 'Azure']"
Data Scientist - Machine Learning,United Airlines India Knowledge Center,"Gurugram, Haryana, India",https://in.linkedin.com/jobs/view/data-scientist-machine-learning-at-united-airlines-india-knowledge-center-4457838253?position=9&pageNum=0&refId=I3bqPSYc%2BdbHpyUH%2FoISgw%3D%3D&trackingId=k58yXtTjTmZ%2FgDFiRDMzLg%3D%3D,3 Days Ago,2026-08-22,Mid-Senior Level,"Python, Sql, Machine Learning, Artificial Intelligence, Git",Full-Time,50900000.0,"['Python', 'Sql', 'Machine Learning', 'Artificial Intelligence', 'Git']"
Lead Data Scientist- Gen Ai-Ml- Vice President,Citi,"Chennai, Tamil Nadu, India",https://in.linkedin.com/jobs/view/lead-data-scientist-gen-ai-ml-vice-president-at-citi-4446423940?position=10&pageNum=0&refId=I3bqPSYc%2BdbHpyUH%2FoISgw%3D%3D&trackingId=rcYW4%2FFX2N4csFRG1ntpVw%3D%3D,5 Days Ago,2026-08-20,Experience,"Python, Sql, Machine Learning, Nlp, Tensorflow, Pytorch, Pandas, Numpy, Scikit-Learn, Matplotlib, Power Bi, Tableau, Git",Full-Time,Not Disclosed,"['Python', 'Sql', 'Machine Learning', 'Nlp', 'Tensorflow', 'Pytorch', 'Pandas', 'Numpy', 'Scikit-Learn', 'Matplotlib', 'Power Bi', 'Tableau', 'Git']"
Sr Advanced Data Scientist,Honeywell Technologies,"Delhi, India",https://in.linkedin.com/jobs/view/sr-advanced-data-scientist-at-honeywell-technologies-4445717520?position=11&pageNum=0&refId=I3bqPSYc%2BdbHpyUH%2FoISgw%3D%3D&trackingId=vh1TJqGo4eNnVZAizh5LJg%3D%3D,1 Week Ago,2026-08-18,Mid-Senior Level,"Python, R, Machine Learning, Azure, Databricks",Full-Time,85333333.33333333,"['Python', 'R', 'Machine Learning', 'Azure', 'Databricks']"
Data Scientist,Thales,"Noida, Uttar Pradesh, India",https://in.linkedin.com/jobs/view/data-scientist-at-thales-4417326819?position=12&pageNum=0&refId=I3bqPSYc%2BdbHpyUH%2FoISgw%3D%3D&trackingId=KCsIlZn06zFgi%2FbPvrelzg%3D%3D,1 Week Ago,2026-08-15,Experience,"Python, Sql, Machine Learning, Artificial Intelligence, Gcp, Databricks",Full-Time,50900000.0,"['Python', 'Sql', 'Machine Learning', 'Artificial Intelligence', 'Gcp', 'Databricks']"
Ai/Ml Data Science / Gen Ai / Mlops,Cognizant,"Chennai, Tamil Nadu, India",https://in.linkedin.com/jobs/view/ai-ml-data-science-gen-ai-mlops-at-cognizant-4447622047?position=13&pageNum=0&refId=I3bqPSYc%2BdbHpyUH%2FoISgw%3D%3D&trackingId=MhczvCK00P34Mzu31m9mzw%3D%3D,2 Days Ago,2026-08-23,Mid-Senior Level,"Python, Machine Learning, Tensorflow, Pytorch, Azure, Docker, Kubernetes",Full-Time,63750000.0,"['Python', 'Machine Learning', 'Tensorflow', 'Pytorch', 'Azure', 'Docker', 'Kubernetes']"
Machine Learning Engineer,Simplify Healthcare,"Pune Division, Maharashtra, India",https://in.linkedin.com/jobs/view/machine-learning-engineer-at-simplify-healthcare-4455251418?position=14&pageNum=0&refId=I3bqPSYc%2BdbHpyUH%2FoISgw%3D%3D&trackingId=L6B00bWV6LPUFaoWwiXK6w%3D%3D,1 Week Ago,2026-08-17,Mid-Senior Level,"Python, Sql, Aws, Azure, Gcp, Spark, Databricks",Full-Time,Not Disclosed,"['Python', 'Sql', 'Aws', 'Azure', 'Gcp', 'Spark', 'Databricks']"
Senior Data Scientist,"Invoicecloud, Inc.","Hyderabad, Telangana, India",https://in.linkedin.com/jobs/view/senior-data-scientist-at-invoicecloud-inc-4419691849?position=15&pageNum=0&refId=I3bqPSYc%2BdbHpyUH%2FoISgw%3D%3D&trackingId=1n%2Bm6wR2655XeqWV6ZtzHw%3D%3D,2 Weeks Ago,2026-08-05,Mid-Senior Level,"Python, Sql, Machine Learning, Deep Learning, Tensorflow, Pytorch, Pandas, Numpy, Scikit-Learn, Aws, Azure, Gcp, Docker, Kubernetes, Databricks, Git",Full-Time,169416666.66666666,"['Python', 'Sql', 'Machine Learning', 'Deep Learning', 'Tensorflow', 'Pytorch', 'Pandas', 'Numpy', 'Scikit-Learn', 'Aws', 'Azure', 'Gcp', 'Docker', 'Kubernetes', 'Databricks', 'Git']"
Principal Data Scientist,Atlassian,Greater Kolkata Area,https://in.linkedin.com/jobs/view/principal-data-scientist-at-atlassian-4454857134?position=16&pageNum=0&refId=I3bqPSYc%2BdbHpyUH%2FoISgw%3D%3D&trackingId=VdDOTyA8bKVy0tnwgNNoWQ%3D%3D,1 Week Ago,2026-08-15,Mid-Senior Level,"Python, Sql, R, Machine Learning, Pandas, Numpy, Scikit-Learn, Matplotlib, Tableau",Full-Time,Not Disclosed,"['Python', 'Sql', 'R', 'Machine Learning', 'Pandas', 'Numpy', 'Scikit-Learn', 'Matplotlib', 'Tableau']"
Data Scientist I,Kroll,"Hyderabad, Telangana, India",https://in.linkedin.com/jobs/view/data-scientist-i-at-kroll-4453474215?position=17&pageNum=0&refId=I3bqPSYc%2BdbHpyUH%2FoISgw%3D%3D&trackingId=zc9iWiLUYKBFugKdlKlESQ%3D%3D,6 Days Ago,2026-08-19,Entry Level,"Python, Machine Learning, Deep Learning, Nlp, Tensorflow, Pytorch, Hugging Face, Pandas, Numpy, Scikit-Learn, Aws, Azure, Gcp, Spark, Databricks",Full-Time,43166666.666666664,"['Python', 'Machine Learning', 'Deep Learning', 'Nlp', 'Tensorflow', 'Pytorch', 'Hugging Face', 'Pandas', 'Numpy', 'Scikit-Learn', 'Aws', 'Azure', 'Gcp', 'Spark', 'Databricks']"
Data Scientist + Databricks Ai/Ml - Sr Architect,Birlasoft,Pune/Pimpri-Chinchwad Area,https://in.linkedin.com/jobs/view/data-scientist-%2B-databricks-ai-ml-sr-architect-at-birlasoft-4453578053?position=18&pageNum=0&refId=I3bqPSYc%2BdbHpyUH%2FoISgw%3D%3D&trackingId=%2FWCyDqWuhwgOOvlNjdWCtQ%3D%3D,1 Week Ago,2026-08-14,Mid-Senior Level,"Python, Sql, Nlp, Tensorflow, Pytorch, Scikit-Learn, Power Bi, Tableau, Aws, Azure, Gcp, Databricks",Full-Time,Not Disclosed,"['Python', 'Sql', 'Nlp', 'Tensorflow', 'Pytorch', 'Scikit-Learn', 'Power Bi', 'Tableau', 'Aws', 'Azure', 'Gcp', 'Databricks']"
Data Science And Aiml Lead - Aitds,Cognizant,"Hyderabad, Telangana, India",https://in.linkedin.com/jobs/view/data-science-and-aiml-lead-aitds-at-cognizant-4414475083?position=20&pageNum=0&refId=I3bqPSYc%2BdbHpyUH%2FoISgw%3D%3D&trackingId=NSA11z%2B6mY0o7sGBoLJmAw%3D%3D,2 Weeks Ago,2026-08-08,Mid-Senior Level,"Python, Machine Learning, Tensorflow, Pytorch, Scikit-Learn, Aws, Azure, Gcp",Full-Time,Not Disclosed,"['Python', 'Machine Learning', 'Tensorflow', 'Pytorch', 'Scikit-Learn', 'Aws', 'Azure', 'Gcp']"
Data Scientist,Avahi,"Pune Division, Maharashtra, India",https://in.linkedin.com/jobs/view/data-scientist-at-avahi-4436347282?position=23&pageNum=0&refId=I3bqPSYc%2BdbHpyUH%2FoISgw%3D%3D&trackingId=G5Dcrp9%2F1%2FW2KY3wlHrjQQ%3D%3D,1 Week Ago,2026-08-15,Mid-Senior Level,"Python, Pytorch, Aws",Full-Time,Not Disclosed,"['Python', 'Pytorch', 'Aws']"
Data Scientist – Mortgage Analytics & Ai,Loandna,"Chennai, Tamil Nadu, India",https://in.linkedin.com/jobs/view/data-scientist-%E2%80%93-mortgage-analytics-ai-at-loandna-4453688615?position=24&pageNum=0&refId=I3bqPSYc%2BdbHpyUH%2FoISgw%3D%3D&trackingId=GvNhM2nDJqL3TuTtoFofTg%3D%3D,1 Week Ago,2026-08-13,Mid-Senior Level,"Python, Sql, Machine Learning, Deep Learning, Tensorflow, Pytorch, Pandas, Numpy, Scikit-Learn, Aws, Azure, Docker, Kubernetes, Databricks, Git",Full-Time,43166666.666666664,"['Python', 'Sql', 'Machine Learning', 'Deep Learning', 'Tensorflow', 'Pytorch', 'Pandas', 'Numpy', 'Scikit-Learn', 'Aws', 'Azure', 'Docker', 'Kubernetes', 'Databricks', 'Git']"
Staff Data Scientist,Stryker,"Gurugram, Haryana, India",https://in.linkedin.com/jobs/view/staff-data-scientist-at-stryker-4436215738?position=25&pageNum=0&refId=I3bqPSYc%2BdbHpyUH%2FoISgw%3D%3D&trackingId=26vDdQToLrM%2FYxHl11JCPw%3D%3D,1 Month Ago,2026-07-07,Associate,"Python, Sql, Machine Learning, Nlp, Power Bi, Azure, Spark, Databricks, Git",Full-Time,512.5,"['Python', 'Sql', 'Machine Learning', 'Nlp', 'Power Bi', 'Azure', 'Spark', 'Databricks', 'Git']"
Predictive Analytics Data Scientist-Ai Labs,Adani Enterprises Limited,"Ahmedabad, Gujarat, India",https://in.linkedin.com/jobs/view/predictive-analytics-data-scientist-ai-labs-at-adani-enterprises-limited-4427055522?position=26&pageNum=0&refId=I3bqPSYc%2BdbHpyUH%2FoISgw%3D%3D&trackingId=qds5y8Ogu0svjCSp2Yl6OA%3D%3D,1 Week Ago,2026-08-14,Entry Level,"Machine Learning, Deep Learning, Artificial Intelligence, Aws, Azure, Gcp, Docker, Kubernetes",Full-Time,33933333.33333333,"['Machine Learning', 'Deep Learning', 'Artificial Intelligence', 'Aws', 'Azure', 'Gcp', 'Docker', 'Kubernetes']"
Lead Data Scientist,Gartner,"Gurgaon, Haryana, India",https://in.linkedin.com/jobs/view/lead-data-scientist-at-gartner-4446434435?position=27&pageNum=0&refId=I3bqPSYc%2BdbHpyUH%2FoISgw%3D%3D&trackingId=ki6zZZZAjOR0piJxYXYvWw%3D%3D,6 Days Ago,2026-08-20,Experience,"Python, Sql, Machine Learning, Deep Learning, Artificial Intelligence, Nlp, Tensorflow, Pytorch, Pandas, Numpy, Scikit-Learn, Power Bi, Aws, Azure, Gcp, Spark, Databricks",Full-Time,43166666.666666664,"['Python', 'Sql', 'Machine Learning', 'Deep Learning', 'Artificial Intelligence', 'Nlp', 'Tensorflow', 'Pytorch', 'Pandas', 'Numpy', 'Scikit-Learn', 'Power Bi', 'Aws', 'Azure', 'Gcp', 'Spark', 'Databricks']"
"Lead, Data Scientist",Bain & Company,"Gurugram, Haryana, India",https://in.linkedin.com/jobs/view/lead-data-scientist-at-bain-company-4440907806?position=28&pageNum=0&refId=I3bqPSYc%2BdbHpyUH%2FoISgw%3D%3D&trackingId=wvxN9ssRIWh4FVc3vEBcUw%3D%3D,2 Weeks Ago,2026-08-09,Experience,"Python, Sql, Machine Learning, Deep Learning, Artificial Intelligence, Nlp, Aws, Azure, Gcp, Docker, Spark, Mongodb, Postgresql",Full-Time,43166666.666666664,"['Python', 'Sql', 'Machine Learning', 'Deep Learning', 'Artificial Intelligence', 'Nlp', 'Aws', 'Azure', 'Gcp', 'Docker', 'Spark', 'Mongodb', 'Postgresql']"
Senior Data Scientist,"Fourkites, Inc.",Greater Chennai Area,https://in.linkedin.com/jobs/view/senior-data-scientist-at-fourkites-inc-4458585972?position=29&pageNum=0&refId=I3bqPSYc%2BdbHpyUH%2FoISgw%3D%3D&trackingId=2QST1d%2Be9%2Fm4Tir%2BazZRZQ%3D%3D,1 Day Ago,2026-08-25,Mid-Senior Level,"Python, Sql, Machine Learning, Nlp, Pandas, Scikit-Learn, Aws",Full-Time,Not Disclosed,"['Python', 'Sql', 'Machine Learning', 'Nlp', 'Pandas', 'Scikit-Learn', 'Aws']"
Data Scientist-Artificial Intelligence,Ibm,"Pune Division, Maharashtra, India",https://in.linkedin.com/jobs/view/data-scientist-artificial-intelligence-at-ibm-4446243677?position=30&pageNum=0&refId=I3bqPSYc%2BdbHpyUH%2FoISgw%3D%3D&trackingId=KO5NXI3yGBRLwrund1Li5A%3D%3D,19 Hours Ago,2026-08-25,Mid-Senior Level,"Python, Sql, Machine Learning, Artificial Intelligence, Nlp, Tensorflow, Pytorch, Keras, Hugging Face, Pandas, Matplotlib, Aws, Azure, Gcp, Kubernetes, Mongodb",Full-Time,42266666.666666664,"['Python', 'Sql', 'Machine Learning', 'Artificial Intelligence', 'Nlp', 'Tensorflow', 'Pytorch', 'Keras', 'Hugging Face', 'Pandas', 'Matplotlib', 'Aws', 'Azure', 'Gcp', 'Kubernetes', 'Mongodb']"
Lead Data Scientist,Xcaliber Health,"Bengaluru East, Karnataka, India",https://in.linkedin.com/jobs/view/lead-data-scientist-at-xcaliber-health-4434281766?position=31&pageNum=0&refId=I3bqPSYc%2BdbHpyUH%2FoISgw%3D%3D&trackingId=4NEWa95gb1fXpDh9ncUepg%3D%3D,1 Month Ago,2026-06-28,Mid-Senior Level,"Python, Machine Learning, Nlp",Full-Time,Not Disclosed,"['Python', 'Machine Learning', 'Nlp']"
Principal Data Scientist,Jaggaer,Greater Hyderabad Area,https://in.linkedin.com/jobs/view/principal-data-scientist-at-jaggaer-4451521110?position=32&pageNum=0&refId=I3bqPSYc%2BdbHpyUH%2FoISgw%3D%3D&trackingId=lUgGf6jCe1qrn0u0P17T%2Fw%3D%3D,2 Weeks Ago,2026-08-10,Mid-Senior Level,"Python, Sql, R, Tensorflow, Pytorch, Pandas, Scikit-Learn, Tableau, Aws, Azure, Gcp, Docker, Kubernetes, Git",Full-Time,Not Disclosed,"['Python', 'Sql', 'R', 'Tensorflow', 'Pytorch', 'Pandas', 'Scikit-Learn', 'Tableau', 'Aws', 'Azure', 'Gcp', 'Docker', 'Kubernetes', 'Git']"
Senior Data Scientist,Sonatype,"Hyderabad, Telangana, India",https://in.linkedin.com/jobs/view/senior-data-scientist-at-sonatype-4448280537?position=33&pageNum=0&refId=I3bqPSYc%2BdbHpyUH%2FoISgw%3D%3D&trackingId=xe3y8r2cKHas0AuQgA9zKw%3D%3D,1 Day Ago,2026-08-25,Associate,"Python, Java, Machine Learning, Deep Learning, Artificial Intelligence, Tensorflow, Pytorch, Scikit-Learn, Aws, Databricks, Git",Full-Time,169416666.66666666,"['Python', 'Java', 'Machine Learning', 'Deep Learning', 'Artificial Intelligence', 'Tensorflow', 'Pytorch', 'Scikit-Learn', 'Aws', 'Databricks', 'Git']"
Senior Data Scientist,Skan Ai,"Bengaluru, Karnataka, India",https://in.linkedin.com/jobs/view/senior-data-scientist-at-skan-ai-4456247269?position=34&pageNum=0&refId=I3bqPSYc%2BdbHpyUH%2FoISgw%3D%3D&trackingId=QB%2F4agm5ob3H4E1yGacqoQ%3D%3D,4 Days Ago,2026-08-21,Mid-Senior Level,"Python, Deep Learning, Nlp, Spark, Databricks",Full-Time,Not Disclosed,"['Python', 'Deep Learning', 'Nlp', 'Spark', 'Databricks']"
Senior Data Scientist,Aligned Automation,"Pune Division, Maharashtra, India",https://in.linkedin.com/jobs/view/senior-data-scientist-at-aligned-automation-4454272168?position=35&pageNum=0&refId=I3bqPSYc%2BdbHpyUH%2FoISgw%3D%3D&trackingId=%2FOjl5Vp6q%2BCB2xvlyHVajg%3D%3D,1 Week Ago,2026-08-13,Mid-Senior Level,"Python, Machine Learning, Tensorflow, Pytorch, Pandas, Scikit-Learn",Full-Time,Not Disclosed,"['Python', 'Machine Learning', 'Tensorflow', 'Pytorch', 'Pandas', 'Scikit-Learn']"
Senior Data Scientist,Sourcingxpress,"Hyderabad, Telangana, India",https://in.linkedin.com/jobs/view/senior-data-scientist-at-sourcingxpress-4377843079?position=36&pageNum=0&refId=I3bqPSYc%2BdbHpyUH%2FoISgw%3D%3D&trackingId=991cRBmR9y8xSJK1fBH1zw%3D%3D,5 Months Ago,2026-02-27,Mid-Senior Level,"Python, Sql, Machine Learning, Aws, Azure, Gcp, Docker, Spark",Full-Time,148333333.33333334,"['Python', 'Sql', 'Machine Learning', 'Aws', 'Azure', 'Gcp', 'Docker', 'Spark']"
Senior Data Scientist,Citiustech,"Hyderabad, Telangana, India",https://in.linkedin.com/jobs/view/senior-data-scientist-at-citiustech-4447280305?position=37&pageNum=0&refId=I3bqPSYc%2BdbHpyUH%2FoISgw%3D%3D&trackingId=TtSJTpaUebvPMtG2%2BHkAcA%3D%3D,3 Weeks Ago,2026-07-31,Mid-Senior Level,"Python, Sql, Machine Learning, Nlp, Tensorflow, Pytorch, Scikit-Learn, Power Bi, Tableau, Azure, Databricks",Full-Time,169416666.66666666,"['Python', 'Sql', 'Machine Learning', 'Nlp', 'Tensorflow', 'Pytorch', 'Scikit-Learn', 'Power Bi', 'Tableau', 'Azure', 'Databricks']"
Staff Data Scientist – Healthcare,Anblicks,"Hyderabad, Telangana, India",https://in.linkedin.com/jobs/view/staff-data-scientist-%E2%80%93-healthcare-at-anblicks-4425796423?position=38&pageNum=0&refId=I3bqPSYc%2BdbHpyUH%2FoISgw%3D%3D&trackingId=RnUSivaK6BhBr666toBozg%3D%3D,2 Months Ago,2026-06-15,Mid-Senior Level,"Python, R, Machine Learning, Deep Learning, Aws, Docker, Kubernetes, Spark, Databricks",Full-Time,Not Disclosed,"['Python', 'R', 'Machine Learning', 'Deep Learning', 'Aws', 'Docker', 'Kubernetes', 'Spark', 'Databricks']"
Machine Learning-Ai And Data Science Engineer Iii,Deloitte,"Chennai, Tamil Nadu, India",https://in.linkedin.com/jobs/view/machine-learning-ai-and-data-science-engineer-iii-at-deloitte-4425095675?position=39&pageNum=0&refId=I3bqPSYc%2BdbHpyUH%2FoISgw%3D%3D&trackingId=WvwxDdI9hrm7xzGW3ZB7LQ%3D%3D,1 Week Ago,2026-08-15,Experience,"Python, Sql, Machine Learning, Artificial Intelligence, Pandas, Numpy, Scikit-Learn, Tableau, Aws, Azure, Gcp, Docker, Databricks, Git",Full-Time,Not Disclosed,"['Python', 'Sql', 'Machine Learning', 'Artificial Intelligence', 'Pandas', 'Numpy', 'Scikit-Learn', 'Tableau', 'Aws', 'Azure', 'Gcp', 'Docker', 'Databricks', 'Git']"
Senior Data Scientist,Cognite,"Bengaluru, Karnataka, India",https://in.linkedin.com/jobs/view/senior-data-scientist-at-cognite-4446547646?position=40&pageNum=0&refId=I3bqPSYc%2BdbHpyUH%2FoISgw%3D%3D&trackingId=bOXqnU8uU5JUcW4binGJcA%3D%3D,6 Days Ago,2026-08-19,Mid-Senior Level,"Python, Sql, Machine Learning, Aws, Azure, Gcp, Git",Full-Time,Not Disclosed,"['Python', 'Sql', 'Machine Learning', 'Aws', 'Azure', 'Gcp', 'Git']"
Machine Learning-Lead Ai And Data Science Engineer Ii,Deloitte,"Chennai, Tamil Nadu, India",https://in.linkedin.com/jobs/view/machine-learning-lead-ai-and-data-science-engineer-ii-at-deloitte-4440237541?position=41&pageNum=0&refId=I3bqPSYc%2BdbHpyUH%2FoISgw%3D%3D&trackingId=HQ9kDn6CUNqI0rVUHsDOqg%3D%3D,2 Weeks Ago,2026-08-06,Experience,"Python, Sql, Deep Learning, Nlp, Tensorflow, Pytorch, Keras, Aws, Azure, Gcp, Docker, Git",Full-Time,Not Disclosed,"['Python', 'Sql', 'Deep Learning', 'Nlp', 'Tensorflow', 'Pytorch', 'Keras', 'Aws', 'Azure', 'Gcp', 'Docker', 'Git']"
Machine Learning Engineer/Data Engineer,Adient,"Pune City, Maharashtra, India",https://in.linkedin.com/jobs/view/machine-learning-engineer-data-engineer-at-adient-4411506846?position=42&pageNum=0&refId=I3bqPSYc%2BdbHpyUH%2FoISgw%3D%3D&trackingId=Bbmeva49JTl%2BtoffqE%2B9fQ%3D%3D,3 Months Ago,2026-05-14,Mid-Senior Level,"Python, Sql, Machine Learning, Pandas, Numpy, Scikit-Learn, Matplotlib, Azure",Full-Time,63750000.0,"['Python', 'Sql', 'Machine Learning', 'Pandas', 'Numpy', 'Scikit-Learn', 'Matplotlib', 'Azure']"
Data Scientist Iii,Navi,"Bangalore Urban, Karnataka, India",https://in.linkedin.com/jobs/view/data-scientist-iii-at-navi-4448539970?position=43&pageNum=0&refId=I3bqPSYc%2BdbHpyUH%2FoISgw%3D%3D&trackingId=46AkKul%2BnTTkXpA%2Bre3%2Bvg%3D%3D,3 Weeks Ago,2026-08-04,Mid-Senior Level,"Python, Machine Learning, Deep Learning, Tensorflow, Keras, Scikit-Learn",Full-Time,Not Disclosed,"['Python', 'Machine Learning', 'Deep Learning', 'Tensorflow', 'Keras', 'Scikit-Learn']"
Senior Lead Data Scientist,4Flow,"Bengaluru, Karnataka, India",https://in.linkedin.com/jobs/view/senior-lead-data-scientist-at-4flow-4443937418?position=44&pageNum=0&refId=I3bqPSYc%2BdbHpyUH%2FoISgw%3D%3D&trackingId=dvzew%2BdpCiCGLlpJMmGbgA%3D%3D,1 Week Ago,2026-08-13,Mid-Senior Level,Machine Learning,Full-Time,Not Disclosed,['Machine Learning']
Lead Data Scientist,Philips,"Bengaluru, Karnataka, India",https://in.linkedin.com/jobs/view/lead-data-scientist-at-philips-4448528032?position=45&pageNum=0&refId=I3bqPSYc%2BdbHpyUH%2FoISgw%3D%3D&trackingId=D5KqDxapiQYy4jiwwe8zmw%3D%3D,1 Hour Ago,2026-08-26,Mid-Senior Level,"Python, Sql, Machine Learning, Deep Learning, Nlp, Tensorflow, Pytorch, Aws, Azure",Full-Time,Not Disclosed,"['Python', 'Sql', 'Machine Learning', 'Deep Learning', 'Nlp', 'Tensorflow', 'Pytorch', 'Aws', 'Azure']"
Datanimbus - Ml Architect - Data Science,Datanimbus,Greater Kolkata Area,https://in.linkedin.com/jobs/view/datanimbus-ml-architect-data-science-at-datanimbus-4445358620?position=46&pageNum=0&refId=I3bqPSYc%2BdbHpyUH%2FoISgw%3D%3D&trackingId=%2B795yFSllA3s4oxKM6payw%3D%3D,1 Month Ago,2026-07-26,Mid-Senior Level,"Machine Learning, Tensorflow, Pytorch, Pandas, Scikit-Learn, Aws, Azure, Gcp, Spark, Databricks",Full-Time,22583333.333333332,"['Machine Learning', 'Tensorflow', 'Pytorch', 'Pandas', 'Scikit-Learn', 'Aws', 'Azure', 'Gcp', 'Spark', 'Databricks']"
Analyst - Data Scientist,United Airlines India Knowledge Center,"Gurugram, Haryana, India",https://in.linkedin.com/jobs/view/analyst-data-scientist-at-united-airlines-india-knowledge-center-4450731636?position=47&pageNum=0&refId=I3bqPSYc%2BdbHpyUH%2FoISgw%3D%3D&trackingId=ohfeAnhhYQG1b9vqq9zc7Q%3D%3D,2 Weeks Ago,2026-08-07,Entry Level,"Python, Sql, Machine Learning, Artificial Intelligence, Aws, Azure, Gcp, Git",Full-Time,50900000.0,"['Python', 'Sql', 'Machine Learning', 'Artificial Intelligence', 'Aws', 'Azure', 'Gcp', 'Git']"
Digital Manager,Ey,"Kolkata, West Bengal, India",https://in.linkedin.com/jobs/view/digital-manager-at-ey-4456528091?position=48&pageNum=0&refId=I3bqPSYc%2BdbHpyUH%2FoISgw%3D%3D&trackingId=%2F%2B7y2bOfLQt%2F%2BoTI%2BFb5EA%3D%3D,1 Day Ago,2026-08-24,Mid-Senior Level,"Python, Sql, Machine Learning, Deep Learning, Azure, Docker, Kubernetes",Full-Time,Not Disclosed,"['Python', 'Sql', 'Machine Learning', 'Deep Learning', 'Azure', 'Docker', 'Kubernetes']"
Senior Data Scientist (5 To 8 Years),Fractal,"Bengaluru, Karnataka, India",https://in.linkedin.com/jobs/view/senior-data-scientist-5-to-8-years-at-fractal-4389546678?position=49&pageNum=0&refId=I3bqPSYc%2BdbHpyUH%2FoISgw%3D%3D&trackingId=dS2jWiBmkfYYJOrfr4z85Q%3D%3D,1 Week Ago,2026-08-14,Mid-Senior Level,"Python, R, Machine Learning, Azure, Gcp, Spark, Databricks",Full-Time,Not Disclosed,"['Python', 'R', 'Machine Learning', 'Azure', 'Gcp', 'Spark', 'Databricks']"
Product Specialist,Bajaj Finserv,"Pune Division, Maharashtra, India",https://in.linkedin.com/jobs/view/product-specialist-at-bajaj-finserv-4420472918?position=50&pageNum=0&refId=I3bqPSYc%2BdbHpyUH%2FoISgw%3D%3D&trackingId=K21UxcJ2gXxsw11kYscpDQ%3D%3D,2 Months Ago,2026-05-28,Associate,"Python, Sql, Tensorflow, Pytorch, Pandas, Spark, Mongodb, Git",Full-Time,Not Disclosed,"['Python', 'Sql', 'Tensorflow', 'Pytorch', 'Pandas', 'Spark', 'Mongodb', 'Git']"
Data Scientist 10+Yrs,Iqlexa Technologies,"Pune Division, Maharashtra, India",https://in.linkedin.com/jobs/view/data-scientist-10%2Byrs-at-iqlexa-technologies-4454168982?position=51&pageNum=0&refId=I3bqPSYc%2BdbHpyUH%2FoISgw%3D%3D&trackingId=BAdku0M3KrP9UyXi6q%2B61Q%3D%3D,5 Days Ago,2026-08-21,Entry Level,"Python, Sql, Machine Learning, Deep Learning, Nlp, Tensorflow, Pytorch, Pandas, Numpy, Scikit-Learn, Aws, Azure, Gcp, Spark",Full-Time,Not Disclosed,"['Python', 'Sql', 'Machine Learning', 'Deep Learning', 'Nlp', 'Tensorflow', 'Pytorch', 'Pandas', 'Numpy', 'Scikit-Learn', 'Aws', 'Azure', 'Gcp', 'Spark']"
Data Scientist,Exl,"Pune Division, Maharashtra, India",https://in.linkedin.com/jobs/view/data-scientist-at-exl-4446724288?position=52&pageNum=0&refId=I3bqPSYc%2BdbHpyUH%2FoISgw%3D%3D&trackingId=FfPm%2BTA3HPYCHnMKtOl0dA%3D%3D,5 Days Ago,2026-08-20,Mid-Senior Level,"Python, Sql, Machine Learning, Deep Learning, Nlp, Pandas, Numpy, Scikit-Learn, Aws, Azure, Spark, Databricks",Full-Time,42266666.666666664,"['Python', 'Sql', 'Machine Learning', 'Deep Learning', 'Nlp', 'Pandas', 'Numpy', 'Scikit-Learn', 'Aws', 'Azure', 'Spark', 'Databricks']"
Straviso - Data Scientist - Artificial Intelligence/Machine Learning,Straviso,Greater Kolkata Area,https://in.linkedin.com/jobs/view/straviso-data-scientist-artificial-intelligence-machine-learning-at-straviso-4438549287?position=53&pageNum=0&refId=I3bqPSYc%2BdbHpyUH%2FoISgw%3D%3D&trackingId=xpMRDJfloN6JOW5ugfdFmg%3D%3D,1 Month Ago,2026-07-09,Mid-Senior Level,"Python, Sql, Machine Learning, Deep Learning, Artificial Intelligence, Nlp, Tensorflow, Pytorch, Hugging Face, Scikit-Learn, Aws, Azure, Gcp, Docker, Kubernetes, Git",Full-Time,Not Disclosed,"['Python', 'Sql', 'Machine Learning', 'Deep Learning', 'Artificial Intelligence', 'Nlp', 'Tensorflow', 'Pytorch', 'Hugging Face', 'Scikit-Learn', 'Aws', 'Azure', 'Gcp', 'Docker', 'Kubernetes', 'Git']"
Principal Data Scientist - Digital Health,Alcon,"Bengaluru, Karnataka, India",https://in.linkedin.com/jobs/view/principal-data-scientist-digital-health-at-alcon-4450090718?position=54&pageNum=0&refId=I3bqPSYc%2BdbHpyUH%2FoISgw%3D%3D&trackingId=3D9zXrRb3pZCCKbqzwf6kg%3D%3D,2 Weeks Ago,2026-08-07,Mid-Senior Level,"Python, Sql, Deep Learning, Aws, Azure, Gcp",Full-Time,Not Disclosed,"['Python', 'Sql', 'Deep Learning', 'Aws', 'Azure', 'Gcp']"
Sr Data Scientist,Here Technologies,Mumbai Metropolitan Region,https://in.linkedin.com/jobs/view/sr-data-scientist-at-here-technologies-4442723388?position=55&pageNum=0&refId=I3bqPSYc%2BdbHpyUH%2FoISgw%3D%3D&trackingId=uCUbIZI3WTIP6DtGYm%2F1tA%3D%3D,2 Weeks Ago,2026-08-11,Mid-Senior Level,"Python, Sql, R, Machine Learning, Deep Learning, Spark",Full-Time,2532.5,"['Python', 'Sql', 'R', 'Machine Learning', 'Deep Learning', 'Spark']"
"Data Scientist – Ai, Machine Learning & Analytics",Codeclouds,Greater Kolkata Area,https://in.linkedin.com/jobs/view/data-scientist-%E2%80%93-ai-machine-learning-analytics-at-codeclouds-4435630109?position=56&pageNum=0&refId=I3bqPSYc%2BdbHpyUH%2FoISgw%3D%3D&trackingId=L4lWwMXC4ehemhf695A9Bg%3D%3D,2 Months Ago,2026-06-14,Mid-Senior Level,"Machine Learning, Deep Learning",Full-Time,Not Disclosed,"['Machine Learning', 'Deep Learning']"
Senior Data Scientist,Usefulbi Corporation,"Bengaluru, Karnataka, India",https://in.linkedin.com/jobs/view/senior-data-scientist-at-usefulbi-corporation-4448171986?position=58&pageNum=0&refId=I3bqPSYc%2BdbHpyUH%2FoISgw%3D%3D&trackingId=kZ9Nih0H0qLZSAOiXow9rA%3D%3D,3 Weeks Ago,2026-08-03,Mid-Senior Level,"Python, Sql, Nlp, Tensorflow, Pytorch, Hugging Face, Pandas, Numpy, Scikit-Learn, Aws, Azure, Gcp, Docker, Git",Full-Time,Not Disclosed,"['Python', 'Sql', 'Nlp', 'Tensorflow', 'Pytorch', 'Hugging Face', 'Pandas', 'Numpy', 'Scikit-Learn', 'Aws', 'Azure', 'Gcp', 'Docker', 'Git']"
"Data Scientist Ii , Ultra",Affle,"Gurugram, Haryana, India",https://in.linkedin.com/jobs/view/data-scientist-ii-ultra-at-affle-4450139004?position=59&pageNum=0&refId=I3bqPSYc%2BdbHpyUH%2FoISgw%3D%3D&trackingId=CzZV%2Fsg09FR1MzOmP6UUUA%3D%3D,1 Month Ago,2026-07-18,Mid-Senior Level,"Python, Sql, Machine Learning, Gcp",Full-Time,50900000.0,"['Python', 'Sql', 'Machine Learning', 'Gcp']"
Affle India - Data Scientist Ii,Affle,"Gurugram, Haryana, India",https://in.linkedin.com/jobs/view/affle-india-data-scientist-ii-at-affle-4425952117?position=60&pageNum=0&refId=I3bqPSYc%2BdbHpyUH%2FoISgw%3D%3D&trackingId=Jky%2BDchkQo12E1fyDaO6BA%3D%3D,2 Months Ago,2026-06-09,Mid-Senior Level,"Python, Sql, Machine Learning, Gcp",Full-Time,50900000.0,"['Python', 'Sql', 'Machine Learning', 'Gcp']"
Data Scientist-Artificial Intelligence,Ibm,"Kochi, Kerala, India",https://in.linkedin.com/jobs/view/data-scientist-artificial-intelligence-at-ibm-4446241710?position=1&pageNum=0&refId=00Vvr2ITUMVDRigrOm%2FAqQ%3D%3D&trackingId=wtoRf46vAh%2B3VCnwUIKGcA%3D%3D,19 Hours Ago,2026-08-25,Mid-Senior Level,"Python, Sql, Machine Learning, Artificial Intelligence, Nlp, Tensorflow, Pytorch, Keras, Hugging Face, Pandas, Matplotlib, Aws, Azure, Gcp, Kubernetes, Mongodb",Full-Time,43166666.666666664,"['Python', 'Sql', 'Machine Learning', 'Artificial Intelligence', 'Nlp', 'Tensorflow', 'Pytorch', 'Keras', 'Hugging Face', 'Pandas', 'Matplotlib', 'Aws', 'Azure', 'Gcp', 'Kubernetes', 'Mongodb']"
Senior Data Scientist - I,Metlife,"Pune Division, Maharashtra, India",https://in.linkedin.com/jobs/view/senior-data-scientist-i-at-metlife-4455731862?position=2&pageNum=0&refId=00Vvr2ITUMVDRigrOm%2FAqQ%3D%3D&trackingId=ndlopdoqMDYSnTDfJJ%2FkNQ%3D%3D,22 Hours Ago,2026-08-25,Mid-Senior Level,"Python, Machine Learning, Nlp, Tensorflow, Pytorch, Scikit-Learn, Azure",Full-Time,Not Disclosed,"['Python', 'Machine Learning', 'Nlp', 'Tensorflow', 'Pytorch', 'Scikit-Learn', 'Azure']"
Senior Data Scientist,Sourcingxpress,"Gurgaon, Haryana, India",https://in.linkedin.com/jobs/view/senior-data-scientist-at-sourcingxpress-4384572454?position=3&pageNum=0&refId=00Vvr2ITUMVDRigrOm%2FAqQ%3D%3D&trackingId=N%2F1flN6qLjm54pNyu461pQ%3D%3D,5 Months Ago,2026-03-16,Mid-Senior Level,"Python, Machine Learning, Deep Learning, Aws, Azure, Gcp, Databricks",Full-Time,85333333.33333333,"['Python', 'Machine Learning', 'Deep Learning', 'Aws', 'Azure', 'Gcp', 'Databricks']"
Sr Advanced Data Scientist,Honeywell Technologies,"Pune Division, Maharashtra, India",https://in.linkedin.com/jobs/view/sr-advanced-data-scientist-at-honeywell-technologies-4445700716?position=4&pageNum=0&refId=00Vvr2ITUMVDRigrOm%2FAqQ%3D%3D&trackingId=ribRfZt3kfJiJeEMBL2vCQ%3D%3D,1 Week Ago,2026-08-18,Mid-Senior Level,"Python, R, Machine Learning, Azure, Databricks",Full-Time,Not Disclosed,"['Python', 'R', 'Machine Learning', 'Azure', 'Databricks']"
Senior Data Scientist I,Metlife,"Pune Division, Maharashtra, India",https://in.linkedin.com/jobs/view/senior-data-scientist-i-at-metlife-4446306265?position=5&pageNum=0&refId=00Vvr2ITUMVDRigrOm%2FAqQ%3D%3D&trackingId=UjN%2FOy0ZA41HC80hBQmb8g%3D%3D,3 Weeks Ago,2026-08-03,Mid-Senior Level,"Python, Machine Learning, Nlp, Tensorflow, Pytorch, Scikit-Learn, Azure",Full-Time,Not Disclosed,"['Python', 'Machine Learning', 'Nlp', 'Tensorflow', 'Pytorch', 'Scikit-Learn', 'Azure']"
Senior Data Scientist,Amplify Health,"Gurugram, Haryana, India",https://in.linkedin.com/jobs/view/senior-data-scientist-at-amplify-health-4445437035?position=6&pageNum=0&refId=00Vvr2ITUMVDRigrOm%2FAqQ%3D%3D&trackingId=8zznuw6p4YV068e%2F0EVgeg%3D%3D,4 Weeks Ago,2026-07-28,Mid-Senior Level,"Python, Sql, Machine Learning, Deep Learning, Nlp, Tensorflow, Pytorch, Hugging Face, Scikit-Learn, Azure, Docker, Kubernetes, Databricks",Full-Time,85333333.33333333,"['Python', 'Sql', 'Machine Learning', 'Deep Learning', 'Nlp', 'Tensorflow', 'Pytorch', 'Hugging Face', 'Scikit-Learn', 'Azure', 'Docker', 'Kubernetes', 'Databricks']"
Senior Data Scientist,Sei,Greater Hyderabad Area,https://in.linkedin.com/jobs/view/senior-data-scientist-at-sei-4407866688?position=7&pageNum=0&refId=00Vvr2ITUMVDRigrOm%2FAqQ%3D%3D&trackingId=9%2BXL4LRPPQySvChFkNMXUA%3D%3D,1 Week Ago,2026-08-14,Mid-Senior Level,"Python, Sql, R, Machine Learning, Artificial Intelligence, Tensorflow, Pytorch, Pandas, Scikit-Learn, Matplotlib, Power Bi, Tableau, Aws, Azure, Gcp, Docker, Kubernetes, Spark",Full-Time,169416666.66666666,"['Python', 'Sql', 'R', 'Machine Learning', 'Artificial Intelligence', 'Tensorflow', 'Pytorch', 'Pandas', 'Scikit-Learn', 'Matplotlib', 'Power Bi', 'Tableau', 'Aws', 'Azure', 'Gcp', 'Docker', 'Kubernetes', 'Spark']"
Lead Data Scientist,Atkinsréalis,"Gurgaon, Haryana, India",https://in.linkedin.com/jobs/view/lead-data-scientist-at-atkinsr%C3%A9alis-4446571831?position=8&pageNum=0&refId=00Vvr2ITUMVDRigrOm%2FAqQ%3D%3D&trackingId=Qt5p5oj%2FjFGXdb3dNSHXNQ%3D%3D,3 Weeks Ago,2026-08-04,Mid-Senior Level,"Python, Machine Learning, Deep Learning, Tensorflow, Pytorch, Hugging Face, Azure",Full-Time,43166666.666666664,"['Python', 'Machine Learning', 'Deep Learning', 'Tensorflow', 'Pytorch', 'Hugging Face', 'Azure']"
Data Scientist - Machine Learning,United Airlines India Knowledge Center,"Gurugram, Haryana, India",https://in.linkedin.com/jobs/view/data-scientist-machine-learning-at-united-airlines-india-knowledge-center-4457838253?position=9&pageNum=0&refId=00Vvr2ITUMVDRigrOm%2FAqQ%3D%3D&trackingId=AKx227XdcbvmApRlS7DvPw%3D%3D,3 Days Ago,2026-08-22,Mid-Senior Level,"Python, Sql, Machine Learning, Artificial Intelligence, Git",Full-Time,50900000.0,"['Python', 'Sql', 'Machine Learning', 'Artificial Intelligence', 'Git']"
Lead Data Scientist- Gen Ai-Ml- Vice President,Citi,"Chennai, Tamil Nadu, India",https://in.linkedin.com/jobs/view/lead-data-scientist-gen-ai-ml-vice-president-at-citi-4446423940?position=10&pageNum=0&refId=00Vvr2ITUMVDRigrOm%2FAqQ%3D%3D&trackingId=WyggeeJC%2BrJjwqEKDtCtKA%3D%3D,5 Days Ago,2026-08-20,Experience,"Python, Sql, Machine Learning, Nlp, Tensorflow, Pytorch, Pandas, Numpy, Scikit-Learn, Matplotlib, Power Bi, Tableau, Git",Full-Time,Not Disclosed,"['Python', 'Sql', 'Machine Learning', 'Nlp', 'Tensorflow', 'Pytorch', 'Pandas', 'Numpy', 'Scikit-Learn', 'Matplotlib', 'Power Bi', 'Tableau', 'Git']"
Sr Advanced Data Scientist,Honeywell Technologies,"Delhi, India",https://in.linkedin.com/jobs/view/sr-advanced-data-scientist-at-honeywell-technologies-4445717520?position=11&pageNum=0&refId=00Vvr2ITUMVDRigrOm%2FAqQ%3D%3D&trackingId=zzvTzCKpEJeskXaA70SEtQ%3D%3D,1 Week Ago,2026-08-18,Mid-Senior Level,"Python, R, Machine Learning, Azure, Databricks",Full-Time,85333333.33333333,"['Python', 'R', 'Machine Learning', 'Azure', 'Databricks']"
Data Scientist,Thales,"Noida, Uttar Pradesh, India",https://in.linkedin.com/jobs/view/data-scientist-at-thales-4417326819?position=12&pageNum=0&refId=00Vvr2ITUMVDRigrOm%2FAqQ%3D%3D&trackingId=3SKulFnSjw5sPn%2F5BmTVvQ%3D%3D,1 Week Ago,2026-08-15,Experience,"Python, Sql, Machine Learning, Artificial Intelligence, Gcp, Databricks",Full-Time,50900000.0,"['Python', 'Sql', 'Machine Learning', 'Artificial Intelligence', 'Gcp', 'Databricks']"
Ai/Ml Data Science / Gen Ai / Mlops,Cognizant,"Chennai, Tamil Nadu, India",https://in.linkedin.com/jobs/view/ai-ml-data-science-gen-ai-mlops-at-cognizant-4447622047?position=13&pageNum=0&refId=00Vvr2ITUMVDRigrOm%2FAqQ%3D%3D&trackingId=ivszWXxsoim%2FnOrxSGI%2B6Q%3D%3D,2 Days Ago,2026-08-23,Mid-Senior Level,"Python, Machine Learning, Tensorflow, Pytorch, Azure, Docker, Kubernetes",Full-Time,63750000.0,"['Python', 'Machine Learning', 'Tensorflow', 'Pytorch', 'Azure', 'Docker', 'Kubernetes']"
Machine Learning Engineer,Simplify Healthcare,"Pune Division, Maharashtra, India",https://in.linkedin.com/jobs/view/machine-learning-engineer-at-simplify-healthcare-4455251418?position=14&pageNum=0&refId=00Vvr2ITUMVDRigrOm%2FAqQ%3D%3D&trackingId=P3nzdajW1p8L82qEjOln4g%3D%3D,1 Week Ago,2026-08-17,Mid-Senior Level,"Python, Sql, Aws, Azure, Gcp, Spark, Databricks",Full-Time,Not Disclosed,"['Python', 'Sql', 'Aws', 'Azure', 'Gcp', 'Spark', 'Databricks']"
Senior Data Scientist,"Invoicecloud, Inc.","Hyderabad, Telangana, India",https://in.linkedin.com/jobs/view/senior-data-scientist-at-invoicecloud-inc-4419691849?position=15&pageNum=0&refId=00Vvr2ITUMVDRigrOm%2FAqQ%3D%3D&trackingId=rLCOcwTE49W1RKlfemou3g%3D%3D,2 Weeks Ago,2026-08-05,Mid-Senior Level,"Python, Sql, Machine Learning, Deep Learning, Tensorflow, Pytorch, Pandas, Numpy, Scikit-Learn, Aws, Azure, Gcp, Docker, Kubernetes, Databricks, Git",Full-Time,169416666.66666666,"['Python', 'Sql', 'Machine Learning', 'Deep Learning', 'Tensorflow', 'Pytorch', 'Pandas', 'Numpy', 'Scikit-Learn', 'Aws', 'Azure', 'Gcp', 'Docker', 'Kubernetes', 'Databricks', 'Git']"
Principal Data Scientist,Atlassian,Greater Kolkata Area,https://in.linkedin.com/jobs/view/principal-data-scientist-at-atlassian-4454857134?position=16&pageNum=0&refId=00Vvr2ITUMVDRigrOm%2FAqQ%3D%3D&trackingId=wxGpJZUs2Zxiwo%2FfJ17hvA%3D%3D,1 Week Ago,2026-08-15,Mid-Senior Level,"Python, Sql, R, Machine Learning, Pandas, Numpy, Scikit-Learn, Matplotlib, Tableau",Full-Time,Not Disclosed,"['Python', 'Sql', 'R', 'Machine Learning', 'Pandas', 'Numpy', 'Scikit-Learn', 'Matplotlib', 'Tableau']"
Data Scientist I,Kroll,"Hyderabad, Telangana, India",https://in.linkedin.com/jobs/view/data-scientist-i-at-kroll-4453474215?position=17&pageNum=0&refId=00Vvr2ITUMVDRigrOm%2FAqQ%3D%3D&trackingId=lvAyjvTtKQ3PgsqDecwylw%3D%3D,6 Days Ago,2026-08-19,Entry Level,"Python, Machine Learning, Deep Learning, Nlp, Tensorflow, Pytorch, Hugging Face, Pandas, Numpy, Scikit-Learn, Aws, Azure, Gcp, Spark, Databricks",Full-Time,43166666.666666664,"['Python', 'Machine Learning', 'Deep Learning', 'Nlp', 'Tensorflow', 'Pytorch', 'Hugging Face', 'Pandas', 'Numpy', 'Scikit-Learn', 'Aws', 'Azure', 'Gcp', 'Spark', 'Databricks']"
Data Scientist + Databricks Ai/Ml - Sr Architect,Birlasoft,Pune/Pimpri-Chinchwad Area,https://in.linkedin.com/jobs/view/data-scientist-%2B-databricks-ai-ml-sr-architect-at-birlasoft-4453578053?position=18&pageNum=0&refId=00Vvr2ITUMVDRigrOm%2FAqQ%3D%3D&trackingId=n64DfeLxpG6XJcDtaXq7og%3D%3D,1 Week Ago,2026-08-14,Mid-Senior Level,"Python, Sql, Nlp, Tensorflow, Pytorch, Scikit-Learn, Power Bi, Tableau, Aws, Azure, Gcp, Databricks",Full-Time,Not Disclosed,"['Python', 'Sql', 'Nlp', 'Tensorflow', 'Pytorch', 'Scikit-Learn', 'Power Bi', 'Tableau', 'Aws', 'Azure', 'Gcp', 'Databricks']"
Senior Principal Data Scientist,Atkinsréalis,"Bengaluru East, Karnataka, India",https://in.linkedin.com/jobs/view/senior-principal-data-scientist-at-atkinsr%C3%A9alis-4394640162?position=19&pageNum=0&refId=00Vvr2ITUMVDRigrOm%2FAqQ%3D%3D&trackingId=D3wGX8MI%2FQ33CcLlZa3CMw%3D%3D,4 Months Ago,2026-04-07,Mid-Senior Level,"Python, Machine Learning, Nlp, Tensorflow, Pytorch, Hugging Face, Aws, Azure",Full-Time,211833333.33333334,"['Python', 'Machine Learning', 'Nlp', 'Tensorflow', 'Pytorch', 'Hugging Face', 'Aws', 'Azure']"
Data Science And Aiml Lead - Aitds,Cognizant,"Hyderabad, Telangana, India",https://in.linkedin.com/jobs/view/data-science-and-aiml-lead-aitds-at-cognizant-4414475083?position=20&pageNum=0&refId=00Vvr2ITUMVDRigrOm%2FAqQ%3D%3D&trackingId=scyLJmXIXeFJbX51PQZW8w%3D%3D,2 Weeks Ago,2026-08-08,Mid-Senior Level,"Python, Machine Learning, Tensorflow, Pytorch, Scikit-Learn, Aws, Azure, Gcp",Full-Time,Not Disclosed,"['Python', 'Machine Learning', 'Tensorflow', 'Pytorch', 'Scikit-Learn', 'Aws', 'Azure', 'Gcp']"
Straviso - Senior Data Scientist - Machine Learning,Straviso,Greater Kolkata Area,https://in.linkedin.com/jobs/view/straviso-senior-data-scientist-machine-learning-at-straviso-4438548274?position=21&pageNum=0&refId=00Vvr2ITUMVDRigrOm%2FAqQ%3D%3D&trackingId=SZ6flFVCIUNXyq23%2BfZi4Q%3D%3D,1 Month Ago,2026-07-09,Mid-Senior Level,"Python, Sql, Machine Learning, Deep Learning, Artificial Intelligence, Nlp, Tensorflow, Pytorch, Hugging Face, Scikit-Learn, Aws, Azure, Gcp, Docker, Kubernetes, Spark, Git",Full-Time,Not Disclosed,"['Python', 'Sql', 'Machine Learning', 'Deep Learning', 'Artificial Intelligence', 'Nlp', 'Tensorflow', 'Pytorch', 'Hugging Face', 'Scikit-Learn', 'Aws', 'Azure', 'Gcp', 'Docker', 'Kubernetes', 'Spark', 'Git']"
Data Scientist I,Kroll,"New Delhi, Delhi, India",https://in.linkedin.com/jobs/view/data-scientist-i-at-kroll-4453471229?position=22&pageNum=0&refId=00Vvr2ITUMVDRigrOm%2FAqQ%3D%3D&trackingId=eOi4O7lsYA1OPfVqZQV1Yg%3D%3D,6 Days Ago,2026-08-19,Entry Level,"Python, Machine Learning, Deep Learning, Nlp, Tensorflow, Pytorch, Hugging Face, Pandas, Numpy, Scikit-Learn, Aws, Azure, Gcp, Spark, Databricks",Full-Time,50900000.0,"['Python', 'Machine Learning', 'Deep Learning', 'Nlp', 'Tensorflow', 'Pytorch', 'Hugging Face', 'Pandas', 'Numpy', 'Scikit-Learn', 'Aws', 'Azure', 'Gcp', 'Spark', 'Databricks']"
Data Scientist,Avahi,"Pune Division, Maharashtra, India",https://in.linkedin.com/jobs/view/data-scientist-at-avahi-4436347282?position=23&pageNum=0&refId=00Vvr2ITUMVDRigrOm%2FAqQ%3D%3D&trackingId=yqtScsLanjVgVZ4Z8cVC9A%3D%3D,1 Week Ago,2026-08-15,Mid-Senior Level,"Python, Pytorch, Aws",Full-Time,Not Disclosed,"['Python', 'Pytorch', 'Aws']"
Data Scientist – Mortgage Analytics & Ai,Loandna,"Chennai, Tamil Nadu, India",https://in.linkedin.com/jobs/view/data-scientist-%E2%80%93-mortgage-analytics-ai-at-loandna-4453688615?position=24&pageNum=0&refId=00Vvr2ITUMVDRigrOm%2FAqQ%3D%3D&trackingId=oKPQy1IgTpGsAdld6hMJ3Q%3D%3D,1 Week Ago,2026-08-13,Mid-Senior Level,"Python, Sql, Machine Learning, Deep Learning, Tensorflow, Pytorch, Pandas, Numpy, Scikit-Learn, Aws, Azure, Docker, Kubernetes, Databricks, Git",Full-Time,43166666.666666664,"['Python', 'Sql', 'Machine Learning', 'Deep Learning', 'Tensorflow', 'Pytorch', 'Pandas', 'Numpy', 'Scikit-Learn', 'Aws', 'Azure', 'Docker', 'Kubernetes', 'Databricks', 'Git']"
Staff Data Scientist,Stryker,"Gurugram, Haryana, India",https://in.linkedin.com/jobs/view/staff-data-scientist-at-stryker-4436215738?position=25&pageNum=0&refId=00Vvr2ITUMVDRigrOm%2FAqQ%3D%3D&trackingId=%2BCcq9KY0MsXKv2TQMOCnaQ%3D%3D,1 Month Ago,2026-07-07,Associate,"Python, Sql, Machine Learning, Nlp, Power Bi, Azure, Spark, Databricks, Git",Full-Time,512.5,"['Python', 'Sql', 'Machine Learning', 'Nlp', 'Power Bi', 'Azure', 'Spark', 'Databricks', 'Git']"
Predictive Analytics Data Scientist-Ai Labs,Adani Enterprises Limited,"Ahmedabad, Gujarat, India",https://in.linkedin.com/jobs/view/predictive-analytics-data-scientist-ai-labs-at-adani-enterprises-limited-4427055522?position=26&pageNum=0&refId=00Vvr2ITUMVDRigrOm%2FAqQ%3D%3D&trackingId=xu5T%2F49xmNQh7Fcx5fNaMA%3D%3D,1 Week Ago,2026-08-14,Entry Level,"Machine Learning, Deep Learning, Artificial Intelligence, Aws, Azure, Gcp, Docker, Kubernetes",Full-Time,33933333.33333333,"['Machine Learning', 'Deep Learning', 'Artificial Intelligence', 'Aws', 'Azure', 'Gcp', 'Docker', 'Kubernetes']"
Lead Data Scientist,Gartner,"Gurgaon, Haryana, India",https://in.linkedin.com/jobs/view/lead-data-scientist-at-gartner-4446434435?position=27&pageNum=0&refId=00Vvr2ITUMVDRigrOm%2FAqQ%3D%3D&trackingId=MnT4IArysVBlUubFONUjeg%3D%3D,6 Days Ago,2026-08-20,Experience,"Python, Sql, Machine Learning, Deep Learning, Artificial Intelligence, Nlp, Tensorflow, Pytorch, Pandas, Numpy, Scikit-Learn, Power Bi, Aws, Azure, Gcp, Spark, Databricks",Full-Time,43166666.666666664,"['Python', 'Sql', 'Machine Learning', 'Deep Learning', 'Artificial Intelligence', 'Nlp', 'Tensorflow', 'Pytorch', 'Pandas', 'Numpy', 'Scikit-Learn', 'Power Bi', 'Aws', 'Azure', 'Gcp', 'Spark', 'Databricks']"
"Lead, Data Scientist",Bain & Company,"Gurugram, Haryana, India",https://in.linkedin.com/jobs/view/lead-data-scientist-at-bain-company-4440907806?position=28&pageNum=0&refId=00Vvr2ITUMVDRigrOm%2FAqQ%3D%3D&trackingId=ZkteWcUFeVW26KBauaoMYw%3D%3D,2 Weeks Ago,2026-08-09,Experience,"Python, Sql, Machine Learning, Deep Learning, Artificial Intelligence, Nlp, Aws, Azure, Gcp, Docker, Spark, Mongodb, Postgresql",Full-Time,43166666.666666664,"['Python', 'Sql', 'Machine Learning', 'Deep Learning', 'Artificial Intelligence', 'Nlp', 'Aws', 'Azure', 'Gcp', 'Docker', 'Spark', 'Mongodb', 'Postgresql']"
Senior Data Scientist,"Fourkites, Inc.",Greater Chennai Area,https://in.linkedin.com/jobs/view/senior-data-scientist-at-fourkites-inc-4458585972?position=29&pageNum=0&refId=00Vvr2ITUMVDRigrOm%2FAqQ%3D%3D&trackingId=FEwJUZS9bJAmpUkmeVVH1g%3D%3D,1 Day Ago,2026-08-25,Mid-Senior Level,"Python, Sql, Machine Learning, Nlp, Pandas, Scikit-Learn, Aws",Full-Time,Not Disclosed,"['Python', 'Sql', 'Machine Learning', 'Nlp', 'Pandas', 'Scikit-Learn', 'Aws']"
Data Scientist-Artificial Intelligence,Ibm,"Pune Division, Maharashtra, India",https://in.linkedin.com/jobs/view/data-scientist-artificial-intelligence-at-ibm-4446243677?position=30&pageNum=0&refId=00Vvr2ITUMVDRigrOm%2FAqQ%3D%3D&trackingId=EL%2BDvhwiRFvqLYZRwvQqyw%3D%3D,19 Hours Ago,2026-08-25,Mid-Senior Level,"Python, Sql, Machine Learning, Artificial Intelligence, Nlp, Tensorflow, Pytorch, Keras, Hugging Face, Pandas, Matplotlib, Aws, Azure, Gcp, Kubernetes, Mongodb",Full-Time,42266666.666666664,"['Python', 'Sql', 'Machine Learning', 'Artificial Intelligence', 'Nlp', 'Tensorflow', 'Pytorch', 'Keras', 'Hugging Face', 'Pandas', 'Matplotlib', 'Aws', 'Azure', 'Gcp', 'Kubernetes', 'Mongodb']"
Lead Data Scientist,Xcaliber Health,"Bengaluru East, Karnataka, India",https://in.linkedin.com/jobs/view/lead-data-scientist-at-xcaliber-health-4434281766?position=31&pageNum=0&refId=00Vvr2ITUMVDRigrOm%2FAqQ%3D%3D&trackingId=U5Vuc90gZfhS3%2BxUiVcRpw%3D%3D,1 Month Ago,2026-06-28,Mid-Senior Level,"Python, Machine Learning, Nlp",Full-Time,Not Disclosed,"['Python', 'Machine Learning', 'Nlp']"
Principal Data Scientist,Jaggaer,Greater Hyderabad Area,https://in.linkedin.com/jobs/view/principal-data-scientist-at-jaggaer-4451521110?position=32&pageNum=0&refId=00Vvr2ITUMVDRigrOm%2FAqQ%3D%3D&trackingId=95lzU9iEbR0snOAs46BuxA%3D%3D,2 Weeks Ago,2026-08-10,Mid-Senior Level,"Python, Sql, R, Tensorflow, Pytorch, Pandas, Scikit-Learn, Tableau, Aws, Azure, Gcp, Docker, Kubernetes, Git",Full-Time,Not Disclosed,"['Python', 'Sql', 'R', 'Tensorflow', 'Pytorch', 'Pandas', 'Scikit-Learn', 'Tableau', 'Aws', 'Azure', 'Gcp', 'Docker', 'Kubernetes', 'Git']"
Senior Data Scientist,Sonatype,"Hyderabad, Telangana, India",https://in.linkedin.com/jobs/view/senior-data-scientist-at-sonatype-4448280537?position=33&pageNum=0&refId=00Vvr2ITUMVDRigrOm%2FAqQ%3D%3D&trackingId=O61oKrKKRxjhQig1699sfw%3D%3D,1 Day Ago,2026-08-25,Associate,"Python, Java, Machine Learning, Deep Learning, Artificial Intelligence, Tensorflow, Pytorch, Scikit-Learn, Aws, Databricks, Git",Full-Time,169416666.66666666,"['Python', 'Java', 'Machine Learning', 'Deep Learning', 'Artificial Intelligence', 'Tensorflow', 'Pytorch', 'Scikit-Learn', 'Aws', 'Databricks', 'Git']"
Senior Data Scientist,Skan Ai,"Bengaluru, Karnataka, India",https://in.linkedin.com/jobs/view/senior-data-scientist-at-skan-ai-4456247269?position=34&pageNum=0&refId=00Vvr2ITUMVDRigrOm%2FAqQ%3D%3D&trackingId=9ZD9Z7Z3TuOCAsv0q77xbA%3D%3D,4 Days Ago,2026-08-21,Mid-Senior Level,"Python, Deep Learning, Nlp, Spark, Databricks",Full-Time,Not Disclosed,"['Python', 'Deep Learning', 'Nlp', 'Spark', 'Databricks']"
Senior Data Scientist,Aligned Automation,"Pune Division, Maharashtra, India",https://in.linkedin.com/jobs/view/senior-data-scientist-at-aligned-automation-4454272168?position=35&pageNum=0&refId=00Vvr2ITUMVDRigrOm%2FAqQ%3D%3D&trackingId=VOzX5Euu4jjHwMNgq73Okw%3D%3D,1 Week Ago,2026-08-13,Mid-Senior Level,"Python, Machine Learning, Tensorflow, Pytorch, Pandas, Scikit-Learn",Full-Time,Not Disclosed,"['Python', 'Machine Learning', 'Tensorflow', 'Pytorch', 'Pandas', 'Scikit-Learn']"
Senior Data Scientist,Sourcingxpress,"Hyderabad, Telangana, India",https://in.linkedin.com/jobs/view/senior-data-scientist-at-sourcingxpress-4377843079?position=36&pageNum=0&refId=00Vvr2ITUMVDRigrOm%2FAqQ%3D%3D&trackingId=DdHPRi1BL41MXrJ7rTF1yg%3D%3D,5 Months Ago,2026-02-27,Mid-Senior Level,"Python, Sql, Machine Learning, Aws, Azure, Gcp, Docker, Spark",Full-Time,148333333.33333334,"['Python', 'Sql', 'Machine Learning', 'Aws', 'Azure', 'Gcp', 'Docker', 'Spark']"
Senior Data Scientist,Citiustech,"Hyderabad, Telangana, India",https://in.linkedin.com/jobs/view/senior-data-scientist-at-citiustech-4447280305?position=37&pageNum=0&refId=00Vvr2ITUMVDRigrOm%2FAqQ%3D%3D&trackingId=f18cdfrCGUmUcVsRemxJZA%3D%3D,3 Weeks Ago,2026-07-31,Mid-Senior Level,"Python, Sql, Machine Learning, Nlp, Tensorflow, Pytorch, Scikit-Learn, Power Bi, Tableau, Azure, Databricks",Full-Time,169416666.66666666,"['Python', 'Sql', 'Machine Learning', 'Nlp', 'Tensorflow', 'Pytorch', 'Scikit-Learn', 'Power Bi', 'Tableau', 'Azure', 'Databricks']"
Staff Data Scientist – Healthcare,Anblicks,"Hyderabad, Telangana, India",https://in.linkedin.com/jobs/view/staff-data-scientist-%E2%80%93-healthcare-at-anblicks-4425796423?position=38&pageNum=0&refId=00Vvr2ITUMVDRigrOm%2FAqQ%3D%3D&trackingId=6P%2FwMFRe4sXjTLq29e90LQ%3D%3D,2 Months Ago,2026-06-15,Mid-Senior Level,"Python, R, Machine Learning, Deep Learning, Aws, Docker, Kubernetes, Spark, Databricks",Full-Time,Not Disclosed,"['Python', 'R', 'Machine Learning', 'Deep Learning', 'Aws', 'Docker', 'Kubernetes', 'Spark', 'Databricks']"
Machine Learning-Ai And Data Science Engineer Iii,Deloitte,"Chennai, Tamil Nadu, India",https://in.linkedin.com/jobs/view/machine-learning-ai-and-data-science-engineer-iii-at-deloitte-4425095675?position=39&pageNum=0&refId=00Vvr2ITUMVDRigrOm%2FAqQ%3D%3D&trackingId=w6aTDt3v7yvlmOuhnepv9g%3D%3D,1 Week Ago,2026-08-15,Experience,"Python, Sql, Machine Learning, Artificial Intelligence, Pandas, Numpy, Scikit-Learn, Tableau, Aws, Azure, Gcp, Docker, Databricks, Git",Full-Time,Not Disclosed,"['Python', 'Sql', 'Machine Learning', 'Artificial Intelligence', 'Pandas', 'Numpy', 'Scikit-Learn', 'Tableau', 'Aws', 'Azure', 'Gcp', 'Docker', 'Databricks', 'Git']"
Senior Data Scientist,Cognite,"Bengaluru, Karnataka, India",https://in.linkedin.com/jobs/view/senior-data-scientist-at-cognite-4446547646?position=40&pageNum=0&refId=00Vvr2ITUMVDRigrOm%2FAqQ%3D%3D&trackingId=giRqDLrH5AQBbCscbMc18A%3D%3D,6 Days Ago,2026-08-19,Mid-Senior Level,"Python, Sql, Machine Learning, Aws, Azure, Gcp, Git",Full-Time,Not Disclosed,"['Python', 'Sql', 'Machine Learning', 'Aws', 'Azure', 'Gcp', 'Git']"
Machine Learning-Lead Ai And Data Science Engineer Ii,Deloitte,"Chennai, Tamil Nadu, India",https://in.linkedin.com/jobs/view/machine-learning-lead-ai-and-data-science-engineer-ii-at-deloitte-4440237541?position=41&pageNum=0&refId=00Vvr2ITUMVDRigrOm%2FAqQ%3D%3D&trackingId=O7WCw9V8t5%2ByXNT%2BWyirFQ%3D%3D,2 Weeks Ago,2026-08-06,Experience,"Python, Sql, Deep Learning, Nlp, Tensorflow, Pytorch, Keras, Aws, Azure, Gcp, Docker, Git",Full-Time,Not Disclosed,"['Python', 'Sql', 'Deep Learning', 'Nlp', 'Tensorflow', 'Pytorch', 'Keras', 'Aws', 'Azure', 'Gcp', 'Docker', 'Git']"
Machine Learning Engineer/Data Engineer,Adient,"Pune City, Maharashtra, India",https://in.linkedin.com/jobs/view/machine-learning-engineer-data-engineer-at-adient-4411506846?position=42&pageNum=0&refId=00Vvr2ITUMVDRigrOm%2FAqQ%3D%3D&trackingId=brOvfCtt6DeR4fFtUBN8IQ%3D%3D,3 Months Ago,2026-05-14,Mid-Senior Level,"Python, Sql, Machine Learning, Pandas, Numpy, Scikit-Learn, Matplotlib, Azure",Full-Time,63750000.0,"['Python', 'Sql', 'Machine Learning', 'Pandas', 'Numpy', 'Scikit-Learn', 'Matplotlib', 'Azure']"
Data Scientist Iii,Navi,"Bangalore Urban, Karnataka, India",https://in.linkedin.com/jobs/view/data-scientist-iii-at-navi-4448539970?position=43&pageNum=0&refId=00Vvr2ITUMVDRigrOm%2FAqQ%3D%3D&trackingId=e1KQVL3StbbDhBzRrD8EfQ%3D%3D,3 Weeks Ago,2026-08-04,Mid-Senior Level,"Python, Machine Learning, Deep Learning, Tensorflow, Keras, Scikit-Learn",Full-Time,Not Disclosed,"['Python', 'Machine Learning', 'Deep Learning', 'Tensorflow', 'Keras', 'Scikit-Learn']"
Senior Lead Data Scientist,4Flow,"Bengaluru, Karnataka, India",https://in.linkedin.com/jobs/view/senior-lead-data-scientist-at-4flow-4443937418?position=44&pageNum=0&refId=00Vvr2ITUMVDRigrOm%2FAqQ%3D%3D&trackingId=F4CeQP%2F%2F%2Bx5XSzXJYgXHWg%3D%3D,1 Week Ago,2026-08-13,Mid-Senior Level,Machine Learning,Full-Time,Not Disclosed,['Machine Learning']
Lead Data Scientist,Philips,"Bengaluru, Karnataka, India",https://in.linkedin.com/jobs/view/lead-data-scientist-at-philips-4448528032?position=45&pageNum=0&refId=00Vvr2ITUMVDRigrOm%2FAqQ%3D%3D&trackingId=UcC%2BEW14QR3HQwBrHMpIXg%3D%3D,1 Hour Ago,2026-08-26,Mid-Senior Level,"Python, Sql, Machine Learning, Deep Learning, Nlp, Tensorflow, Pytorch, Aws, Azure",Full-Time,Not Disclosed,"['Python', 'Sql', 'Machine Learning', 'Deep Learning', 'Nlp', 'Tensorflow', 'Pytorch', 'Aws', 'Azure']"
Datanimbus - Ml Architect - Data Science,Datanimbus,Greater Kolkata Area,https://in.linkedin.com/jobs/view/datanimbus-ml-architect-data-science-at-datanimbus-4445358620?position=46&pageNum=0&refId=00Vvr2ITUMVDRigrOm%2FAqQ%3D%3D&trackingId=TgRvHDktABrMrNJjRheC5Q%3D%3D,1 Month Ago,2026-07-26,Mid-Senior Level,"Machine Learning, Tensorflow, Pytorch, Pandas, Scikit-Learn, Aws, Azure, Gcp, Spark, Databricks",Full-Time,22583333.333333332,"['Machine Learning', 'Tensorflow', 'Pytorch', 'Pandas', 'Scikit-Learn', 'Aws', 'Azure', 'Gcp', 'Spark', 'Databricks']"
Analyst - Data Scientist,United Airlines India Knowledge Center,"Gurugram, Haryana, India",https://in.linkedin.com/jobs/view/analyst-data-scientist-at-united-airlines-india-knowledge-center-4450731636?position=47&pageNum=0&refId=00Vvr2ITUMVDRigrOm%2FAqQ%3D%3D&trackingId=ESg%2BhbIEx2HVc6K%2BI9N46Q%3D%3D,2 Weeks Ago,2026-08-07,Entry Level,"Python, Sql, Machine Learning, Artificial Intelligence, Aws, Azure, Gcp, Git",Full-Time,50900000.0,"['Python', 'Sql', 'Machine Learning', 'Artificial Intelligence', 'Aws', 'Azure', 'Gcp', 'Git']"
Digital Manager,Ey,"Kolkata, West Bengal, India",https://in.linkedin.com/jobs/view/digital-manager-at-ey-4456528091?position=48&pageNum=0&refId=00Vvr2ITUMVDRigrOm%2FAqQ%3D%3D&trackingId=v3i67JAg1K57jrFIWkW7Fg%3D%3D,1 Day Ago,2026-08-24,Mid-Senior Level,"Python, Sql, Machine Learning, Deep Learning, Azure, Docker, Kubernetes",Full-Time,Not Disclosed,"['Python', 'Sql', 'Machine Learning', 'Deep Learning', 'Azure', 'Docker', 'Kubernetes']"
Senior Data Scientist (5 To 8 Years),Fractal,"Bengaluru, Karnataka, India",https://in.linkedin.com/jobs/view/senior-data-scientist-5-to-8-years-at-fractal-4389546678?position=49&pageNum=0&refId=00Vvr2ITUMVDRigrOm%2FAqQ%3D%3D&trackingId=sUP8Yr8GKUI7C6cbv90S7Q%3D%3D,1 Week Ago,2026-08-14,Mid-Senior Level,"Python, R, Machine Learning, Azure, Gcp, Spark, Databricks",Full-Time,Not Disclosed,"['Python', 'R', 'Machine Learning', 'Azure', 'Gcp', 'Spark', 'Databricks']"
Product Specialist,Bajaj Finserv,"Pune Division, Maharashtra, India",https://in.linkedin.com/jobs/view/product-specialist-at-bajaj-finserv-4420472918?position=50&pageNum=0&refId=00Vvr2ITUMVDRigrOm%2FAqQ%3D%3D&trackingId=SNr5NCizPmYGMyKwK5wi%2Fg%3D%3D,2 Months Ago,2026-05-28,Associate,"Python, Sql, Tensorflow, Pytorch, Pandas, Spark, Mongodb, Git",Full-Time,Not Disclosed,"['Python', 'Sql', 'Tensorflow', 'Pytorch', 'Pandas', 'Spark', 'Mongodb', 'Git']"
Data Scientist 10+Yrs,Iqlexa Technologies,"Pune Division, Maharashtra, India",https://in.linkedin.com/jobs/view/data-scientist-10%2Byrs-at-iqlexa-technologies-4454168982?position=51&pageNum=0&refId=00Vvr2ITUMVDRigrOm%2FAqQ%3D%3D&trackingId=BIf2W6zs9d%2B8rnqApd639g%3D%3D,5 Days Ago,2026-08-21,Entry Level,"Python, Sql, Machine Learning, Deep Learning, Nlp, Tensorflow, Pytorch, Pandas, Numpy, Scikit-Learn, Aws, Azure, Gcp, Spark",Full-Time,Not Disclosed,"['Python', 'Sql', 'Machine Learning', 'Deep Learning', 'Nlp', 'Tensorflow', 'Pytorch', 'Pandas', 'Numpy', 'Scikit-Learn', 'Aws', 'Azure', 'Gcp', 'Spark']"
Data Scientist,Exl,"Pune Division, Maharashtra, India",https://in.linkedin.com/jobs/view/data-scientist-at-exl-4446724288?position=52&pageNum=0&refId=00Vvr2ITUMVDRigrOm%2FAqQ%3D%3D&trackingId=s7dG0J7TKusrUm3u6n6Jfg%3D%3D,5 Days Ago,2026-08-20,Mid-Senior Level,"Python, Sql, Machine Learning, Deep Learning, Nlp, Pandas, Numpy, Scikit-Learn, Aws, Azure, Spark, Databricks",Full-Time,42266666.666666664,"['Python', 'Sql', 'Machine Learning', 'Deep Learning', 'Nlp', 'Pandas', 'Numpy', 'Scikit-Learn', 'Aws', 'Azure', 'Spark', 'Databricks']"
Straviso - Data Scientist - Artificial Intelligence/Machine Learning,Straviso,Greater Kolkata Area,https://in.linkedin.com/jobs/view/straviso-data-scientist-artificial-intelligence-machine-learning-at-straviso-4438549287?position=53&pageNum=0&refId=00Vvr2ITUMVDRigrOm%2FAqQ%3D%3D&trackingId=ZMd7CxaVQ0nZerT5rhOQmg%3D%3D,1 Month Ago,2026-07-09,Mid-Senior Level,"Python, Sql, Machine Learning, Deep Learning, Artificial Intelligence, Nlp, Tensorflow, Pytorch, Hugging Face, Scikit-Learn, Aws, Azure, Gcp, Docker, Kubernetes, Git",Full-Time,Not Disclosed,"['Python', 'Sql', 'Machine Learning', 'Deep Learning', 'Artificial Intelligence', 'Nlp', 'Tensorflow', 'Pytorch', 'Hugging Face', 'Scikit-Learn', 'Aws', 'Azure', 'Gcp', 'Docker', 'Kubernetes', 'Git']"
Principal Data Scientist - Digital Health,Alcon,"Bengaluru, Karnataka, India",https://in.linkedin.com/jobs/view/principal-data-scientist-digital-health-at-alcon-4450090718?position=54&pageNum=0&refId=00Vvr2ITUMVDRigrOm%2FAqQ%3D%3D&trackingId=v78zXmXJDUb3NSx2a%2B5r9g%3D%3D,2 Weeks Ago,2026-08-07,Mid-Senior Level,"Python, Sql, Deep Learning, Aws, Azure, Gcp",Full-Time,Not Disclosed,"['Python', 'Sql', 'Deep Learning', 'Aws', 'Azure', 'Gcp']"
Sr Data Scientist,Here Technologies,Mumbai Metropolitan Region,https://in.linkedin.com/jobs/view/sr-data-scientist-at-here-technologies-4442723388?position=55&pageNum=0&refId=00Vvr2ITUMVDRigrOm%2FAqQ%3D%3D&trackingId=vWdYxIVczJM%2F2CnzGWWUzg%3D%3D,2 Weeks Ago,2026-08-11,Mid-Senior Level,"Python, Sql, R, Machine Learning, Deep Learning, Spark",Full-Time,2532.5,"['Python', 'Sql', 'R', 'Machine Learning', 'Deep Learning', 'Spark']"
"Data Scientist – Ai, Machine Learning & Analytics",Codeclouds,Greater Kolkata Area,https://in.linkedin.com/jobs/view/data-scientist-%E2%80%93-ai-machine-learning-analytics-at-codeclouds-4435630109?position=56&pageNum=0&refId=00Vvr2ITUMVDRigrOm%2FAqQ%3D%3D&trackingId=rcS9FXzqJKT63P5pBb1nIg%3D%3D,2 Months Ago,2026-06-14,Mid-Senior Level,"Machine Learning, Deep Learning",Full-Time,Not Disclosed,"['Machine Learning', 'Deep Learning']"
Lead Data Scientist,Accenture In India,"Kochi, Kerala, India",https://in.linkedin.com/jobs/view/lead-data-scientist-at-accenture-in-india-4448345079?position=57&pageNum=0&refId=00Vvr2ITUMVDRigrOm%2FAqQ%3D%3D&trackingId=I6Wpi%2FLcCK5SWwgnNQC0Jg%3D%3D,23 Hours Ago,2026-08-25,Mid-Senior Level,"Python, Sql, R, Machine Learning, Tensorflow, Pytorch, Scikit-Learn, Aws, Azure, Gcp, Git",Full-Time,43166666.666666664,"['Python', 'Sql', 'R', 'Machine Learning', 'Tensorflow', 'Pytorch', 'Scikit-Learn', 'Aws', 'Azure', 'Gcp', 'Git']"
Senior Data Scientist,Usefulbi Corporation,"Bengaluru, Karnataka, India",https://in.linkedin.com/jobs/view/senior-data-scientist-at-usefulbi-corporation-4448171986?position=58&pageNum=0&refId=00Vvr2ITUMVDRigrOm%2FAqQ%3D%3D&trackingId=It65GpH6nABDnMadZW6DXQ%3D%3D,3 Weeks Ago,2026-08-03,Mid-Senior Level,"Python, Sql, Nlp, Tensorflow, Pytorch, Hugging Face, Pandas, Numpy, Scikit-Learn, Aws, Azure, Gcp, Docker, Git",Full-Time,Not Disclosed,"['Python', 'Sql', 'Nlp', 'Tensorflow', 'Pytorch', 'Hugging Face', 'Pandas', 'Numpy', 'Scikit-Learn', 'Aws', 'Azure', 'Gcp', 'Docker', 'Git']"
"Data Scientist Ii , Ultra",Affle,"Gurugram, Haryana, India",https://in.linkedin.com/jobs/view/data-scientist-ii-ultra-at-affle-4450139004?position=59&pageNum=0&refId=00Vvr2ITUMVDRigrOm%2FAqQ%3D%3D&trackingId=ehhnR%2FDZ9BeOBjiCm3oQkg%3D%3D,1 Month Ago,2026-07-18,Mid-Senior Level,"Python, Sql, Machine Learning, Gcp",Full-Time,50900000.0,"['Python', 'Sql', 'Machine Learning', 'Gcp']"
Affle India - Data Scientist Ii,Affle,"Gurugram, Haryana, India",https://in.linkedin.com/jobs/view/affle-india-data-scientist-ii-at-affle-4425952117?position=60&pageNum=0&refId=00Vvr2ITUMVDRigrOm%2FAqQ%3D%3D&trackingId=iZhMjdcNWqDeJxl3HGNUiA%3D%3D,2 Months Ago,2026-06-09,Mid-Senior Level,"Python, Sql, Machine Learning, Gcp",Full-Time,50900000.0,"['Python', 'Sql', 'Machine Learning', 'Gcp']"
Data Scientist-Artificial Intelligence,Ibm,"Kochi, Kerala, India",https://in.linkedin.com/jobs/view/data-scientist-artificial-intelligence-at-ibm-4446241710?position=1&pageNum=0&refId=hZuiqwOOtcQp0Nopt52now%3D%3D&trackingId=Uy7K3MgQJJ8JdwLeIMH9Mw%3D%3D,19 Hours Ago,2026-08-25,Mid-Senior Level,"Python, Sql, Machine Learning, Artificial Intelligence, Nlp, Tensorflow, Pytorch, Keras, Hugging Face, Pandas, Matplotlib, Aws, Azure, Gcp, Kubernetes, Mongodb",Full-Time,43166666.666666664,"['Python', 'Sql', 'Machine Learning', 'Artificial Intelligence', 'Nlp', 'Tensorflow', 'Pytorch', 'Keras', 'Hugging Face', 'Pandas', 'Matplotlib', 'Aws', 'Azure', 'Gcp', 'Kubernetes', 'Mongodb']"
Senior Data Scientist - I,Metlife,"Pune Division, Maharashtra, India",https://in.linkedin.com/jobs/view/senior-data-scientist-i-at-metlife-4455731862?position=2&pageNum=0&refId=hZuiqwOOtcQp0Nopt52now%3D%3D&trackingId=fBw4HVLvvRo2ECSschft%2BQ%3D%3D,22 Hours Ago,2026-08-25,Mid-Senior Level,"Python, Machine Learning, Nlp, Tensorflow, Pytorch, Scikit-Learn, Azure",Full-Time,Not Disclosed,"['Python', 'Machine Learning', 'Nlp', 'Tensorflow', 'Pytorch', 'Scikit-Learn', 'Azure']"
Senior Data Scientist,Sourcingxpress,"Gurgaon, Haryana, India",https://in.linkedin.com/jobs/view/senior-data-scientist-at-sourcingxpress-4384572454?position=3&pageNum=0&refId=hZuiqwOOtcQp0Nopt52now%3D%3D&trackingId=LwkDxsR4MExcGzS4lreeJQ%3D%3D,5 Months Ago,2026-03-16,Mid-Senior Level,"Python, Machine Learning, Deep Learning, Aws, Azure, Gcp, Databricks",Full-Time,85333333.33333333,"['Python', 'Machine Learning', 'Deep Learning', 'Aws', 'Azure', 'Gcp', 'Databricks']"
Sr Advanced Data Scientist,Honeywell Technologies,"Pune Division, Maharashtra, India",https://in.linkedin.com/jobs/view/sr-advanced-data-scientist-at-honeywell-technologies-4445700716?position=4&pageNum=0&refId=hZuiqwOOtcQp0Nopt52now%3D%3D&trackingId=hE44aWurRvZe671Iw7tpNg%3D%3D,1 Week Ago,2026-08-18,Mid-Senior Level,"Python, R, Machine Learning, Azure, Databricks",Full-Time,Not Disclosed,"['Python', 'R', 'Machine Learning', 'Azure', 'Databricks']"
Senior Data Scientist I,Metlife,"Pune Division, Maharashtra, India",https://in.linkedin.com/jobs/view/senior-data-scientist-i-at-metlife-4446306265?position=5&pageNum=0&refId=hZuiqwOOtcQp0Nopt52now%3D%3D&trackingId=UyH23z2XAGvr0oCjUxVEgg%3D%3D,3 Weeks Ago,2026-08-03,Mid-Senior Level,"Python, Machine Learning, Nlp, Tensorflow, Pytorch, Scikit-Learn, Azure",Full-Time,Not Disclosed,"['Python', 'Machine Learning', 'Nlp', 'Tensorflow', 'Pytorch', 'Scikit-Learn', 'Azure']"
Senior Data Scientist,Amplify Health,"Gurugram, Haryana, India",https://in.linkedin.com/jobs/view/senior-data-scientist-at-amplify-health-4445437035?position=6&pageNum=0&refId=hZuiqwOOtcQp0Nopt52now%3D%3D&trackingId=7z6mQ1jl9RJwOdFzCvtPaQ%3D%3D,4 Weeks Ago,2026-07-28,Mid-Senior Level,"Python, Sql, Machine Learning, Deep Learning, Nlp, Tensorflow, Pytorch, Hugging Face, Scikit-Learn, Azure, Docker, Kubernetes, Databricks",Full-Time,85333333.33333333,"['Python', 'Sql', 'Machine Learning', 'Deep Learning', 'Nlp', 'Tensorflow', 'Pytorch', 'Hugging Face', 'Scikit-Learn', 'Azure', 'Docker', 'Kubernetes', 'Databricks']"
Senior Data Scientist,Sei,Greater Hyderabad Area,https://in.linkedin.com/jobs/view/senior-data-scientist-at-sei-4407866688?position=7&pageNum=0&refId=hZuiqwOOtcQp0Nopt52now%3D%3D&trackingId=PSna5hiyQPygNkCWTNosUw%3D%3D,1 Week Ago,2026-08-14,Mid-Senior Level,"Python, Sql, R, Machine Learning, Artificial Intelligence, Tensorflow, Pytorch, Pandas, Scikit-Learn, Matplotlib, Power Bi, Tableau, Aws, Azure, Gcp, Docker, Kubernetes, Spark",Full-Time,169416666.66666666,"['Python', 'Sql', 'R', 'Machine Learning', 'Artificial Intelligence', 'Tensorflow', 'Pytorch', 'Pandas', 'Scikit-Learn', 'Matplotlib', 'Power Bi', 'Tableau', 'Aws', 'Azure', 'Gcp', 'Docker', 'Kubernetes', 'Spark']"
Lead Data Scientist,Atkinsréalis,"Gurgaon, Haryana, India",https://in.linkedin.com/jobs/view/lead-data-scientist-at-atkinsr%C3%A9alis-4446571831?position=8&pageNum=0&refId=hZuiqwOOtcQp0Nopt52now%3D%3D&trackingId=wcZqTQxkiAY%2BHuZqhENSNQ%3D%3D,3 Weeks Ago,2026-08-04,Mid-Senior Level,"Python, Machine Learning, Deep Learning, Tensorflow, Pytorch, Hugging Face, Azure",Full-Time,43166666.666666664,"['Python', 'Machine Learning', 'Deep Learning', 'Tensorflow', 'Pytorch', 'Hugging Face', 'Azure']"
Data Scientist - Machine Learning,United Airlines India Knowledge Center,"Gurugram, Haryana, India",https://in.linkedin.com/jobs/view/data-scientist-machine-learning-at-united-airlines-india-knowledge-center-4457838253?position=9&pageNum=0&refId=hZuiqwOOtcQp0Nopt52now%3D%3D&trackingId=sMh7rStz9m3UzfGh1Bf0%2FA%3D%3D,3 Days Ago,2026-08-22,Mid-Senior Level,"Python, Sql, Machine Learning, Artificial Intelligence, Git",Full-Time,50900000.0,"['Python', 'Sql', 'Machine Learning', 'Artificial Intelligence', 'Git']"
Lead Data Scientist- Gen Ai-Ml- Vice President,Citi,"Chennai, Tamil Nadu, India",https://in.linkedin.com/jobs/view/lead-data-scientist-gen-ai-ml-vice-president-at-citi-4446423940?position=10&pageNum=0&refId=hZuiqwOOtcQp0Nopt52now%3D%3D&trackingId=FQxYuwfndPOXLiDOiPaUWg%3D%3D,5 Days Ago,2026-08-20,Experience,"Python, Sql, Machine Learning, Nlp, Tensorflow, Pytorch, Pandas, Numpy, Scikit-Learn, Matplotlib, Power Bi, Tableau, Git",Full-Time,Not Disclosed,"['Python', 'Sql', 'Machine Learning', 'Nlp', 'Tensorflow', 'Pytorch', 'Pandas', 'Numpy', 'Scikit-Learn', 'Matplotlib', 'Power Bi', 'Tableau', 'Git']"
Sr Advanced Data Scientist,Honeywell Technologies,"Delhi, India",https://in.linkedin.com/jobs/view/sr-advanced-data-scientist-at-honeywell-technologies-4445717520?position=11&pageNum=0&refId=hZuiqwOOtcQp0Nopt52now%3D%3D&trackingId=WQ0DE4ydNGseJz4LAj5FhA%3D%3D,1 Week Ago,2026-08-18,Mid-Senior Level,"Python, R, Machine Learning, Azure, Databricks",Full-Time,85333333.33333333,"['Python', 'R', 'Machine Learning', 'Azure', 'Databricks']"
Data Scientist,Thales,"Noida, Uttar Pradesh, India",https://in.linkedin.com/jobs/view/data-scientist-at-thales-4417326819?position=12&pageNum=0&refId=hZuiqwOOtcQp0Nopt52now%3D%3D&trackingId=SMxbNDbSS4CZMKY5ru0lGQ%3D%3D,1 Week Ago,2026-08-15,Experience,"Python, Sql, Machine Learning, Artificial Intelligence, Gcp, Databricks",Full-Time,50900000.0,"['Python', 'Sql', 'Machine Learning', 'Artificial Intelligence', 'Gcp', 'Databricks']"
Ai/Ml Data Science / Gen Ai / Mlops,Cognizant,"Chennai, Tamil Nadu, India",https://in.linkedin.com/jobs/view/ai-ml-data-science-gen-ai-mlops-at-cognizant-4447622047?position=13&pageNum=0&refId=hZuiqwOOtcQp0Nopt52now%3D%3D&trackingId=apRJ%2F9JSAKjha6GttpP8zQ%3D%3D,2 Days Ago,2026-08-23,Mid-Senior Level,"Python, Machine Learning, Tensorflow, Pytorch, Azure, Docker, Kubernetes",Full-Time,63750000.0,"['Python', 'Machine Learning', 'Tensorflow', 'Pytorch', 'Azure', 'Docker', 'Kubernetes']"
Machine Learning Engineer,Simplify Healthcare,"Pune Division, Maharashtra, India",https://in.linkedin.com/jobs/view/machine-learning-engineer-at-simplify-healthcare-4455251418?position=14&pageNum=0&refId=hZuiqwOOtcQp0Nopt52now%3D%3D&trackingId=qtWn41VTnUdDe%2FgiK%2FjCmg%3D%3D,1 Week Ago,2026-08-17,Mid-Senior Level,"Python, Sql, Aws, Azure, Gcp, Spark, Databricks",Full-Time,Not Disclosed,"['Python', 'Sql', 'Aws', 'Azure', 'Gcp', 'Spark', 'Databricks']"
Senior Data Scientist,"Invoicecloud, Inc.","Hyderabad, Telangana, India",https://in.linkedin.com/jobs/view/senior-data-scientist-at-invoicecloud-inc-4419691849?position=15&pageNum=0&refId=hZuiqwOOtcQp0Nopt52now%3D%3D&trackingId=1N62ux75jaXroxKB%2B4N%2FZQ%3D%3D,2 Weeks Ago,2026-08-05,Mid-Senior Level,"Python, Sql, Machine Learning, Deep Learning, Tensorflow, Pytorch, Pandas, Numpy, Scikit-Learn, Aws, Azure, Gcp, Docker, Kubernetes, Databricks, Git",Full-Time,169416666.66666666,"['Python', 'Sql', 'Machine Learning', 'Deep Learning', 'Tensorflow', 'Pytorch', 'Pandas', 'Numpy', 'Scikit-Learn', 'Aws', 'Azure', 'Gcp', 'Docker', 'Kubernetes', 'Databricks', 'Git']"
Principal Data Scientist,Atlassian,Greater Kolkata Area,https://in.linkedin.com/jobs/view/principal-data-scientist-at-atlassian-4454857134?position=16&pageNum=0&refId=hZuiqwOOtcQp0Nopt52now%3D%3D&trackingId=KfCCs12AkP6par9%2F8V1SyA%3D%3D,1 Week Ago,2026-08-15,Mid-Senior Level,"Python, Sql, R, Machine Learning, Pandas, Numpy, Scikit-Learn, Matplotlib, Tableau",Full-Time,Not Disclosed,"['Python', 'Sql', 'R', 'Machine Learning', 'Pandas', 'Numpy', 'Scikit-Learn', 'Matplotlib', 'Tableau']"
Data Scientist I,Kroll,"Hyderabad, Telangana, India",https://in.linkedin.com/jobs/view/data-scientist-i-at-kroll-4453474215?position=17&pageNum=0&refId=hZuiqwOOtcQp0Nopt52now%3D%3D&trackingId=o%2F2ymRBsLScqLnqqA3fT7A%3D%3D,6 Days Ago,2026-08-19,Entry Level,"Python, Machine Learning, Deep Learning, Nlp, Tensorflow, Pytorch, Hugging Face, Pandas, Numpy, Scikit-Learn, Aws, Azure, Gcp, Spark, Databricks",Full-Time,43166666.666666664,"['Python', 'Machine Learning', 'Deep Learning', 'Nlp', 'Tensorflow', 'Pytorch', 'Hugging Face', 'Pandas', 'Numpy', 'Scikit-Learn', 'Aws', 'Azure', 'Gcp', 'Spark', 'Databricks']"
Data Scientist + Databricks Ai/Ml - Sr Architect,Birlasoft,Pune/Pimpri-Chinchwad Area,https://in.linkedin.com/jobs/view/data-scientist-%2B-databricks-ai-ml-sr-architect-at-birlasoft-4453578053?position=18&pageNum=0&refId=hZuiqwOOtcQp0Nopt52now%3D%3D&trackingId=aO2pZQ3TBSCK6kmCKO9teA%3D%3D,1 Week Ago,2026-08-14,Mid-Senior Level,"Python, Sql, Nlp, Tensorflow, Pytorch, Scikit-Learn, Power Bi, Tableau, Aws, Azure, Gcp, Databricks",Full-Time,Not Disclosed,"['Python', 'Sql', 'Nlp', 'Tensorflow', 'Pytorch', 'Scikit-Learn', 'Power Bi', 'Tableau', 'Aws', 'Azure', 'Gcp', 'Databricks']"
Senior Principal Data Scientist,Atkinsréalis,"Bengaluru East, Karnataka, India",https://in.linkedin.com/jobs/view/senior-principal-data-scientist-at-atkinsr%C3%A9alis-4394640162?position=19&pageNum=0&refId=hZuiqwOOtcQp0Nopt52now%3D%3D&trackingId=O1pn%2FiJ%2BDmLvBL0o%2F4rWHw%3D%3D,4 Months Ago,2026-04-07,Mid-Senior Level,"Python, Machine Learning, Nlp, Tensorflow, Pytorch, Hugging Face, Aws, Azure",Full-Time,211833333.33333334,"['Python', 'Machine Learning', 'Nlp', 'Tensorflow', 'Pytorch', 'Hugging Face', 'Aws', 'Azure']"
Data Science And Aiml Lead - Aitds,Cognizant,"Hyderabad, Telangana, India",https://in.linkedin.com/jobs/view/data-science-and-aiml-lead-aitds-at-cognizant-4414475083?position=20&pageNum=0&refId=hZuiqwOOtcQp0Nopt52now%3D%3D&trackingId=c5jP2vyPCFLiUy7meF8QtA%3D%3D,2 Weeks Ago,2026-08-08,Mid-Senior Level,"Python, Machine Learning, Tensorflow, Pytorch, Scikit-Learn, Aws, Azure, Gcp",Full-Time,Not Disclosed,"['Python', 'Machine Learning', 'Tensorflow', 'Pytorch', 'Scikit-Learn', 'Aws', 'Azure', 'Gcp']"
Straviso - Senior Data Scientist - Machine Learning,Straviso,Greater Kolkata Area,https://in.linkedin.com/jobs/view/straviso-senior-data-scientist-machine-learning-at-straviso-4438548274?position=21&pageNum=0&refId=hZuiqwOOtcQp0Nopt52now%3D%3D&trackingId=qOu8qhYpZuD8HkI%2B4us7Qw%3D%3D,1 Month Ago,2026-07-09,Mid-Senior Level,"Python, Sql, Machine Learning, Deep Learning, Artificial Intelligence, Nlp, Tensorflow, Pytorch, Hugging Face, Scikit-Learn, Aws, Azure, Gcp, Docker, Kubernetes, Spark, Git",Full-Time,Not Disclosed,"['Python', 'Sql', 'Machine Learning', 'Deep Learning', 'Artificial Intelligence', 'Nlp', 'Tensorflow', 'Pytorch', 'Hugging Face', 'Scikit-Learn', 'Aws', 'Azure', 'Gcp', 'Docker', 'Kubernetes', 'Spark', 'Git']"
Data Scientist I,Kroll,"New Delhi, Delhi, India",https://in.linkedin.com/jobs/view/data-scientist-i-at-kroll-4453471229?position=22&pageNum=0&refId=hZuiqwOOtcQp0Nopt52now%3D%3D&trackingId=qHYxJ1vgQtmdn8Q5nMD%2FHA%3D%3D,6 Days Ago,2026-08-19,Entry Level,"Python, Machine Learning, Deep Learning, Nlp, Tensorflow, Pytorch, Hugging Face, Pandas, Numpy, Scikit-Learn, Aws, Azure, Gcp, Spark, Databricks",Full-Time,50900000.0,"['Python', 'Machine Learning', 'Deep Learning', 'Nlp', 'Tensorflow', 'Pytorch', 'Hugging Face', 'Pandas', 'Numpy', 'Scikit-Learn', 'Aws', 'Azure', 'Gcp', 'Spark', 'Databricks']"
Data Scientist,Avahi,"Pune Division, Maharashtra, India",https://in.linkedin.com/jobs/view/data-scientist-at-avahi-4436347282?position=23&pageNum=0&refId=hZuiqwOOtcQp0Nopt52now%3D%3D&trackingId=%2B6LlQubiIHqVOvOBY2cLcg%3D%3D,1 Week Ago,2026-08-15,Mid-Senior Level,"Python, Pytorch, Aws",Full-Time,Not Disclosed,"['Python', 'Pytorch', 'Aws']"
Data Scientist – Mortgage Analytics & Ai,Loandna,"Chennai, Tamil Nadu, India",https://in.linkedin.com/jobs/view/data-scientist-%E2%80%93-mortgage-analytics-ai-at-loandna-4453688615?position=24&pageNum=0&refId=hZuiqwOOtcQp0Nopt52now%3D%3D&trackingId=WyvFJ5Opdsn0ZJN%2FwVcI%2FQ%3D%3D,1 Week Ago,2026-08-13,Mid-Senior Level,"Python, Sql, Machine Learning, Deep Learning, Tensorflow, Pytorch, Pandas, Numpy, Scikit-Learn, Aws, Azure, Docker, Kubernetes, Databricks, Git",Full-Time,43166666.666666664,"['Python', 'Sql', 'Machine Learning', 'Deep Learning', 'Tensorflow', 'Pytorch', 'Pandas', 'Numpy', 'Scikit-Learn', 'Aws', 'Azure', 'Docker', 'Kubernetes', 'Databricks', 'Git']"
Staff Data Scientist,Stryker,"Gurugram, Haryana, India",https://in.linkedin.com/jobs/view/staff-data-scientist-at-stryker-4436215738?position=25&pageNum=0&refId=hZuiqwOOtcQp0Nopt52now%3D%3D&trackingId=xGS57N0tn9XQX286PKU1Ig%3D%3D,1 Month Ago,2026-07-07,Associate,"Python, Sql, Machine Learning, Nlp, Power Bi, Azure, Spark, Databricks, Git",Full-Time,512.5,"['Python', 'Sql', 'Machine Learning', 'Nlp', 'Power Bi', 'Azure', 'Spark', 'Databricks', 'Git']"
Lead Data Scientist,Gartner,"Gurgaon, Haryana, India",https://in.linkedin.com/jobs/view/lead-data-scientist-at-gartner-4446434435?position=27&pageNum=0&refId=hZuiqwOOtcQp0Nopt52now%3D%3D&trackingId=TVSYCAQFLMQfvzznlFiIVQ%3D%3D,6 Days Ago,2026-08-20,Experience,"Python, Sql, Machine Learning, Deep Learning, Artificial Intelligence, Nlp, Tensorflow, Pytorch, Pandas, Numpy, Scikit-Learn, Power Bi, Aws, Azure, Gcp, Spark, Databricks",Full-Time,43166666.666666664,"['Python', 'Sql', 'Machine Learning', 'Deep Learning', 'Artificial Intelligence', 'Nlp', 'Tensorflow', 'Pytorch', 'Pandas', 'Numpy', 'Scikit-Learn', 'Power Bi', 'Aws', 'Azure', 'Gcp', 'Spark', 'Databricks']"
"Lead, Data Scientist",Bain & Company,"Gurugram, Haryana, India",https://in.linkedin.com/jobs/view/lead-data-scientist-at-bain-company-4440907806?position=28&pageNum=0&refId=hZuiqwOOtcQp0Nopt52now%3D%3D&trackingId=IXuu33C6aO8eu%2BlJu%2FmGOw%3D%3D,2 Weeks Ago,2026-08-09,Experience,"Python, Sql, Machine Learning, Deep Learning, Artificial Intelligence, Nlp, Aws, Azure, Gcp, Docker, Spark, Mongodb, Postgresql",Full-Time,43166666.666666664,"['Python', 'Sql', 'Machine Learning', 'Deep Learning', 'Artificial Intelligence', 'Nlp', 'Aws', 'Azure', 'Gcp', 'Docker', 'Spark', 'Mongodb', 'Postgresql']"
Senior Data Scientist,"Fourkites, Inc.",Greater Chennai Area,https://in.linkedin.com/jobs/view/senior-data-scientist-at-fourkites-inc-4458585972?position=29&pageNum=0&refId=hZuiqwOOtcQp0Nopt52now%3D%3D&trackingId=A3BavMLn1nyQnEoFjrTa%2FQ%3D%3D,1 Day Ago,2026-08-25,Mid-Senior Level,"Python, Sql, Machine Learning, Nlp, Pandas, Scikit-Learn, Aws",Full-Time,Not Disclosed,"['Python', 'Sql', 'Machine Learning', 'Nlp', 'Pandas', 'Scikit-Learn', 'Aws']"
Data Scientist-Artificial Intelligence,Ibm,"Pune Division, Maharashtra, India",https://in.linkedin.com/jobs/view/data-scientist-artificial-intelligence-at-ibm-4446243677?position=30&pageNum=0&refId=hZuiqwOOtcQp0Nopt52now%3D%3D&trackingId=inuiRt2llZFxbcpH29bRXg%3D%3D,19 Hours Ago,2026-08-25,Mid-Senior Level,"Python, Sql, Machine Learning, Artificial Intelligence, Nlp, Tensorflow, Pytorch, Keras, Hugging Face, Pandas, Matplotlib, Aws, Azure, Gcp, Kubernetes, Mongodb",Full-Time,42266666.666666664,"['Python', 'Sql', 'Machine Learning', 'Artificial Intelligence', 'Nlp', 'Tensorflow', 'Pytorch', 'Keras', 'Hugging Face', 'Pandas', 'Matplotlib', 'Aws', 'Azure', 'Gcp', 'Kubernetes', 'Mongodb']"
Lead Data Scientist,Xcaliber Health,"Bengaluru East, Karnataka, India",https://in.linkedin.com/jobs/view/lead-data-scientist-at-xcaliber-health-4434281766?position=31&pageNum=0&refId=hZuiqwOOtcQp0Nopt52now%3D%3D&trackingId=iRRbIGwJpjvyCkt7lF%2BTfQ%3D%3D,1 Month Ago,2026-06-28,Mid-Senior Level,"Python, Machine Learning, Nlp",Full-Time,Not Disclosed,"['Python', 'Machine Learning', 'Nlp']"
Principal Data Scientist,Jaggaer,Greater Hyderabad Area,https://in.linkedin.com/jobs/view/principal-data-scientist-at-jaggaer-4451521110?position=32&pageNum=0&refId=hZuiqwOOtcQp0Nopt52now%3D%3D&trackingId=0Pj1E1oLdhBFVCpd%2FE2lxw%3D%3D,2 Weeks Ago,2026-08-10,Mid-Senior Level,"Python, Sql, R, Tensorflow, Pytorch, Pandas, Scikit-Learn, Tableau, Aws, Azure, Gcp, Docker, Kubernetes, Git",Full-Time,Not Disclosed,"['Python', 'Sql', 'R', 'Tensorflow', 'Pytorch', 'Pandas', 'Scikit-Learn', 'Tableau', 'Aws', 'Azure', 'Gcp', 'Docker', 'Kubernetes', 'Git']"
Senior Data Scientist,Sonatype,"Hyderabad, Telangana, India",https://in.linkedin.com/jobs/view/senior-data-scientist-at-sonatype-4448280537?position=33&pageNum=0&refId=hZuiqwOOtcQp0Nopt52now%3D%3D&trackingId=0P4ofcSc%2Br8UCqsGrCPqUw%3D%3D,1 Day Ago,2026-08-25,Associate,"Python, Java, Machine Learning, Deep Learning, Artificial Intelligence, Tensorflow, Pytorch, Scikit-Learn, Aws, Databricks, Git",Full-Time,169416666.66666666,"['Python', 'Java', 'Machine Learning', 'Deep Learning', 'Artificial Intelligence', 'Tensorflow', 'Pytorch', 'Scikit-Learn', 'Aws', 'Databricks', 'Git']"
Senior Data Scientist,Skan Ai,"Bengaluru, Karnataka, India",https://in.linkedin.com/jobs/view/senior-data-scientist-at-skan-ai-4456247269?position=34&pageNum=0&refId=hZuiqwOOtcQp0Nopt52now%3D%3D&trackingId=OlI2NxuNzuXPMvirDxJeCw%3D%3D,4 Days Ago,2026-08-21,Mid-Senior Level,"Python, Deep Learning, Nlp, Spark, Databricks",Full-Time,Not Disclosed,"['Python', 'Deep Learning', 'Nlp', 'Spark', 'Databricks']"
Senior Data Scientist,Aligned Automation,"Pune Division, Maharashtra, India",https://in.linkedin.com/jobs/view/senior-data-scientist-at-aligned-automation-4454272168?position=35&pageNum=0&refId=hZuiqwOOtcQp0Nopt52now%3D%3D&trackingId=ArD9p4ncRWwUZM7oX%2F%2FuCQ%3D%3D,1 Week Ago,2026-08-13,Mid-Senior Level,"Python, Machine Learning, Tensorflow, Pytorch, Pandas, Scikit-Learn",Full-Time,Not Disclosed,"['Python', 'Machine Learning', 'Tensorflow', 'Pytorch', 'Pandas', 'Scikit-Learn']"
Senior Data Scientist,Sourcingxpress,"Hyderabad, Telangana, India",https://in.linkedin.com/jobs/view/senior-data-scientist-at-sourcingxpress-4377843079?position=36&pageNum=0&refId=hZuiqwOOtcQp0Nopt52now%3D%3D&trackingId=NM2Ny9fts9wmNGdmDuiQmw%3D%3D,5 Months Ago,2026-02-27,Mid-Senior Level,"Python, Sql, Machine Learning, Aws, Azure, Gcp, Docker, Spark",Full-Time,148333333.33333334,"['Python', 'Sql', 'Machine Learning', 'Aws', 'Azure', 'Gcp', 'Docker', 'Spark']"
Senior Data Scientist,Citiustech,"Hyderabad, Telangana, India",https://in.linkedin.com/jobs/view/senior-data-scientist-at-citiustech-4447280305?position=37&pageNum=0&refId=hZuiqwOOtcQp0Nopt52now%3D%3D&trackingId=Kw%2FgCjxZscQvxcm1kt9%2Bxg%3D%3D,3 Weeks Ago,2026-07-31,Mid-Senior Level,"Python, Sql, Machine Learning, Nlp, Tensorflow, Pytorch, Scikit-Learn, Power Bi, Tableau, Azure, Databricks",Full-Time,169416666.66666666,"['Python', 'Sql', 'Machine Learning', 'Nlp', 'Tensorflow', 'Pytorch', 'Scikit-Learn', 'Power Bi', 'Tableau', 'Azure', 'Databricks']"
Staff Data Scientist – Healthcare,Anblicks,"Hyderabad, Telangana, India",https://in.linkedin.com/jobs/view/staff-data-scientist-%E2%80%93-healthcare-at-anblicks-4425796423?position=38&pageNum=0&refId=hZuiqwOOtcQp0Nopt52now%3D%3D&trackingId=rI6ehXmV04vOQaqnnmRyiQ%3D%3D,2 Months Ago,2026-06-15,Mid-Senior Level,"Python, R, Machine Learning, Deep Learning, Aws, Docker, Kubernetes, Spark, Databricks",Full-Time,Not Disclosed,"['Python', 'R', 'Machine Learning', 'Deep Learning', 'Aws', 'Docker', 'Kubernetes', 'Spark', 'Databricks']"
Machine Learning-Ai And Data Science Engineer Iii,Deloitte,"Chennai, Tamil Nadu, India",https://in.linkedin.com/jobs/view/machine-learning-ai-and-data-science-engineer-iii-at-deloitte-4425095675?position=39&pageNum=0&refId=hZuiqwOOtcQp0Nopt52now%3D%3D&trackingId=AuWcK2FhD1MRJshWX8uvSw%3D%3D,1 Week Ago,2026-08-15,Experience,"Python, Sql, Machine Learning, Artificial Intelligence, Pandas, Numpy, Scikit-Learn, Tableau, Aws, Azure, Gcp, Docker, Databricks, Git",Full-Time,Not Disclosed,"['Python', 'Sql', 'Machine Learning', 'Artificial Intelligence', 'Pandas', 'Numpy', 'Scikit-Learn', 'Tableau', 'Aws', 'Azure', 'Gcp', 'Docker', 'Databricks', 'Git']"
Senior Data Scientist,Cognite,"Bengaluru, Karnataka, India",https://in.linkedin.com/jobs/view/senior-data-scientist-at-cognite-4446547646?position=40&pageNum=0&refId=hZuiqwOOtcQp0Nopt52now%3D%3D&trackingId=UrBrz4yAn%2BErmc0tihmQVw%3D%3D,6 Days Ago,2026-08-19,Mid-Senior Level,"Python, Sql, Machine Learning, Aws, Azure, Gcp, Git",Full-Time,Not Disclosed,"['Python', 'Sql', 'Machine Learning', 'Aws', 'Azure', 'Gcp', 'Git']"
Machine Learning-Lead Ai And Data Science Engineer Ii,Deloitte,"Chennai, Tamil Nadu, India",https://in.linkedin.com/jobs/view/machine-learning-lead-ai-and-data-science-engineer-ii-at-deloitte-4440237541?position=41&pageNum=0&refId=hZuiqwOOtcQp0Nopt52now%3D%3D&trackingId=%2FPhVDwwErGv036nZXaxGSQ%3D%3D,2 Weeks Ago,2026-08-06,Experience,"Python, Sql, Deep Learning, Nlp, Tensorflow, Pytorch, Keras, Aws, Azure, Gcp, Docker, Git",Full-Time,Not Disclosed,"['Python', 'Sql', 'Deep Learning', 'Nlp', 'Tensorflow', 'Pytorch', 'Keras', 'Aws', 'Azure', 'Gcp', 'Docker', 'Git']"
Machine Learning Engineer/Data Engineer,Adient,"Pune City, Maharashtra, India",https://in.linkedin.com/jobs/view/machine-learning-engineer-data-engineer-at-adient-4411506846?position=42&pageNum=0&refId=hZuiqwOOtcQp0Nopt52now%3D%3D&trackingId=odlNke9Zy0Vu%2Fv%2FjSZ144Q%3D%3D,3 Months Ago,2026-05-14,Mid-Senior Level,"Python, Sql, Machine Learning, Pandas, Numpy, Scikit-Learn, Matplotlib, Azure",Full-Time,63750000.0,"['Python', 'Sql', 'Machine Learning', 'Pandas', 'Numpy', 'Scikit-Learn', 'Matplotlib', 'Azure']"
Data Scientist Iii,Navi,"Bangalore Urban, Karnataka, India",https://in.linkedin.com/jobs/view/data-scientist-iii-at-navi-4448539970?position=43&pageNum=0&refId=hZuiqwOOtcQp0Nopt52now%3D%3D&trackingId=YmgGhbMFQuzQOnTQBfEirQ%3D%3D,3 Weeks Ago,2026-08-04,Mid-Senior Level,"Python, Machine Learning, Deep Learning, Tensorflow, Keras, Scikit-Learn",Full-Time,Not Disclosed,"['Python', 'Machine Learning', 'Deep Learning', 'Tensorflow', 'Keras', 'Scikit-Learn']"
Senior Lead Data Scientist,4Flow,"Bengaluru, Karnataka, India",https://in.linkedin.com/jobs/view/senior-lead-data-scientist-at-4flow-4443937418?position=44&pageNum=0&refId=hZuiqwOOtcQp0Nopt52now%3D%3D&trackingId=%2BLKL%2FSOs5U5V%2Fc6rgdQnHg%3D%3D,1 Week Ago,2026-08-13,Mid-Senior Level,Machine Learning,Full-Time,Not Disclosed,['Machine Learning']
Lead Data Scientist,Philips,"Bengaluru, Karnataka, India",https://in.linkedin.com/jobs/view/lead-data-scientist-at-philips-4448528032?position=45&pageNum=0&refId=hZuiqwOOtcQp0Nopt52now%3D%3D&trackingId=T6YRFE%2FpfpN6Kk7fzsoIbg%3D%3D,1 Hour Ago,2026-08-26,Mid-Senior Level,"Python, Sql, Machine Learning, Deep Learning, Nlp, Tensorflow, Pytorch, Aws, Azure",Full-Time,Not Disclosed,"['Python', 'Sql', 'Machine Learning', 'Deep Learning', 'Nlp', 'Tensorflow', 'Pytorch', 'Aws', 'Azure']"
Datanimbus - Ml Architect - Data Science,Datanimbus,Greater Kolkata Area,https://in.linkedin.com/jobs/view/datanimbus-ml-architect-data-science-at-datanimbus-4445358620?position=46&pageNum=0&refId=hZuiqwOOtcQp0Nopt52now%3D%3D&trackingId=vhFBEXJp2uCTUe4kuDfY0w%3D%3D,1 Month Ago,2026-07-26,Mid-Senior Level,"Machine Learning, Tensorflow, Pytorch, Pandas, Scikit-Learn, Aws, Azure, Gcp, Spark, Databricks",Full-Time,22583333.333333332,"['Machine Learning', 'Tensorflow', 'Pytorch', 'Pandas', 'Scikit-Learn', 'Aws', 'Azure', 'Gcp', 'Spark', 'Databricks']"
Analyst - Data Scientist,United Airlines India Knowledge Center,"Gurugram, Haryana, India",https://in.linkedin.com/jobs/view/analyst-data-scientist-at-united-airlines-india-knowledge-center-4450731636?position=47&pageNum=0&refId=hZuiqwOOtcQp0Nopt52now%3D%3D&trackingId=H6Cr%2FC87HOcpsJ75ld%2Fazw%3D%3D,2 Weeks Ago,2026-08-07,Entry Level,"Python, Sql, Machine Learning, Artificial Intelligence, Aws, Azure, Gcp, Git",Full-Time,50900000.0,"['Python', 'Sql', 'Machine Learning', 'Artificial Intelligence', 'Aws', 'Azure', 'Gcp', 'Git']"
Senior Data Scientist (5 To 8 Years),Fractal,"Bengaluru, Karnataka, India",https://in.linkedin.com/jobs/view/senior-data-scientist-5-to-8-years-at-fractal-4389546678?position=49&pageNum=0&refId=hZuiqwOOtcQp0Nopt52now%3D%3D&trackingId=Q%2F%2BoEnnRMQw67N6fvpDVoQ%3D%3D,1 Week Ago,2026-08-14,Mid-Senior Level,"Python, R, Machine Learning, Azure, Gcp, Spark, Databricks",Full-Time,Not Disclosed,"['Python', 'R', 'Machine Learning', 'Azure', 'Gcp', 'Spark', 'Databricks']"
Product Specialist,Bajaj Finserv,"Pune Division, Maharashtra, India",https://in.linkedin.com/jobs/view/product-specialist-at-bajaj-finserv-4420472918?position=50&pageNum=0&refId=hZuiqwOOtcQp0Nopt52now%3D%3D&trackingId=cKZrK6BuVqb98x2atCrcDw%3D%3D,2 Months Ago,2026-05-28,Associate,"Python, Sql, Tensorflow, Pytorch, Pandas, Spark, Mongodb, Git",Full-Time,Not Disclosed,"['Python', 'Sql', 'Tensorflow', 'Pytorch', 'Pandas', 'Spark', 'Mongodb', 'Git']"
Data Scientist 10+Yrs,Iqlexa Technologies,"Pune Division, Maharashtra, India",https://in.linkedin.com/jobs/view/data-scientist-10%2Byrs-at-iqlexa-technologies-4454168982?position=51&pageNum=0&refId=hZuiqwOOtcQp0Nopt52now%3D%3D&trackingId=mcdjKEeGvmVIe4Z57C%2FECg%3D%3D,5 Days Ago,2026-08-21,Entry Level,"Python, Sql, Machine Learning, Deep Learning, Nlp, Tensorflow, Pytorch, Pandas, Numpy, Scikit-Learn, Aws, Azure, Gcp, Spark",Full-Time,Not Disclosed,"['Python', 'Sql', 'Machine Learning', 'Deep Learning', 'Nlp', 'Tensorflow', 'Pytorch', 'Pandas', 'Numpy', 'Scikit-Learn', 'Aws', 'Azure', 'Gcp', 'Spark']"
Data Scientist,Exl,"Pune Division, Maharashtra, India",https://in.linkedin.com/jobs/view/data-scientist-at-exl-4446724288?position=52&pageNum=0&refId=hZuiqwOOtcQp0Nopt52now%3D%3D&trackingId=%2BKWjiGxyxHZbBDb%2Fz19yBw%3D%3D,5 Days Ago,2026-08-20,Mid-Senior Level,"Python, Sql, Machine Learning, Deep Learning, Nlp, Pandas, Numpy, Scikit-Learn, Aws, Azure, Spark, Databricks",Full-Time,42266666.666666664,"['Python', 'Sql', 'Machine Learning', 'Deep Learning', 'Nlp', 'Pandas', 'Numpy', 'Scikit-Learn', 'Aws', 'Azure', 'Spark', 'Databricks']"
Straviso - Data Scientist - Artificial Intelligence/Machine Learning,Straviso,Greater Kolkata Area,https://in.linkedin.com/jobs/view/straviso-data-scientist-artificial-intelligence-machine-learning-at-straviso-4438549287?position=53&pageNum=0&refId=hZuiqwOOtcQp0Nopt52now%3D%3D&trackingId=Wm%2B%2BXdxnfUAWE%2B5WepMHTQ%3D%3D,1 Month Ago,2026-07-09,Mid-Senior Level,"Python, Sql, Machine Learning, Deep Learning, Artificial Intelligence, Nlp, Tensorflow, Pytorch, Hugging Face, Scikit-Learn, Aws, Azure, Gcp, Docker, Kubernetes, Git",Full-Time,Not Disclosed,"['Python', 'Sql', 'Machine Learning', 'Deep Learning', 'Artificial Intelligence', 'Nlp', 'Tensorflow', 'Pytorch', 'Hugging Face', 'Scikit-Learn', 'Aws', 'Azure', 'Gcp', 'Docker', 'Kubernetes', 'Git']"
Principal Data Scientist - Digital Health,Alcon,"Bengaluru, Karnataka, India",https://in.linkedin.com/jobs/view/principal-data-scientist-digital-health-at-alcon-4450090718?position=54&pageNum=0&refId=hZuiqwOOtcQp0Nopt52now%3D%3D&trackingId=iMuEfTmkEbcJqt5T3bh5yw%3D%3D,2 Weeks Ago,2026-08-07,Mid-Senior Level,"Python, Sql, Deep Learning, Aws, Azure, Gcp",Full-Time,Not Disclosed,"['Python', 'Sql', 'Deep Learning', 'Aws', 'Azure', 'Gcp']"
Sr Data Scientist,Here Technologies,Mumbai Metropolitan Region,https://in.linkedin.com/jobs/view/sr-data-scientist-at-here-technologies-4442723388?position=55&pageNum=0&refId=hZuiqwOOtcQp0Nopt52now%3D%3D&trackingId=ExI%2FeORZklOuuXSWPe%2Fr4Q%3D%3D,2 Weeks Ago,2026-08-11,Mid-Senior Level,"Python, Sql, R, Machine Learning, Deep Learning, Spark",Full-Time,2532.5,"['Python', 'Sql', 'R', 'Machine Learning', 'Deep Learning', 'Spark']"
"Data Scientist – Ai, Machine Learning & Analytics",Codeclouds,Greater Kolkata Area,https://in.linkedin.com/jobs/view/data-scientist-%E2%80%93-ai-machine-learning-analytics-at-codeclouds-4435630109?position=56&pageNum=0&refId=hZuiqwOOtcQp0Nopt52now%3D%3D&trackingId=KVX4KfIr3YxgU2tPVfkWuA%3D%3D,2 Months Ago,2026-06-14,Mid-Senior Level,"Machine Learning, Deep Learning",Full-Time,Not Disclosed,"['Machine Learning', 'Deep Learning']"
Affle India - Data Scientist Ii,Affle,"Gurugram, Haryana, India",https://in.linkedin.com/jobs/view/affle-india-data-scientist-ii-at-affle-4425952117?position=60&pageNum=0&refId=hZuiqwOOtcQp0Nopt52now%3D%3D&trackingId=lmR9sPa0ij%2BAbTvVl%2BDzCA%3D%3D,2 Months Ago,2026-06-09,Mid-Senior Level,"Python, Sql, Machine Learning, Gcp",Full-Time,50900000.0,"['Python', 'Sql', 'Machine Learning', 'Gcp']"
Ai Data Engineer [T500-28265],Comply,"Kochi, Kerala, India",https://in.linkedin.com/jobs/view/ai-data-engineer-t500-28265-at-comply-4450235303?position=2&pageNum=0&refId=1jFvyh9RiZI%2FMc%2Bi5QFy7Q%3D%3D&trackingId=e9imdXhdI7LFBozXYPuVZQ%3D%3D,2 Weeks Ago,2026-08-06,Mid-Senior Level,"Python, Aws, Azure, Gcp",Full-Time,Not Disclosed,"['Python', 'Aws', 'Azure', 'Gcp']"
Ai / Ml Engineer,Accenture In India,"Coimbatore, Tamil Nadu, India",https://in.linkedin.com/jobs/view/ai-ml-engineer-at-accenture-in-india-4448497520?position=3&pageNum=0&refId=1jFvyh9RiZI%2FMc%2Bi5QFy7Q%3D%3D&trackingId=2NhNABYGYwUtyNMjiKMYog%3D%3D,2 Weeks Ago,2026-08-07,Mid-Senior Level,"Python, R, Machine Learning, Deep Learning, Artificial Intelligence",Full-Time,21733333.333333332,"['Python', 'R', 'Machine Learning', 'Deep Learning', 'Artificial Intelligence']"
Data Platform Engineer,Accenture In India,"Bhubaneswar, Odisha, India",https://in.linkedin.com/jobs/view/data-platform-engineer-at-accenture-in-india-4448338922?position=4&pageNum=0&refId=1jFvyh9RiZI%2FMc%2Bi5QFy7Q%3D%3D&trackingId=J8ssk49Y7808Rr37LvieWQ%3D%3D,21 Hours Ago,2026-08-25,Mid-Senior Level,Databricks,Full-Time,Not Disclosed,['Databricks']
Ai Engineer,Shamrock Ai,"Shillong, Meghalaya, India",https://in.linkedin.com/jobs/view/ai-engineer-at-shamrock-ai-4430825102?position=5&pageNum=0&refId=1jFvyh9RiZI%2FMc%2Bi5QFy7Q%3D%3D&trackingId=kEgWcxKNc14HJGJiIQZfTQ%3D%3D,2 Months Ago,2026-06-22,Mid-Senior Level,"Python, R, Kubernetes, Databricks",Full-Time,Not Disclosed,"['Python', 'R', 'Kubernetes', 'Databricks']"
Data Scientist-Artificial Intelligence,Ibm,"Kochi, Kerala, India",https://in.linkedin.com/jobs/view/data-scientist-artificial-intelligence-at-ibm-4446241710?position=6&pageNum=0&refId=1jFvyh9RiZI%2FMc%2Bi5QFy7Q%3D%3D&trackingId=fh5Uh%2FzoSPcU2KdBDDoQ%2FA%3D%3D,19 Hours Ago,2026-08-25,Mid-Senior Level,"Python, Sql, Machine Learning, Artificial Intelligence, Nlp, Tensorflow, Pytorch, Keras, Hugging Face, Pandas, Matplotlib, Aws, Azure, Gcp, Kubernetes, Mongodb",Full-Time,43166666.666666664,"['Python', 'Sql', 'Machine Learning', 'Artificial Intelligence', 'Nlp', 'Tensorflow', 'Pytorch', 'Keras', 'Hugging Face', 'Pandas', 'Matplotlib', 'Aws', 'Azure', 'Gcp', 'Kubernetes', 'Mongodb']"
Ai Engineer — Digital Transformation,Qube Cinema,"Chennai, Tamil Nadu, India",https://in.linkedin.com/jobs/view/ai-engineer-%E2%80%94-digital-transformation-at-qube-cinema-4432005120?position=7&pageNum=0&refId=1jFvyh9RiZI%2FMc%2Bi5QFy7Q%3D%3D&trackingId=xfIhZj9v%2BU84igwPQo7bLA%3D%3D,2 Months Ago,2026-06-22,Mid-Senior Level,"Python, Sql, R, Machine Learning, Deep Learning, Nlp, Tensorflow, Pytorch, Pandas, Numpy, Scikit-Learn, Docker, Postgresql, Git",Full-Time,106416666.66666667,"['Python', 'Sql', 'R', 'Machine Learning', 'Deep Learning', 'Nlp', 'Tensorflow', 'Pytorch', 'Pandas', 'Numpy', 'Scikit-Learn', 'Docker', 'Postgresql', 'Git']"
Ai/Ml Data Science / Gen Ai / Mlops,Cognizant,"Chennai, Tamil Nadu, India",https://in.linkedin.com/jobs/view/ai-ml-data-science-gen-ai-mlops-at-cognizant-4447622047?position=8&pageNum=0&refId=1jFvyh9RiZI%2FMc%2Bi5QFy7Q%3D%3D&trackingId=ZgHKtVagC656DT8uWAGRcg%3D%3D,2 Days Ago,2026-08-23,Mid-Senior Level,"Python, Machine Learning, Tensorflow, Pytorch, Azure, Docker, Kubernetes",Full-Time,63750000.0,"['Python', 'Machine Learning', 'Tensorflow', 'Pytorch', 'Azure', 'Docker', 'Kubernetes']"
India: Ai Analyst,H&P,"Taleigao, Goa, India",https://in.linkedin.com/jobs/view/india-ai-analyst-at-h-p-4435427574?position=9&pageNum=0&refId=1jFvyh9RiZI%2FMc%2Bi5QFy7Q%3D%3D&trackingId=U0pKYZKFhlKvb%2FNC9RSHHg%3D%3D,1 Week Ago,2026-08-14,Mid-Senior Level,"Python, Machine Learning, Deep Learning, Nlp, Tensorflow, Pytorch, Scikit-Learn, Azure, Databricks",Full-Time,2113333.333333333,"['Python', 'Machine Learning', 'Deep Learning', 'Nlp', 'Tensorflow', 'Pytorch', 'Scikit-Learn', 'Azure', 'Databricks']"
De-Python-Ai-Gds,Ey,"Kochi, Kerala, India",https://in.linkedin.com/jobs/view/de-python-ai-gds-at-ey-4409620299?position=10&pageNum=0&refId=1jFvyh9RiZI%2FMc%2Bi5QFy7Q%3D%3D&trackingId=MOtkNG328KshgEIby5RQKg%3D%3D,5 Days Ago,2026-08-20,Mid-Senior Level,"Python, Sql, Aws, Docker, Kubernetes, Postgresql",Full-Time,43166666.666666664,"['Python', 'Sql', 'Aws', 'Docker', 'Kubernetes', 'Postgresql']"
Predictive Analytics Data Scientist-Ai Labs,Adani Enterprises Limited,"Ahmedabad, Gujarat, India",https://in.linkedin.com/jobs/view/predictive-analytics-data-scientist-ai-labs-at-adani-enterprises-limited-4394339706?position=11&pageNum=0&refId=1jFvyh9RiZI%2FMc%2Bi5QFy7Q%3D%3D&trackingId=cUNEyImorI9Mo%2FncmivS6g%3D%3D,1 Week Ago,2026-08-15,Entry Level,"Machine Learning, Deep Learning, Artificial Intelligence, Aws, Azure, Gcp, Docker, Kubernetes",Full-Time,33933333.33333333,"['Machine Learning', 'Deep Learning', 'Artificial Intelligence', 'Aws', 'Azure', 'Gcp', 'Docker', 'Kubernetes']"
Data Scientist,Ericsson,Greater Kolkata Area,https://in.linkedin.com/jobs/view/data-scientist-at-ericsson-4455624551?position=12&pageNum=0&refId=1jFvyh9RiZI%2FMc%2Bi5QFy7Q%3D%3D&trackingId=wxxWCr6XZOx%2F20JVD0MySA%3D%3D,6 Days Ago,2026-08-20,Experience,"Python, Machine Learning, Deep Learning, Nlp, Aws, Kubernetes, Databricks",Full-Time,Not Disclosed,"['Python', 'Machine Learning', 'Deep Learning', 'Nlp', 'Aws', 'Kubernetes', 'Databricks']"
Tech Lead - Ai And Analytics Solutions,Navasys Technologies,"Coimbatore, Tamil Nadu, India",https://in.linkedin.com/jobs/view/tech-lead-ai-and-analytics-solutions-at-navasys-technologies-4442333161?position=14&pageNum=0&refId=1jFvyh9RiZI%2FMc%2Bi5QFy7Q%3D%3D&trackingId=%2FvXNiUns9IbNHkyiBwXitw%3D%3D,1 Month Ago,2026-07-26,Mid-Senior Level,"Python, Sql, Tensorflow, Pytorch, Scikit-Learn, Aws, Azure, Gcp, Spark",Full-Time,127500000.0,"['Python', 'Sql', 'Tensorflow', 'Pytorch', 'Scikit-Learn', 'Aws', 'Azure', 'Gcp', 'Spark']"
Ai Architect,Rhythm Innovations,"Bhubaneswar, Odisha, India",https://in.linkedin.com/jobs/view/ai-architect-at-rhythm-innovations-4395995137?position=15&pageNum=0&refId=1jFvyh9RiZI%2FMc%2Bi5QFy7Q%3D%3D&trackingId=oFZcMH7W%2BL9yaeiH79FXUA%3D%3D,4 Months Ago,2026-04-08,Mid-Senior Level,"Python, Sql, R, Java, Machine Learning, Artificial Intelligence, Nlp, Tensorflow, Pytorch, Scikit-Learn, Aws, Azure, Spark",Full-Time,Not Disclosed,"['Python', 'Sql', 'R', 'Java', 'Machine Learning', 'Artificial Intelligence', 'Nlp', 'Tensorflow', 'Pytorch', 'Scikit-Learn', 'Aws', 'Azure', 'Spark']"
Data Scientist,Neurealm,"Chennai, Tamil Nadu, India",https://in.linkedin.com/jobs/view/data-scientist-at-neurealm-4446730739?position=16&pageNum=0&refId=1jFvyh9RiZI%2FMc%2Bi5QFy7Q%3D%3D&trackingId=W6IHykNYKfLBJKF2KXaPYQ%3D%3D,3 Weeks Ago,2026-07-30,Associate,"Python, Sql, Machine Learning, Nlp, Tensorflow, Pytorch, Hugging Face, Scikit-Learn, Aws, Azure, Gcp, Docker",Full-Time,43166666.666666664,"['Python', 'Sql', 'Machine Learning', 'Nlp', 'Tensorflow', 'Pytorch', 'Hugging Face', 'Scikit-Learn', 'Aws', 'Azure', 'Gcp', 'Docker']"
Junior Ai Specialist,Miratech,"Roorkee, Uttarakhand, India",https://in.linkedin.com/jobs/view/junior-ai-specialist-at-miratech-4455864405?position=17&pageNum=0&refId=1jFvyh9RiZI%2FMc%2Bi5QFy7Q%3D%3D&trackingId=8mUdZjaSUf2YgVx2n0pOhw%3D%3D,2 Days Ago,2026-08-24,Mid-Senior Level,"Python, Sql, Machine Learning, Nlp, Tensorflow, Pytorch, Pandas, Numpy, Scikit-Learn, Aws, Azure, Gcp",Full-Time,36616666.666666664,"['Python', 'Sql', 'Machine Learning', 'Nlp', 'Tensorflow', 'Pytorch', 'Pandas', 'Numpy', 'Scikit-Learn', 'Aws', 'Azure', 'Gcp']"
Data Architect I - Ai Ml Architect,Ust,"Trivandrum, Kerala, India",https://in.linkedin.com/jobs/view/data-architect-i-ai-ml-architect-at-ust-4412006662?position=18&pageNum=0&refId=1jFvyh9RiZI%2FMc%2Bi5QFy7Q%3D%3D&trackingId=aFJpdlC0ynEIwvIK6oB81w%3D%3D,2 Weeks Ago,2026-08-09,Mid-Senior Level,"Machine Learning, Artificial Intelligence, Tensorflow, Pytorch, Scikit-Learn, Aws, Azure, Spark",Full-Time,106916666.66666667,"['Machine Learning', 'Artificial Intelligence', 'Tensorflow', 'Pytorch', 'Scikit-Learn', 'Aws', 'Azure', 'Spark']"
Gen Ai Developer,Birlasoft,Greater Hyderabad Area,https://in.linkedin.com/jobs/view/gen-ai-developer-at-birlasoft-4439874927?position=19&pageNum=0&refId=1jFvyh9RiZI%2FMc%2Bi5QFy7Q%3D%3D&trackingId=yFEB95G2w%2BeMGFw5EY6QPQ%3D%3D,3 Weeks Ago,2026-08-05,Mid-Senior Level,"Python, Artificial Intelligence, Nlp, Tensorflow, Pytorch, Hugging Face, Scikit-Learn, Matplotlib, Aws, Azure, Gcp, Databricks, Git",Full-Time,Not Disclosed,"['Python', 'Artificial Intelligence', 'Nlp', 'Tensorflow', 'Pytorch', 'Hugging Face', 'Scikit-Learn', 'Matplotlib', 'Aws', 'Azure', 'Gcp', 'Databricks', 'Git']"
Data Scientist,Kanini,"Chennai, Tamil Nadu, India",https://in.linkedin.com/jobs/view/data-scientist-at-kanini-4386537210?position=20&pageNum=0&refId=1jFvyh9RiZI%2FMc%2Bi5QFy7Q%3D%3D&trackingId=Pf5%2FhifQUZZl84tY0SVVbg%3D%3D,5 Months Ago,2026-03-16,Mid-Senior Level,"Python, Java, Aws, Azure, Gcp, Docker, Kubernetes",Full-Time,43166666.666666664,"['Python', 'Java', 'Aws', 'Azure', 'Gcp', 'Docker', 'Kubernetes']"
Agentic Solutions-Ai And Data Science Engineer Ii,Deloitte,"Chennai, Tamil Nadu, India",https://in.linkedin.com/jobs/view/agentic-solutions-ai-and-data-science-engineer-ii-at-deloitte-4457918380?position=21&pageNum=0&refId=1jFvyh9RiZI%2FMc%2Bi5QFy7Q%3D%3D&trackingId=7oJyKywE5043GbBmdxR0XA%3D%3D,2 Hours Ago,2026-08-26,Experience,"Python, Sql, Deep Learning, Artificial Intelligence, Nlp, Docker, Git",Full-Time,Not Disclosed,"['Python', 'Sql', 'Deep Learning', 'Artificial Intelligence', 'Nlp', 'Docker', 'Git']"
Gen Ai,Virtusa,"Chennai, Tamil Nadu, India",https://in.linkedin.com/jobs/view/gen-ai-at-virtusa-4388473468?position=22&pageNum=0&refId=1jFvyh9RiZI%2FMc%2Bi5QFy7Q%3D%3D&trackingId=mno3bY1SZJikJLA%2BbhEtMw%3D%3D,4 Days Ago,2026-08-22,Associate,"Python, Machine Learning, Nlp, Gcp",Full-Time,Not Disclosed,"['Python', 'Machine Learning', 'Nlp', 'Gcp']"
Ai Engineer (Data &Amp; Ai Practice),Kasadara Technology Solutions,"Coimbatore, Tamil Nadu, India",https://in.linkedin.com/jobs/view/ai-engineer-data-amp-ai-practice-at-kasadara-technology-solutions-4449456176?position=23&pageNum=0&refId=1jFvyh9RiZI%2FMc%2Bi5QFy7Q%3D%3D&trackingId=7lCZE6S6Dkp1Zxea1UtO2Q%3D%3D,3 Weeks Ago,2026-08-05,Mid-Senior Level,"Python, Sql, Machine Learning, Deep Learning, Artificial Intelligence, Nlp, Power Bi, Azure, Docker, Kubernetes, Databricks, Postgresql, Git",Full-Time,127500000.0,"['Python', 'Sql', 'Machine Learning', 'Deep Learning', 'Artificial Intelligence', 'Nlp', 'Power Bi', 'Azure', 'Docker', 'Kubernetes', 'Databricks', 'Postgresql', 'Git']"
Data Scientist (Microsoft 365 Copilot / Ai),Vivantify Technology Solutions India Pvt. Ltd.,"Vadodara, Gujarat, India",https://in.linkedin.com/jobs/view/data-scientist-microsoft-365-copilot-ai-at-vivantify-technology-solutions-india-pvt-ltd-4457401756?position=24&pageNum=0&refId=1jFvyh9RiZI%2FMc%2Bi5QFy7Q%3D%3D&trackingId=Ni5DSpNBx6JuFQGe3XUtXw%3D%3D,1 Day Ago,2026-08-25,Experience,"Python, Sql, Java, Azure",Full-Time,147833333.33333334,"['Python', 'Sql', 'Java', 'Azure']"
Data Scientist,Celebal Technologies,"Jaipur, Rajasthan, India",https://in.linkedin.com/jobs/view/data-scientist-at-celebal-technologies-4453514682?position=26&pageNum=0&refId=1jFvyh9RiZI%2FMc%2Bi5QFy7Q%3D%3D&trackingId=f9WJxEkdqbMVqEEssO1oMQ%3D%3D,1 Week Ago,2026-08-14,Mid-Senior Level,"Python, Machine Learning, Deep Learning, Nlp, Tensorflow, Pytorch, Keras, Hugging Face, Pandas, Numpy, Scikit-Learn, Aws, Azure, Gcp",Full-Time,4226666.666666666,"['Python', 'Machine Learning', 'Deep Learning', 'Nlp', 'Tensorflow', 'Pytorch', 'Keras', 'Hugging Face', 'Pandas', 'Numpy', 'Scikit-Learn', 'Aws', 'Azure', 'Gcp']"
Ai/Ml Engineer,Chicmic Studios,"Sahibzada Ajit Singh Nagar, Punjab, India",https://in.linkedin.com/jobs/view/ai-ml-engineer-at-chicmic-studios-4441042809?position=27&pageNum=0&refId=1jFvyh9RiZI%2FMc%2Bi5QFy7Q%3D%3D&trackingId=30l4UZp76RyMpkdLxHc%2BeA%3D%3D,1 Month Ago,2026-07-22,Mid-Senior Level,"Python, R, Machine Learning, Deep Learning, Pytorch, Hugging Face, Aws, Azure, Gcp, Docker, Git",Full-Time,25800000.0,"['Python', 'R', 'Machine Learning', 'Deep Learning', 'Pytorch', 'Hugging Face', 'Aws', 'Azure', 'Gcp', 'Docker', 'Git']"
Ai/Ml Lead,Vbots,"Coimbatore, Tamil Nadu, India",https://in.linkedin.com/jobs/view/ai-ml-lead-at-vbots-4431042492?position=28&pageNum=0&refId=1jFvyh9RiZI%2FMc%2Bi5QFy7Q%3D%3D&trackingId=%2FRZaFnSX6hFogVg8sq8ejg%3D%3D,1 Month Ago,2026-06-28,Mid-Senior Level,"Python, Machine Learning, Nlp, Tensorflow, Pytorch, Scikit-Learn, Aws, Azure, Gcp",Full-Time,127500000.0,"['Python', 'Machine Learning', 'Nlp', 'Tensorflow', 'Pytorch', 'Scikit-Learn', 'Aws', 'Azure', 'Gcp']"
Machine Learning  Engineer Mid Level,Capestart,"Nagercoil, Tamil Nadu, India",https://in.linkedin.com/jobs/view/machine-learning-engineer-mid-level-at-capestart-4416630757?position=29&pageNum=0&refId=1jFvyh9RiZI%2FMc%2Bi5QFy7Q%3D%3D&trackingId=VnyttUSwqLJONlCHkJVrAA%3D%3D,3 Months Ago,2026-05-19,Mid-Senior Level,"Python, Sql, Machine Learning, Deep Learning, Tensorflow, Pytorch, Keras, Pandas, Numpy, Aws, Azure, Gcp, Spark",Full-Time,25750000.0,"['Python', 'Sql', 'Machine Learning', 'Deep Learning', 'Tensorflow', 'Pytorch', 'Keras', 'Pandas', 'Numpy', 'Aws', 'Azure', 'Gcp', 'Spark']"
Ai / Ml Engineer,Sequence Dynamics,"Itanagar, Arunachal Pradesh, India",https://in.linkedin.com/jobs/view/ai-ml-engineer-at-sequence-dynamics-4449430937?position=30&pageNum=0&refId=1jFvyh9RiZI%2FMc%2Bi5QFy7Q%3D%3D&trackingId=uSAB6RLIulqNthDCszFEoQ%3D%3D,3 Weeks Ago,2026-08-05,Mid-Senior Level,"Python, Nlp, Tensorflow, Pytorch",Full-Time,Not Disclosed,"['Python', 'Nlp', 'Tensorflow', 'Pytorch']"
Artificial Intelligence Manager,Orlin Apparel,"Surat, Gujarat, India",https://in.linkedin.com/jobs/view/artificial-intelligence-manager-at-orlin-apparel-4457229808?position=31&pageNum=0&refId=1jFvyh9RiZI%2FMc%2Bi5QFy7Q%3D%3D&trackingId=VTf8stxPm2EteHAJskK4Kw%3D%3D,2 Hours Ago,2026-08-26,Mid-Senior Level,"Machine Learning, Artificial Intelligence",Full-Time,Not Disclosed,"['Machine Learning', 'Artificial Intelligence']"
"Gen Ai |
Ml- Data Scientist",Quadratyx,"Aonla, Uttar Pradesh, India",https://in.linkedin.com/jobs/view/gen-ai-%0Aml-data-scientist-at-quadratyx-4449480641?position=32&pageNum=0&refId=1jFvyh9RiZI%2FMc%2Bi5QFy7Q%3D%3D&trackingId=%2Fo9YrLVyoB9C1ePs9QhCAw%3D%3D,3 Weeks Ago,2026-08-05,Mid-Senior Level,"Machine Learning, Artificial Intelligence, Nlp",Full-Time,25550000.0,"['Machine Learning', 'Artificial Intelligence', 'Nlp']"
Data Engineer,"Simelabs - Digital, Ai/Ml, Automation, Robotics, Gen Ai.","Kochi, Kerala, India",https://in.linkedin.com/jobs/view/data-engineer-at-simelabs-digital-ai-ml-automation-robotics-gen-ai-4446603263?position=33&pageNum=0&refId=1jFvyh9RiZI%2FMc%2Bi5QFy7Q%3D%3D&trackingId=261HNVS8wQKXK%2Fm7yWkeTw%3D%3D,3 Weeks Ago,2026-08-04,Mid-Senior Level,"Python, Sql, Aws, Azure, Gcp, Docker, Spark, Postgresql, Git",Full-Time,51250000.0,"['Python', 'Sql', 'Aws', 'Azure', 'Gcp', 'Docker', 'Spark', 'Postgresql', 'Git']"
Ml-Ops,Sia,"Mumbai, Maharashtra, India",https://in.linkedin.com/jobs/view/ml-ops-at-sia-4452245349?position=34&pageNum=0&refId=1jFvyh9RiZI%2FMc%2Bi5QFy7Q%3D%3D&trackingId=L%2FzNCCaPCzOKPpfe2yYkmA%3D%3D,1 Week Ago,2026-08-17,Mid-Senior Level,"Python, Pandas, Numpy, Scikit-Learn, Gcp, Git",Full-Time,85233333.33333333,"['Python', 'Pandas', 'Numpy', 'Scikit-Learn', 'Gcp', 'Git']"
Senior Data Scientist,Eg A/S,"Mangaluru, Karnataka, India",https://in.linkedin.com/jobs/view/senior-data-scientist-at-eg-a-s-4454298421?position=35&pageNum=0&refId=1jFvyh9RiZI%2FMc%2Bi5QFy7Q%3D%3D&trackingId=jddxO%2BNOpDRfabU3l%2BHc1g%3D%3D,1 Week Ago,2026-08-17,Mid-Senior Level,"Python, Sql, Nlp, Tensorflow, Pytorch, Keras, Power Bi, Aws, Azure",Full-Time,Not Disclosed,"['Python', 'Sql', 'Nlp', 'Tensorflow', 'Pytorch', 'Keras', 'Power Bi', 'Aws', 'Azure']"
Junior Data Scientist,Comviva,"Yelahanka Satellite Town, Karnataka, India",https://in.linkedin.com/jobs/view/junior-data-scientist-at-comviva-4432563093?position=36&pageNum=0&refId=1jFvyh9RiZI%2FMc%2Bi5QFy7Q%3D%3D&trackingId=J6lvFNq7PHH%2Fhadeuz1LbA%3D%3D,2 Months Ago,2026-06-24,Mid-Senior Level,"Python, Sql, R, Machine Learning, Tensorflow, Keras, Pandas, Numpy, Scikit-Learn, Aws, Azure",Full-Time,Not Disclosed,"['Python', 'Sql', 'R', 'Machine Learning', 'Tensorflow', 'Keras', 'Pandas', 'Numpy', 'Scikit-Learn', 'Aws', 'Azure']"
Ct-Nitro-Experimental Ai Engineer,Ey,"Kochi, Kerala, India",https://in.linkedin.com/jobs/view/ct-nitro-experimental-ai-engineer-at-ey-4456875771?position=37&pageNum=0&refId=1jFvyh9RiZI%2FMc%2Bi5QFy7Q%3D%3D&trackingId=6tBw89GXruAFucqSKnCzdw%3D%3D,1 Day Ago,2026-08-24,Associate,"Python, Machine Learning, Deep Learning, Artificial Intelligence, Nlp, Tensorflow, Pytorch, Keras, Hugging Face, Docker, Git",Full-Time,43166666.666666664,"['Python', 'Machine Learning', 'Deep Learning', 'Artificial Intelligence', 'Nlp', 'Tensorflow', 'Pytorch', 'Keras', 'Hugging Face', 'Docker', 'Git']"
Ai Engineer,"C3Ihub, Iit Kanpur","Kanpur, Uttar Pradesh, India",https://in.linkedin.com/jobs/view/ai-engineer-at-c3ihub-iit-kanpur-4456214022?position=38&pageNum=0&refId=1jFvyh9RiZI%2FMc%2Bi5QFy7Q%3D%3D&trackingId=DGCEs%2FNB1PC5eFyXf2WI8Q%3D%3D,5 Days Ago,2026-08-21,Mid-Senior Level,"Python, R, Machine Learning, Deep Learning, Tensorflow, Pytorch, Scikit-Learn, Docker, Git",Full-Time,17016666.666666664,"['Python', 'R', 'Machine Learning', 'Deep Learning', 'Tensorflow', 'Pytorch', 'Scikit-Learn', 'Docker', 'Git']"
"Digital Transformation & Ai Specialist - Ahmedabad, India",Qatar Airways,Greater Ahmedabad Area,https://in.linkedin.com/jobs/view/digital-transformation-ai-specialist-ahmedabad-india-at-qatar-airways-4452378652?position=39&pageNum=0&refId=1jFvyh9RiZI%2FMc%2Bi5QFy7Q%3D%3D&trackingId=ohTPmmIlnuh5tnTAtShz9Q%3D%3D,2 Weeks Ago,2026-08-12,Mid-Senior Level,"Python, Sql, Deep Learning, Nlp, Tensorflow, Pytorch",Full-Time,Not Disclosed,"['Python', 'Sql', 'Deep Learning', 'Nlp', 'Tensorflow', 'Pytorch']"
Data Scientist,Sourcingxpress,"Jaipur, Rajasthan, India",https://in.linkedin.com/jobs/view/data-scientist-at-sourcingxpress-4453118547?position=40&pageNum=0&refId=1jFvyh9RiZI%2FMc%2Bi5QFy7Q%3D%3D&trackingId=U8kBUZwRfC9cnPIOqwJRQA%3D%3D,1 Week Ago,2026-08-17,Mid-Senior Level,"Python, Machine Learning, Deep Learning, Artificial Intelligence, Nlp, Tensorflow, Pytorch, Keras, Hugging Face, Pandas, Numpy, Scikit-Learn, Aws, Azure, Gcp",Full-Time,4226666.666666666,"['Python', 'Machine Learning', 'Deep Learning', 'Artificial Intelligence', 'Nlp', 'Tensorflow', 'Pytorch', 'Keras', 'Hugging Face', 'Pandas', 'Numpy', 'Scikit-Learn', 'Aws', 'Azure', 'Gcp']"
Ai Engineer / Machine Learning Engineer,Uest,"Rajkot, Gujarat, India",https://in.linkedin.com/jobs/view/ai-engineer-machine-learning-engineer-at-uest-4433560834?position=41&pageNum=0&refId=1jFvyh9RiZI%2FMc%2Bi5QFy7Q%3D%3D&trackingId=gkWWrevpxmtAbSk9Zp7Cpg%3D%3D,2 Months Ago,2026-06-26,Entry Level,"Python, Sql, R, Java, Machine Learning, Deep Learning, Nlp, Tensorflow, Pytorch, Keras, Scikit-Learn, Aws, Azure, Mongodb",Full-Time,760.0,"['Python', 'Sql', 'R', 'Java', 'Machine Learning', 'Deep Learning', 'Nlp', 'Tensorflow', 'Pytorch', 'Keras', 'Scikit-Learn', 'Aws', 'Azure', 'Mongodb']"
Data Scientist,Tessely,"Ajmer, Rajasthan, India",https://in.linkedin.com/jobs/view/data-scientist-at-tessely-4441138622?position=42&pageNum=0&refId=1jFvyh9RiZI%2FMc%2Bi5QFy7Q%3D%3D&trackingId=woGW%2Fx2CfvOqUnqTD3B7Mg%3D%3D,1 Month Ago,2026-07-17,Entry Level,Machine Learning,Full-Time,Not Disclosed,['Machine Learning']
Data Scientist - Marketing & Sales,Mckinsey & Company,"Gurugram, Haryana, India",https://in.linkedin.com/jobs/view/data-scientist-marketing-sales-at-mckinsey-company-4459006010?position=43&pageNum=0&refId=1jFvyh9RiZI%2FMc%2Bi5QFy7Q%3D%3D&trackingId=F1OOYkZh%2FFGdDrHQ2vzvpQ%3D%3D,19 Hours Ago,2026-08-25,Mid-Senior Level,"Python, Machine Learning, Deep Learning, Tensorflow, Pytorch, Pandas, Numpy, Scikit-Learn, Spark",Full-Time,50900000.0,"['Python', 'Machine Learning', 'Deep Learning', 'Tensorflow', 'Pytorch', 'Pandas', 'Numpy', 'Scikit-Learn', 'Spark']"
Gen Ai-Ai And Data Science Engineer Iii,Deloitte,"Chennai, Tamil Nadu, India",https://in.linkedin.com/jobs/view/gen-ai-ai-and-data-science-engineer-iii-at-deloitte-4425090694?position=44&pageNum=0&refId=1jFvyh9RiZI%2FMc%2Bi5QFy7Q%3D%3D&trackingId=jZ0RCkfq01jmEcJHDbO2gQ%3D%3D,2 Weeks Ago,2026-08-12,Experience,"Python, Sql, Deep Learning, Artificial Intelligence, Nlp, Tensorflow, Pytorch, Keras, Aws, Azure, Gcp, Docker, Git",Full-Time,Not Disclosed,"['Python', 'Sql', 'Deep Learning', 'Artificial Intelligence', 'Nlp', 'Tensorflow', 'Pytorch', 'Keras', 'Aws', 'Azure', 'Gcp', 'Docker', 'Git']"
Artificial Intelligence Engineer,Ting,"Kochi, Kerala, India",https://in.linkedin.com/jobs/view/artificial-intelligence-engineer-at-ting-4457234095?position=46&pageNum=0&refId=1jFvyh9RiZI%2FMc%2Bi5QFy7Q%3D%3D&trackingId=BXgpm6u8KaWNbK4cAXNHJQ%3D%3D,6 Hours Ago,2026-08-26,Associate,"Python, Sql, Gcp, Postgresql",Full-Time,43166666.666666664,"['Python', 'Sql', 'Gcp', 'Postgresql']"
Ai/Llm Data Intelligence Engineer,Clearstate,"Gurugram, Haryana, India",https://in.linkedin.com/jobs/view/ai-llm-data-intelligence-engineer-at-clearstate-4452351525?position=47&pageNum=0&refId=1jFvyh9RiZI%2FMc%2Bi5QFy7Q%3D%3D&trackingId=vm9ruQqoYmYKpaafejdexQ%3D%3D,2 Weeks Ago,2026-08-12,Associate,"Python, Sql, R, Hugging Face, Aws, Azure, Gcp",Full-Time,55066666.666666664,"['Python', 'Sql', 'R', 'Hugging Face', 'Aws', 'Azure', 'Gcp']"
Data Scientist,Dun & Bradstreet India,"Chennai, Tamil Nadu, India",https://in.linkedin.com/jobs/view/data-scientist-at-dun-bradstreet-india-4453411229?position=48&pageNum=0&refId=1jFvyh9RiZI%2FMc%2Bi5QFy7Q%3D%3D&trackingId=2ucuwnqjApqIdf2%2BUMDGZw%3D%3D,1 Week Ago,2026-08-19,Mid-Senior Level,"Python, Aws, Azure, Gcp, Docker",Full-Time,43166666.666666664,"['Python', 'Aws', 'Azure', 'Gcp', 'Docker']"
"Gen Ai |
Ml- Data Scientist",Quadratyx,"Mumbai, Maharashtra, India",https://in.linkedin.com/jobs/view/gen-ai-%0Aml-data-scientist-at-quadratyx-4449489469?position=49&pageNum=0&refId=1jFvyh9RiZI%2FMc%2Bi5QFy7Q%3D%3D&trackingId=2Lv6TqFQjefXvIaSQoBXdQ%3D%3D,3 Weeks Ago,2026-08-05,Mid-Senior Level,"Machine Learning, Artificial Intelligence, Nlp, Tensorflow, Pytorch, Hugging Face",Full-Time,Not Disclosed,"['Machine Learning', 'Artificial Intelligence', 'Nlp', 'Tensorflow', 'Pytorch', 'Hugging Face']"
Ml Engineer I,Ust,"Kochi, Kerala, India",https://in.linkedin.com/jobs/view/ml-engineer-i-at-ust-4387085668?position=51&pageNum=0&refId=1jFvyh9RiZI%2FMc%2Bi5QFy7Q%3D%3D&trackingId=eIuq3v%2Bs8tjd9YqV%2F%2F9ETg%3D%3D,4 Days Ago,2026-08-22,Mid-Senior Level,"Python, Machine Learning, Deep Learning, Artificial Intelligence, Nlp, Tensorflow, Pytorch, Pandas, Numpy, Scikit-Learn, Aws, Azure, Gcp, Docker, Kubernetes, Spark, Git",Full-Time,43166666.666666664,"['Python', 'Machine Learning', 'Deep Learning', 'Artificial Intelligence', 'Nlp', 'Tensorflow', 'Pytorch', 'Pandas', 'Numpy', 'Scikit-Learn', 'Aws', 'Azure', 'Gcp', 'Docker', 'Kubernetes', 'Spark', 'Git']"
Ai & Data Engineer (Aide),Aistra,"Delhi, India",https://in.linkedin.com/jobs/view/ai-data-engineer-aide-at-aistra-4451519641?position=52&pageNum=0&refId=1jFvyh9RiZI%2FMc%2Bi5QFy7Q%3D%3D&trackingId=o%2BHXv5C5xUyrMJUo2KKScw%3D%3D,2 Weeks Ago,2026-08-11,Mid-Senior Level,"Python, Sql, Aws, Azure, Gcp, Spark, Databricks, Git",Full-Time,Not Disclosed,"['Python', 'Sql', 'Aws', 'Azure', 'Gcp', 'Spark', 'Databricks', 'Git']"
Ai Technical Lead,Generac,"Ramban, Jammu & Kashmir, India",https://in.linkedin.com/jobs/view/ai-technical-lead-at-generac-4452228635?position=53&pageNum=0&refId=1jFvyh9RiZI%2FMc%2Bi5QFy7Q%3D%3D&trackingId=JnQhC2j9xy5WWD7PUilAVQ%3D%3D,1 Week Ago,2026-08-17,Mid-Senior Level,"Python, R, Java, Machine Learning, Artificial Intelligence, Nlp, Tensorflow, Pytorch, Aws, Azure, Gcp",Full-Time,Not Disclosed,"['Python', 'R', 'Java', 'Machine Learning', 'Artificial Intelligence', 'Nlp', 'Tensorflow', 'Pytorch', 'Aws', 'Azure', 'Gcp']"
Ai/Ml Engineer,Cloudsmartz | Netsmartz Group,"Sahibzada Ajit Singh Nagar, Punjab, India",https://in.linkedin.com/jobs/view/ai-ml-engineer-at-cloudsmartz-netsmartz-group-4401385642?position=54&pageNum=0&refId=1jFvyh9RiZI%2FMc%2Bi5QFy7Q%3D%3D&trackingId=eYWS8E7nZiUrfXEJP815hA%3D%3D,4 Months Ago,2026-04-13,Mid-Senior Level,"Python, Machine Learning, Tensorflow, Pytorch, Pandas, Numpy, Scikit-Learn, Matplotlib, Aws, Azure, Gcp, Docker, Git",Full-Time,34133333.33333333,"['Python', 'Machine Learning', 'Tensorflow', 'Pytorch', 'Pandas', 'Numpy', 'Scikit-Learn', 'Matplotlib', 'Aws', 'Azure', 'Gcp', 'Docker', 'Git']"
Artificial Intelligence Data Engineer,Eisneramper India,"Mumbai, Maharashtra, India",https://in.linkedin.com/jobs/view/artificial-intelligence-data-engineer-at-eisneramper-india-4441444596?position=55&pageNum=0&refId=1jFvyh9RiZI%2FMc%2Bi5QFy7Q%3D%3D&trackingId=lgZfxllccwE1xPCg5VaMOg%3D%3D,2 Weeks Ago,2026-08-06,Experience,"Machine Learning, Artificial Intelligence, Azure",Full-Time,21583333.333333332,"['Machine Learning', 'Artificial Intelligence', 'Azure']"
Ai Engineer,Invarsys,"Indore, Madhya Pradesh, India",https://in.linkedin.com/jobs/view/ai-engineer-at-invarsys-4449531372?position=56&pageNum=0&refId=1jFvyh9RiZI%2FMc%2Bi5QFy7Q%3D%3D&trackingId=%2BOGAqM9i7af6nSbdGenXJA%3D%3D,2 Weeks Ago,2026-08-10,Mid-Senior Level,"Python, Machine Learning, Deep Learning, Tensorflow, Pytorch, Scikit-Learn, Aws, Azure, Gcp",Full-Time,Not Disclosed,"['Python', 'Machine Learning', 'Deep Learning', 'Tensorflow', 'Pytorch', 'Scikit-Learn', 'Aws', 'Azure', 'Gcp']"
Straviso - Data Scientist - Artificial Intelligence/Machine Learning,Straviso,Greater Kolkata Area,https://in.linkedin.com/jobs/view/straviso-data-scientist-artificial-intelligence-machine-learning-at-straviso-4438549287?position=57&pageNum=0&refId=1jFvyh9RiZI%2FMc%2Bi5QFy7Q%3D%3D&trackingId=OAcwe5xQYopkE%2FEry7TRcQ%3D%3D,1 Month Ago,2026-07-09,Mid-Senior Level,"Python, Sql, Machine Learning, Deep Learning, Artificial Intelligence, Nlp, Tensorflow, Pytorch, Hugging Face, Scikit-Learn, Aws, Azure, Gcp, Docker, Kubernetes, Git",Full-Time,Not Disclosed,"['Python', 'Sql', 'Machine Learning', 'Deep Learning', 'Artificial Intelligence', 'Nlp', 'Tensorflow', 'Pytorch', 'Hugging Face', 'Scikit-Learn', 'Aws', 'Azure', 'Gcp', 'Docker', 'Kubernetes', 'Git']"
Machine Learning,App Innovation Technologies,"Tiruchirappalli, Tamil Nadu, India",https://in.linkedin.com/jobs/view/machine-learning-at-app-innovation-technologies-4306114560?position=58&pageNum=0&refId=1jFvyh9RiZI%2FMc%2Bi5QFy7Q%3D%3D&trackingId=HrgYl9gG%2BPYIgXHqrV3D%2BA%3D%3D,10 Months Ago,2025-09-30,Associate,"Python, R, Java, Machine Learning, Deep Learning, Artificial Intelligence",Full-Time,4316666.666666666,"['Python', 'R', 'Java', 'Machine Learning', 'Deep Learning', 'Artificial Intelligence']"
Data Scientist (R-19646),Dun & Bradstreet,"Chennai, Tamil Nadu, India",https://in.linkedin.com/jobs/view/data-scientist-r-19646-at-dun-bradstreet-4444506984?position=59&pageNum=0&refId=1jFvyh9RiZI%2FMc%2Bi5QFy7Q%3D%3D&trackingId=B3K3pE%2BtIo5mnxoXe9NL5A%3D%3D,1 Week Ago,2026-08-17,Mid-Senior Level,"Python, Artificial Intelligence, Aws, Azure, Gcp, Docker",Full-Time,Not Disclosed,"['Python', 'Artificial Intelligence', 'Aws', 'Azure', 'Gcp', 'Docker']"
Data Architect - Gen Ai,Einfochips (An Arrow Company),"Ahmedabad, Gujarat, India",https://in.linkedin.com/jobs/view/data-architect-gen-ai-at-einfochips-an-arrow-company-4452932683?position=60&pageNum=0&refId=1jFvyh9RiZI%2FMc%2Bi5QFy7Q%3D%3D&trackingId=EgFa2lTz5uoqWujfnZbISg%3D%3D,1 Week Ago,2026-08-13,Mid-Senior Level,"Python, Machine Learning, Deep Learning, Artificial Intelligence, Nlp, Azure, Gcp, Spark, Databricks",Full-Time,105666666.66666667,"['Python', 'Machine Learning', 'Deep Learning', 'Artificial Intelligence', 'Nlp', 'Azure', 'Gcp', 'Spark', 'Databricks']"
Data Scientist-Artificial Intelligence,Ibm,"Kochi, Kerala, India",https://in.linkedin.com/jobs/view/data-scientist-artificial-intelligence-at-ibm-4446241710?position=1&pageNum=0&refId=MyAU%2Bu9MPaC%2F0hXS45%2BlKw%3D%3D&trackingId=cDWzp8R%2BnJwRbgwyc2QMPA%3D%3D,19 Hours Ago,2026-08-25,Mid-Senior Level,"Python, Sql, Machine Learning, Artificial Intelligence, Nlp, Tensorflow, Pytorch, Keras, Hugging Face, Pandas, Matplotlib, Aws, Azure, Gcp, Kubernetes, Mongodb",Full-Time,43166666.666666664,"['Python', 'Sql', 'Machine Learning', 'Artificial Intelligence', 'Nlp', 'Tensorflow', 'Pytorch', 'Keras', 'Hugging Face', 'Pandas', 'Matplotlib', 'Aws', 'Azure', 'Gcp', 'Kubernetes', 'Mongodb']"
Senior Data Scientist - I,Metlife,"Pune Division, Maharashtra, India",https://in.linkedin.com/jobs/view/senior-data-scientist-i-at-metlife-4455731862?position=2&pageNum=0&refId=MyAU%2Bu9MPaC%2F0hXS45%2BlKw%3D%3D&trackingId=6kvOBrb%2F6DK0iyqvnRSs5w%3D%3D,22 Hours Ago,2026-08-25,Mid-Senior Level,"Python, Machine Learning, Nlp, Tensorflow, Pytorch, Scikit-Learn, Azure",Full-Time,Not Disclosed,"['Python', 'Machine Learning', 'Nlp', 'Tensorflow', 'Pytorch', 'Scikit-Learn', 'Azure']"
Senior Data Scientist,Sourcingxpress,"Gurgaon, Haryana, India",https://in.linkedin.com/jobs/view/senior-data-scientist-at-sourcingxpress-4384572454?position=3&pageNum=0&refId=MyAU%2Bu9MPaC%2F0hXS45%2BlKw%3D%3D&trackingId=CSl761S4elVW6uwKMXycEg%3D%3D,5 Months Ago,2026-03-16,Mid-Senior Level,"Python, Machine Learning, Deep Learning, Aws, Azure, Gcp, Databricks",Full-Time,85333333.33333333,"['Python', 'Machine Learning', 'Deep Learning', 'Aws', 'Azure', 'Gcp', 'Databricks']"
Sr Advanced Data Scientist,Honeywell Technologies,"Pune Division, Maharashtra, India",https://in.linkedin.com/jobs/view/sr-advanced-data-scientist-at-honeywell-technologies-4445700716?position=4&pageNum=0&refId=MyAU%2Bu9MPaC%2F0hXS45%2BlKw%3D%3D&trackingId=2t8VfUfuMV6EF%2FcVTH2UXw%3D%3D,1 Week Ago,2026-08-18,Mid-Senior Level,"Python, R, Machine Learning, Azure, Databricks",Full-Time,Not Disclosed,"['Python', 'R', 'Machine Learning', 'Azure', 'Databricks']"
Senior Data Scientist I,Metlife,"Pune Division, Maharashtra, India",https://in.linkedin.com/jobs/view/senior-data-scientist-i-at-metlife-4446306265?position=5&pageNum=0&refId=MyAU%2Bu9MPaC%2F0hXS45%2BlKw%3D%3D&trackingId=awdDgzRrWQJvZOB9Jzv9KA%3D%3D,3 Weeks Ago,2026-08-03,Mid-Senior Level,"Python, Machine Learning, Nlp, Tensorflow, Pytorch, Scikit-Learn, Azure",Full-Time,Not Disclosed,"['Python', 'Machine Learning', 'Nlp', 'Tensorflow', 'Pytorch', 'Scikit-Learn', 'Azure']"
Senior Data Scientist,Amplify Health,"Gurugram, Haryana, India",https://in.linkedin.com/jobs/view/senior-data-scientist-at-amplify-health-4445437035?position=6&pageNum=0&refId=MyAU%2Bu9MPaC%2F0hXS45%2BlKw%3D%3D&trackingId=hXMeZF2NBFNGkBvfIH%2B%2F%2Fw%3D%3D,4 Weeks Ago,2026-07-28,Mid-Senior Level,"Python, Sql, Machine Learning, Deep Learning, Nlp, Tensorflow, Pytorch, Hugging Face, Scikit-Learn, Azure, Docker, Kubernetes, Databricks",Full-Time,85333333.33333333,"['Python', 'Sql', 'Machine Learning', 'Deep Learning', 'Nlp', 'Tensorflow', 'Pytorch', 'Hugging Face', 'Scikit-Learn', 'Azure', 'Docker', 'Kubernetes', 'Databricks']"
Senior Data Scientist,Sei,Greater Hyderabad Area,https://in.linkedin.com/jobs/view/senior-data-scientist-at-sei-4407866688?position=7&pageNum=0&refId=MyAU%2Bu9MPaC%2F0hXS45%2BlKw%3D%3D&trackingId=tUv76HscPCwU1OOwaTzp8w%3D%3D,1 Week Ago,2026-08-14,Mid-Senior Level,"Python, Sql, R, Machine Learning, Artificial Intelligence, Tensorflow, Pytorch, Pandas, Scikit-Learn, Matplotlib, Power Bi, Tableau, Aws, Azure, Gcp, Docker, Kubernetes, Spark",Full-Time,169416666.66666666,"['Python', 'Sql', 'R', 'Machine Learning', 'Artificial Intelligence', 'Tensorflow', 'Pytorch', 'Pandas', 'Scikit-Learn', 'Matplotlib', 'Power Bi', 'Tableau', 'Aws', 'Azure', 'Gcp', 'Docker', 'Kubernetes', 'Spark']"
Lead Data Scientist,Atkinsréalis,"Gurgaon, Haryana, India",https://in.linkedin.com/jobs/view/lead-data-scientist-at-atkinsr%C3%A9alis-4446571831?position=8&pageNum=0&refId=MyAU%2Bu9MPaC%2F0hXS45%2BlKw%3D%3D&trackingId=qY1Xtk4tMHrrFaZp9wXeiA%3D%3D,3 Weeks Ago,2026-08-04,Mid-Senior Level,"Python, Machine Learning, Deep Learning, Tensorflow, Pytorch, Hugging Face, Azure",Full-Time,43166666.666666664,"['Python', 'Machine Learning', 'Deep Learning', 'Tensorflow', 'Pytorch', 'Hugging Face', 'Azure']"
Data Scientist - Machine Learning,United Airlines India Knowledge Center,"Gurugram, Haryana, India",https://in.linkedin.com/jobs/view/data-scientist-machine-learning-at-united-airlines-india-knowledge-center-4457838253?position=9&pageNum=0&refId=MyAU%2Bu9MPaC%2F0hXS45%2BlKw%3D%3D&trackingId=RU9A0B7GUiLKluV99Xy30Q%3D%3D,3 Days Ago,2026-08-22,Mid-Senior Level,"Python, Sql, Machine Learning, Artificial Intelligence, Git",Full-Time,50900000.0,"['Python', 'Sql', 'Machine Learning', 'Artificial Intelligence', 'Git']"
Lead Data Scientist- Gen Ai-Ml- Vice President,Citi,"Chennai, Tamil Nadu, India",https://in.linkedin.com/jobs/view/lead-data-scientist-gen-ai-ml-vice-president-at-citi-4446423940?position=10&pageNum=0&refId=MyAU%2Bu9MPaC%2F0hXS45%2BlKw%3D%3D&trackingId=CGSKh9WZbe%2FZmjA3yHPs4g%3D%3D,5 Days Ago,2026-08-20,Experience,"Python, Sql, Machine Learning, Nlp, Tensorflow, Pytorch, Pandas, Numpy, Scikit-Learn, Matplotlib, Power Bi, Tableau, Git",Full-Time,Not Disclosed,"['Python', 'Sql', 'Machine Learning', 'Nlp', 'Tensorflow', 'Pytorch', 'Pandas', 'Numpy', 'Scikit-Learn', 'Matplotlib', 'Power Bi', 'Tableau', 'Git']"
Sr Advanced Data Scientist,Honeywell Technologies,"Delhi, India",https://in.linkedin.com/jobs/view/sr-advanced-data-scientist-at-honeywell-technologies-4445717520?position=11&pageNum=0&refId=MyAU%2Bu9MPaC%2F0hXS45%2BlKw%3D%3D&trackingId=uvCse69zpqA7xiIUAeF%2F7Q%3D%3D,1 Week Ago,2026-08-18,Mid-Senior Level,"Python, R, Machine Learning, Azure, Databricks",Full-Time,85333333.33333333,"['Python', 'R', 'Machine Learning', 'Azure', 'Databricks']"
Data Scientist,Thales,"Noida, Uttar Pradesh, India",https://in.linkedin.com/jobs/view/data-scientist-at-thales-4417326819?position=12&pageNum=0&refId=MyAU%2Bu9MPaC%2F0hXS45%2BlKw%3D%3D&trackingId=fkz54TnDkbAQ2f%2FzQNDC0g%3D%3D,1 Week Ago,2026-08-15,Experience,"Python, Sql, Machine Learning, Artificial Intelligence, Gcp, Databricks",Full-Time,50900000.0,"['Python', 'Sql', 'Machine Learning', 'Artificial Intelligence', 'Gcp', 'Databricks']"
Ai/Ml Data Science / Gen Ai / Mlops,Cognizant,"Chennai, Tamil Nadu, India",https://in.linkedin.com/jobs/view/ai-ml-data-science-gen-ai-mlops-at-cognizant-4447622047?position=13&pageNum=0&refId=MyAU%2Bu9MPaC%2F0hXS45%2BlKw%3D%3D&trackingId=DM3T1t2yFyTGmdlDtI4XlQ%3D%3D,2 Days Ago,2026-08-23,Mid-Senior Level,"Python, Machine Learning, Tensorflow, Pytorch, Azure, Docker, Kubernetes",Full-Time,63750000.0,"['Python', 'Machine Learning', 'Tensorflow', 'Pytorch', 'Azure', 'Docker', 'Kubernetes']"
Senior Data Scientist,"Invoicecloud, Inc.","Hyderabad, Telangana, India",https://in.linkedin.com/jobs/view/senior-data-scientist-at-invoicecloud-inc-4419691849?position=15&pageNum=0&refId=MyAU%2Bu9MPaC%2F0hXS45%2BlKw%3D%3D&trackingId=BPloVAxBXfr9nb5jN%2BzcaA%3D%3D,2 Weeks Ago,2026-08-05,Mid-Senior Level,"Python, Sql, Machine Learning, Deep Learning, Tensorflow, Pytorch, Pandas, Numpy, Scikit-Learn, Aws, Azure, Gcp, Docker, Kubernetes, Databricks, Git",Full-Time,169416666.66666666,"['Python', 'Sql', 'Machine Learning', 'Deep Learning', 'Tensorflow', 'Pytorch', 'Pandas', 'Numpy', 'Scikit-Learn', 'Aws', 'Azure', 'Gcp', 'Docker', 'Kubernetes', 'Databricks', 'Git']"
Principal Data Scientist,Atlassian,Greater Kolkata Area,https://in.linkedin.com/jobs/view/principal-data-scientist-at-atlassian-4454857134?position=16&pageNum=0&refId=MyAU%2Bu9MPaC%2F0hXS45%2BlKw%3D%3D&trackingId=zEGffpJ8QuTExTCuhtVwYg%3D%3D,1 Week Ago,2026-08-15,Mid-Senior Level,"Python, Sql, R, Machine Learning, Pandas, Numpy, Scikit-Learn, Matplotlib, Tableau",Full-Time,Not Disclosed,"['Python', 'Sql', 'R', 'Machine Learning', 'Pandas', 'Numpy', 'Scikit-Learn', 'Matplotlib', 'Tableau']"
Data Scientist + Databricks Ai/Ml - Sr Architect,Birlasoft,Pune/Pimpri-Chinchwad Area,https://in.linkedin.com/jobs/view/data-scientist-%2B-databricks-ai-ml-sr-architect-at-birlasoft-4453578053?position=18&pageNum=0&refId=MyAU%2Bu9MPaC%2F0hXS45%2BlKw%3D%3D&trackingId=uiA1qs7mHPGQ7zM9Wo39LQ%3D%3D,1 Week Ago,2026-08-14,Mid-Senior Level,"Python, Sql, Nlp, Tensorflow, Pytorch, Scikit-Learn, Power Bi, Tableau, Aws, Azure, Gcp, Databricks",Full-Time,Not Disclosed,"['Python', 'Sql', 'Nlp', 'Tensorflow', 'Pytorch', 'Scikit-Learn', 'Power Bi', 'Tableau', 'Aws', 'Azure', 'Gcp', 'Databricks']"
Senior Principal Data Scientist,Atkinsréalis,"Bengaluru East, Karnataka, India",https://in.linkedin.com/jobs/view/senior-principal-data-scientist-at-atkinsr%C3%A9alis-4394640162?position=19&pageNum=0&refId=MyAU%2Bu9MPaC%2F0hXS45%2BlKw%3D%3D&trackingId=C1sdn32mqUPBCNhiUw0qBg%3D%3D,4 Months Ago,2026-04-07,Mid-Senior Level,"Python, Machine Learning, Nlp, Tensorflow, Pytorch, Hugging Face, Aws, Azure",Full-Time,211833333.33333334,"['Python', 'Machine Learning', 'Nlp', 'Tensorflow', 'Pytorch', 'Hugging Face', 'Aws', 'Azure']"
Data Science And Aiml Lead - Aitds,Cognizant,"Hyderabad, Telangana, India",https://in.linkedin.com/jobs/view/data-science-and-aiml-lead-aitds-at-cognizant-4414475083?position=20&pageNum=0&refId=MyAU%2Bu9MPaC%2F0hXS45%2BlKw%3D%3D&trackingId=gWfEM0KvvhETbSn2KLn4gg%3D%3D,2 Weeks Ago,2026-08-08,Mid-Senior Level,"Python, Machine Learning, Tensorflow, Pytorch, Scikit-Learn, Aws, Azure, Gcp",Full-Time,Not Disclosed,"['Python', 'Machine Learning', 'Tensorflow', 'Pytorch', 'Scikit-Learn', 'Aws', 'Azure', 'Gcp']"
Straviso - Senior Data Scientist - Machine Learning,Straviso,Greater Kolkata Area,https://in.linkedin.com/jobs/view/straviso-senior-data-scientist-machine-learning-at-straviso-4438548274?position=21&pageNum=0&refId=MyAU%2Bu9MPaC%2F0hXS45%2BlKw%3D%3D&trackingId=POuTRYAGigbHatV6GikKAA%3D%3D,1 Month Ago,2026-07-09,Mid-Senior Level,"Python, Sql, Machine Learning, Deep Learning, Artificial Intelligence, Nlp, Tensorflow, Pytorch, Hugging Face, Scikit-Learn, Aws, Azure, Gcp, Docker, Kubernetes, Spark, Git",Full-Time,Not Disclosed,"['Python', 'Sql', 'Machine Learning', 'Deep Learning', 'Artificial Intelligence', 'Nlp', 'Tensorflow', 'Pytorch', 'Hugging Face', 'Scikit-Learn', 'Aws', 'Azure', 'Gcp', 'Docker', 'Kubernetes', 'Spark', 'Git']"
Data Scientist I,Kroll,"New Delhi, Delhi, India",https://in.linkedin.com/jobs/view/data-scientist-i-at-kroll-4453471229?position=22&pageNum=0&refId=MyAU%2Bu9MPaC%2F0hXS45%2BlKw%3D%3D&trackingId=wqCenuXhNf6u5ekkIAugnw%3D%3D,6 Days Ago,2026-08-19,Entry Level,"Python, Machine Learning, Deep Learning, Nlp, Tensorflow, Pytorch, Hugging Face, Pandas, Numpy, Scikit-Learn, Aws, Azure, Gcp, Spark, Databricks",Full-Time,50900000.0,"['Python', 'Machine Learning', 'Deep Learning', 'Nlp', 'Tensorflow', 'Pytorch', 'Hugging Face', 'Pandas', 'Numpy', 'Scikit-Learn', 'Aws', 'Azure', 'Gcp', 'Spark', 'Databricks']"
Data Scientist,Avahi,"Pune Division, Maharashtra, India",https://in.linkedin.com/jobs/view/data-scientist-at-avahi-4436347282?position=23&pageNum=0&refId=MyAU%2Bu9MPaC%2F0hXS45%2BlKw%3D%3D&trackingId=5UqAQ4Ep93bk3ZKSi21bsw%3D%3D,1 Week Ago,2026-08-15,Mid-Senior Level,"Python, Pytorch, Aws",Full-Time,Not Disclosed,"['Python', 'Pytorch', 'Aws']"
Data Scientist – Mortgage Analytics & Ai,Loandna,"Chennai, Tamil Nadu, India",https://in.linkedin.com/jobs/view/data-scientist-%E2%80%93-mortgage-analytics-ai-at-loandna-4453688615?position=24&pageNum=0&refId=MyAU%2Bu9MPaC%2F0hXS45%2BlKw%3D%3D&trackingId=yWFyaYsOBXcdMT945Hhu%2FQ%3D%3D,1 Week Ago,2026-08-13,Mid-Senior Level,"Python, Sql, Machine Learning, Deep Learning, Tensorflow, Pytorch, Pandas, Numpy, Scikit-Learn, Aws, Azure, Docker, Kubernetes, Databricks, Git",Full-Time,43166666.666666664,"['Python', 'Sql', 'Machine Learning', 'Deep Learning', 'Tensorflow', 'Pytorch', 'Pandas', 'Numpy', 'Scikit-Learn', 'Aws', 'Azure', 'Docker', 'Kubernetes', 'Databricks', 'Git']"
Staff Data Scientist,Stryker,"Gurugram, Haryana, India",https://in.linkedin.com/jobs/view/staff-data-scientist-at-stryker-4436215738?position=25&pageNum=0&refId=MyAU%2Bu9MPaC%2F0hXS45%2BlKw%3D%3D&trackingId=U2pMjoxRacM5GLO2hzrU6A%3D%3D,1 Month Ago,2026-07-07,Associate,"Python, Sql, Machine Learning, Nlp, Power Bi, Azure, Spark, Databricks, Git",Full-Time,512.5,"['Python', 'Sql', 'Machine Learning', 'Nlp', 'Power Bi', 'Azure', 'Spark', 'Databricks', 'Git']"
Predictive Analytics Data Scientist-Ai Labs,Adani Enterprises Limited,"Ahmedabad, Gujarat, India",https://in.linkedin.com/jobs/view/predictive-analytics-data-scientist-ai-labs-at-adani-enterprises-limited-4427055522?position=26&pageNum=0&refId=MyAU%2Bu9MPaC%2F0hXS45%2BlKw%3D%3D&trackingId=8zPkZstA73R%2F5HgRybl4lg%3D%3D,1 Week Ago,2026-08-14,Entry Level,"Machine Learning, Deep Learning, Artificial Intelligence, Aws, Azure, Gcp, Docker, Kubernetes",Full-Time,33933333.33333333,"['Machine Learning', 'Deep Learning', 'Artificial Intelligence', 'Aws', 'Azure', 'Gcp', 'Docker', 'Kubernetes']"
Lead Data Scientist,Gartner,"Gurgaon, Haryana, India",https://in.linkedin.com/jobs/view/lead-data-scientist-at-gartner-4446434435?position=27&pageNum=0&refId=MyAU%2Bu9MPaC%2F0hXS45%2BlKw%3D%3D&trackingId=%2Bq1JrRclPUgPlOmFJrSqcQ%3D%3D,6 Days Ago,2026-08-20,Experience,"Python, Sql, Machine Learning, Deep Learning, Artificial Intelligence, Nlp, Tensorflow, Pytorch, Pandas, Numpy, Scikit-Learn, Power Bi, Aws, Azure, Gcp, Spark, Databricks",Full-Time,43166666.666666664,"['Python', 'Sql', 'Machine Learning', 'Deep Learning', 'Artificial Intelligence', 'Nlp', 'Tensorflow', 'Pytorch', 'Pandas', 'Numpy', 'Scikit-Learn', 'Power Bi', 'Aws', 'Azure', 'Gcp', 'Spark', 'Databricks']"
"Lead, Data Scientist",Bain & Company,"Gurugram, Haryana, India",https://in.linkedin.com/jobs/view/lead-data-scientist-at-bain-company-4440907806?position=28&pageNum=0&refId=MyAU%2Bu9MPaC%2F0hXS45%2BlKw%3D%3D&trackingId=t5HBSqvQheQ%2FLIy6UwMq1Q%3D%3D,2 Weeks Ago,2026-08-09,Experience,"Python, Sql, Machine Learning, Deep Learning, Artificial Intelligence, Nlp, Aws, Azure, Gcp, Docker, Spark, Mongodb, Postgresql",Full-Time,43166666.666666664,"['Python', 'Sql', 'Machine Learning', 'Deep Learning', 'Artificial Intelligence', 'Nlp', 'Aws', 'Azure', 'Gcp', 'Docker', 'Spark', 'Mongodb', 'Postgresql']"
Senior Data Scientist,"Fourkites, Inc.",Greater Chennai Area,https://in.linkedin.com/jobs/view/senior-data-scientist-at-fourkites-inc-4458585972?position=29&pageNum=0&refId=MyAU%2Bu9MPaC%2F0hXS45%2BlKw%3D%3D&trackingId=pwut1J4lM5%2BTuKkbBhL6RQ%3D%3D,1 Day Ago,2026-08-25,Mid-Senior Level,"Python, Sql, Machine Learning, Nlp, Pandas, Scikit-Learn, Aws",Full-Time,Not Disclosed,"['Python', 'Sql', 'Machine Learning', 'Nlp', 'Pandas', 'Scikit-Learn', 'Aws']"
Data Scientist-Artificial Intelligence,Ibm,"Pune Division, Maharashtra, India",https://in.linkedin.com/jobs/view/data-scientist-artificial-intelligence-at-ibm-4446243677?position=30&pageNum=0&refId=MyAU%2Bu9MPaC%2F0hXS45%2BlKw%3D%3D&trackingId=qlkhXyFZAvluDEqHUPjD%2BA%3D%3D,19 Hours Ago,2026-08-25,Mid-Senior Level,"Python, Sql, Machine Learning, Artificial Intelligence, Nlp, Tensorflow, Pytorch, Keras, Hugging Face, Pandas, Matplotlib, Aws, Azure, Gcp, Kubernetes, Mongodb",Full-Time,42266666.666666664,"['Python', 'Sql', 'Machine Learning', 'Artificial Intelligence', 'Nlp', 'Tensorflow', 'Pytorch', 'Keras', 'Hugging Face', 'Pandas', 'Matplotlib', 'Aws', 'Azure', 'Gcp', 'Kubernetes', 'Mongodb']"
Lead Data Scientist,Xcaliber Health,"Bengaluru East, Karnataka, India",https://in.linkedin.com/jobs/view/lead-data-scientist-at-xcaliber-health-4434281766?position=31&pageNum=0&refId=MyAU%2Bu9MPaC%2F0hXS45%2BlKw%3D%3D&trackingId=l%2BpzFhvdikcTCRNN6eO%2Fag%3D%3D,1 Month Ago,2026-06-28,Mid-Senior Level,"Python, Machine Learning, Nlp",Full-Time,Not Disclosed,"['Python', 'Machine Learning', 'Nlp']"
Principal Data Scientist,Jaggaer,Greater Hyderabad Area,https://in.linkedin.com/jobs/view/principal-data-scientist-at-jaggaer-4451521110?position=32&pageNum=0&refId=MyAU%2Bu9MPaC%2F0hXS45%2BlKw%3D%3D&trackingId=JLidm%2FnU%2FDMeQVZnU%2BoKtQ%3D%3D,2 Weeks Ago,2026-08-10,Mid-Senior Level,"Python, Sql, R, Tensorflow, Pytorch, Pandas, Scikit-Learn, Tableau, Aws, Azure, Gcp, Docker, Kubernetes, Git",Full-Time,Not Disclosed,"['Python', 'Sql', 'R', 'Tensorflow', 'Pytorch', 'Pandas', 'Scikit-Learn', 'Tableau', 'Aws', 'Azure', 'Gcp', 'Docker', 'Kubernetes', 'Git']"
Senior Data Scientist,Sonatype,"Hyderabad, Telangana, India",https://in.linkedin.com/jobs/view/senior-data-scientist-at-sonatype-4448280537?position=33&pageNum=0&refId=MyAU%2Bu9MPaC%2F0hXS45%2BlKw%3D%3D&trackingId=eVnY0A8U0EGrd0Jaw0NTcw%3D%3D,1 Day Ago,2026-08-25,Associate,"Python, Java, Machine Learning, Deep Learning, Artificial Intelligence, Tensorflow, Pytorch, Scikit-Learn, Aws, Databricks, Git",Full-Time,169416666.66666666,"['Python', 'Java', 'Machine Learning', 'Deep Learning', 'Artificial Intelligence', 'Tensorflow', 'Pytorch', 'Scikit-Learn', 'Aws', 'Databricks', 'Git']"
Senior Data Scientist,Skan Ai,"Bengaluru, Karnataka, India",https://in.linkedin.com/jobs/view/senior-data-scientist-at-skan-ai-4456247269?position=34&pageNum=0&refId=MyAU%2Bu9MPaC%2F0hXS45%2BlKw%3D%3D&trackingId=TH2Wgxlhie9ItOjxZAKt0g%3D%3D,4 Days Ago,2026-08-21,Mid-Senior Level,"Python, Deep Learning, Nlp, Spark, Databricks",Full-Time,Not Disclosed,"['Python', 'Deep Learning', 'Nlp', 'Spark', 'Databricks']"
Senior Data Scientist,Aligned Automation,"Pune Division, Maharashtra, India",https://in.linkedin.com/jobs/view/senior-data-scientist-at-aligned-automation-4454272168?position=35&pageNum=0&refId=MyAU%2Bu9MPaC%2F0hXS45%2BlKw%3D%3D&trackingId=8lXOZ77yhzPblBZECkoDeQ%3D%3D,1 Week Ago,2026-08-13,Mid-Senior Level,"Python, Machine Learning, Tensorflow, Pytorch, Pandas, Scikit-Learn",Full-Time,Not Disclosed,"['Python', 'Machine Learning', 'Tensorflow', 'Pytorch', 'Pandas', 'Scikit-Learn']"
Senior Data Scientist,Sourcingxpress,"Hyderabad, Telangana, India",https://in.linkedin.com/jobs/view/senior-data-scientist-at-sourcingxpress-4377843079?position=36&pageNum=0&refId=MyAU%2Bu9MPaC%2F0hXS45%2BlKw%3D%3D&trackingId=th1BjAPfAo2ZXgp%2BDSGwVw%3D%3D,5 Months Ago,2026-02-27,Mid-Senior Level,"Python, Sql, Machine Learning, Aws, Azure, Gcp, Docker, Spark",Full-Time,148333333.33333334,"['Python', 'Sql', 'Machine Learning', 'Aws', 'Azure', 'Gcp', 'Docker', 'Spark']"
Senior Data Scientist,Citiustech,"Hyderabad, Telangana, India",https://in.linkedin.com/jobs/view/senior-data-scientist-at-citiustech-4447280305?position=37&pageNum=0&refId=MyAU%2Bu9MPaC%2F0hXS45%2BlKw%3D%3D&trackingId=abxa4NN0Y3LdSSXbdx%2BGLQ%3D%3D,3 Weeks Ago,2026-07-31,Mid-Senior Level,"Python, Sql, Machine Learning, Nlp, Tensorflow, Pytorch, Scikit-Learn, Power Bi, Tableau, Azure, Databricks",Full-Time,169416666.66666666,"['Python', 'Sql', 'Machine Learning', 'Nlp', 'Tensorflow', 'Pytorch', 'Scikit-Learn', 'Power Bi', 'Tableau', 'Azure', 'Databricks']"
Staff Data Scientist – Healthcare,Anblicks,"Hyderabad, Telangana, India",https://in.linkedin.com/jobs/view/staff-data-scientist-%E2%80%93-healthcare-at-anblicks-4425796423?position=38&pageNum=0&refId=MyAU%2Bu9MPaC%2F0hXS45%2BlKw%3D%3D&trackingId=zjzHfH3SQ%2BwHKeFwRX12vg%3D%3D,2 Months Ago,2026-06-15,Mid-Senior Level,"Python, R, Machine Learning, Deep Learning, Aws, Docker, Kubernetes, Spark, Databricks",Full-Time,Not Disclosed,"['Python', 'R', 'Machine Learning', 'Deep Learning', 'Aws', 'Docker', 'Kubernetes', 'Spark', 'Databricks']"
Machine Learning-Lead Ai And Data Science Engineer Ii,Deloitte,"Chennai, Tamil Nadu, India",https://in.linkedin.com/jobs/view/machine-learning-lead-ai-and-data-science-engineer-ii-at-deloitte-4440237541?position=41&pageNum=0&refId=MyAU%2Bu9MPaC%2F0hXS45%2BlKw%3D%3D&trackingId=qdKdqqsnZ%2BW24G8eGA8yjQ%3D%3D,2 Weeks Ago,2026-08-06,Experience,"Python, Sql, Deep Learning, Nlp, Tensorflow, Pytorch, Keras, Aws, Azure, Gcp, Docker, Git",Full-Time,Not Disclosed,"['Python', 'Sql', 'Deep Learning', 'Nlp', 'Tensorflow', 'Pytorch', 'Keras', 'Aws', 'Azure', 'Gcp', 'Docker', 'Git']"
Machine Learning Engineer/Data Engineer,Adient,"Pune City, Maharashtra, India",https://in.linkedin.com/jobs/view/machine-learning-engineer-data-engineer-at-adient-4411506846?position=42&pageNum=0&refId=MyAU%2Bu9MPaC%2F0hXS45%2BlKw%3D%3D&trackingId=%2B5oRbadrYMlcXQBotBSdjQ%3D%3D,3 Months Ago,2026-05-14,Mid-Senior Level,"Python, Sql, Machine Learning, Pandas, Numpy, Scikit-Learn, Matplotlib, Azure",Full-Time,63750000.0,"['Python', 'Sql', 'Machine Learning', 'Pandas', 'Numpy', 'Scikit-Learn', 'Matplotlib', 'Azure']"
Data Scientist Iii,Navi,"Bangalore Urban, Karnataka, India",https://in.linkedin.com/jobs/view/data-scientist-iii-at-navi-4448539970?position=43&pageNum=0&refId=MyAU%2Bu9MPaC%2F0hXS45%2BlKw%3D%3D&trackingId=vHKrnlqD5Vvq3gzvWGmapA%3D%3D,3 Weeks Ago,2026-08-04,Mid-Senior Level,"Python, Machine Learning, Deep Learning, Tensorflow, Keras, Scikit-Learn",Full-Time,Not Disclosed,"['Python', 'Machine Learning', 'Deep Learning', 'Tensorflow', 'Keras', 'Scikit-Learn']"
Senior Lead Data Scientist,4Flow,"Bengaluru, Karnataka, India",https://in.linkedin.com/jobs/view/senior-lead-data-scientist-at-4flow-4443937418?position=44&pageNum=0&refId=MyAU%2Bu9MPaC%2F0hXS45%2BlKw%3D%3D&trackingId=%2FT1hkBmVYdthmMjcpSgUqQ%3D%3D,1 Week Ago,2026-08-13,Mid-Senior Level,Machine Learning,Full-Time,Not Disclosed,['Machine Learning']
Lead Data Scientist,Philips,"Bengaluru, Karnataka, India",https://in.linkedin.com/jobs/view/lead-data-scientist-at-philips-4448528032?position=45&pageNum=0&refId=MyAU%2Bu9MPaC%2F0hXS45%2BlKw%3D%3D&trackingId=UPmBDw%2BKbNTR%2BnDO1MvXtg%3D%3D,1 Hour Ago,2026-08-26,Mid-Senior Level,"Python, Sql, Machine Learning, Deep Learning, Nlp, Tensorflow, Pytorch, Aws, Azure",Full-Time,Not Disclosed,"['Python', 'Sql', 'Machine Learning', 'Deep Learning', 'Nlp', 'Tensorflow', 'Pytorch', 'Aws', 'Azure']"
Datanimbus - Ml Architect - Data Science,Datanimbus,Greater Kolkata Area,https://in.linkedin.com/jobs/view/datanimbus-ml-architect-data-science-at-datanimbus-4445358620?position=46&pageNum=0&refId=MyAU%2Bu9MPaC%2F0hXS45%2BlKw%3D%3D&trackingId=NLpxOjr8PUmrRa9YTH2oPQ%3D%3D,1 Month Ago,2026-07-26,Mid-Senior Level,"Machine Learning, Tensorflow, Pytorch, Pandas, Scikit-Learn, Aws, Azure, Gcp, Spark, Databricks",Full-Time,22583333.333333332,"['Machine Learning', 'Tensorflow', 'Pytorch', 'Pandas', 'Scikit-Learn', 'Aws', 'Azure', 'Gcp', 'Spark', 'Databricks']"
Digital Manager,Ey,"Kolkata, West Bengal, India",https://in.linkedin.com/jobs/view/digital-manager-at-ey-4456528091?position=48&pageNum=0&refId=MyAU%2Bu9MPaC%2F0hXS45%2BlKw%3D%3D&trackingId=TQaS0R7ZTc%2FnL3VaJRELxA%3D%3D,1 Day Ago,2026-08-24,Mid-Senior Level,"Python, Sql, Machine Learning, Deep Learning, Azure, Docker, Kubernetes",Full-Time,Not Disclosed,"['Python', 'Sql', 'Machine Learning', 'Deep Learning', 'Azure', 'Docker', 'Kubernetes']"
Senior Data Scientist (5 To 8 Years),Fractal,"Bengaluru, Karnataka, India",https://in.linkedin.com/jobs/view/senior-data-scientist-5-to-8-years-at-fractal-4389546678?position=49&pageNum=0&refId=MyAU%2Bu9MPaC%2F0hXS45%2BlKw%3D%3D&trackingId=%2BiYbz%2FfjxtLJZUbgvFyYIA%3D%3D,1 Week Ago,2026-08-14,Mid-Senior Level,"Python, R, Machine Learning, Azure, Gcp, Spark, Databricks",Full-Time,Not Disclosed,"['Python', 'R', 'Machine Learning', 'Azure', 'Gcp', 'Spark', 'Databricks']"
Product Specialist,Bajaj Finserv,"Pune Division, Maharashtra, India",https://in.linkedin.com/jobs/view/product-specialist-at-bajaj-finserv-4420472918?position=50&pageNum=0&refId=MyAU%2Bu9MPaC%2F0hXS45%2BlKw%3D%3D&trackingId=cVJk5yPBQBUsSWSgedcDKQ%3D%3D,2 Months Ago,2026-05-28,Associate,"Python, Sql, Tensorflow, Pytorch, Pandas, Spark, Mongodb, Git",Full-Time,Not Disclosed,"['Python', 'Sql', 'Tensorflow', 'Pytorch', 'Pandas', 'Spark', 'Mongodb', 'Git']"
Data Scientist 10+Yrs,Iqlexa Technologies,"Pune Division, Maharashtra, India",https://in.linkedin.com/jobs/view/data-scientist-10%2Byrs-at-iqlexa-technologies-4454168982?position=51&pageNum=0&refId=MyAU%2Bu9MPaC%2F0hXS45%2BlKw%3D%3D&trackingId=sIkOMw23AWzt0Oq%2BQjuJsQ%3D%3D,5 Days Ago,2026-08-21,Entry Level,"Python, Sql, Machine Learning, Deep Learning, Nlp, Tensorflow, Pytorch, Pandas, Numpy, Scikit-Learn, Aws, Azure, Gcp, Spark",Full-Time,Not Disclosed,"['Python', 'Sql', 'Machine Learning', 'Deep Learning', 'Nlp', 'Tensorflow', 'Pytorch', 'Pandas', 'Numpy', 'Scikit-Learn', 'Aws', 'Azure', 'Gcp', 'Spark']"
Principal Data Scientist - Digital Health,Alcon,"Bengaluru, Karnataka, India",https://in.linkedin.com/jobs/view/principal-data-scientist-digital-health-at-alcon-4450090718?position=54&pageNum=0&refId=MyAU%2Bu9MPaC%2F0hXS45%2BlKw%3D%3D&trackingId=LTqU4evyoOe0QC%2Fq1krT%2FQ%3D%3D,2 Weeks Ago,2026-08-07,Mid-Senior Level,"Python, Sql, Deep Learning, Aws, Azure, Gcp",Full-Time,Not Disclosed,"['Python', 'Sql', 'Deep Learning', 'Aws', 'Azure', 'Gcp']"
Sr Data Scientist,Here Technologies,Mumbai Metropolitan Region,https://in.linkedin.com/jobs/view/sr-data-scientist-at-here-technologies-4442723388?position=55&pageNum=0&refId=MyAU%2Bu9MPaC%2F0hXS45%2BlKw%3D%3D&trackingId=nxUZSBVSEoaAzeny8sqC5w%3D%3D,2 Weeks Ago,2026-08-11,Mid-Senior Level,"Python, Sql, R, Machine Learning, Deep Learning, Spark",Full-Time,2532.5,"['Python', 'Sql', 'R', 'Machine Learning', 'Deep Learning', 'Spark']"
"Data Scientist – Ai, Machine Learning & Analytics",Codeclouds,Greater Kolkata Area,https://in.linkedin.com/jobs/view/data-scientist-%E2%80%93-ai-machine-learning-analytics-at-codeclouds-4435630109?position=56&pageNum=0&refId=MyAU%2Bu9MPaC%2F0hXS45%2BlKw%3D%3D&trackingId=x3U2jfOEuVUCi42%2F6q0%2BRA%3D%3D,2 Months Ago,2026-06-14,Mid-Senior Level,"Machine Learning, Deep Learning",Full-Time,Not Disclosed,"['Machine Learning', 'Deep Learning']"
Lead Data Scientist,Accenture In India,"Kochi, Kerala, India",https://in.linkedin.com/jobs/view/lead-data-scientist-at-accenture-in-india-4448345079?position=57&pageNum=0&refId=MyAU%2Bu9MPaC%2F0hXS45%2BlKw%3D%3D&trackingId=Lium7hf0eU0RIyWy8Qjp9A%3D%3D,23 Hours Ago,2026-08-25,Mid-Senior Level,"Python, Sql, R, Machine Learning, Tensorflow, Pytorch, Scikit-Learn, Aws, Azure, Gcp, Git",Full-Time,43166666.666666664,"['Python', 'Sql', 'R', 'Machine Learning', 'Tensorflow', 'Pytorch', 'Scikit-Learn', 'Aws', 'Azure', 'Gcp', 'Git']"
Senior Data Scientist,Usefulbi Corporation,"Bengaluru, Karnataka, India",https://in.linkedin.com/jobs/view/senior-data-scientist-at-usefulbi-corporation-4448171986?position=58&pageNum=0&refId=MyAU%2Bu9MPaC%2F0hXS45%2BlKw%3D%3D&trackingId=W6avUvEePc3zL9%2FQyXYOvA%3D%3D,3 Weeks Ago,2026-08-03,Mid-Senior Level,"Python, Sql, Nlp, Tensorflow, Pytorch, Hugging Face, Pandas, Numpy, Scikit-Learn, Aws, Azure, Gcp, Docker, Git",Full-Time,Not Disclosed,"['Python', 'Sql', 'Nlp', 'Tensorflow', 'Pytorch', 'Hugging Face', 'Pandas', 'Numpy', 'Scikit-Learn', 'Aws', 'Azure', 'Gcp', 'Docker', 'Git']"
"Data Scientist Ii , Ultra",Affle,"Gurugram, Haryana, India",https://in.linkedin.com/jobs/view/data-scientist-ii-ultra-at-affle-4450139004?position=59&pageNum=0&refId=MyAU%2Bu9MPaC%2F0hXS45%2BlKw%3D%3D&trackingId=XPm%2F%2F6806fD6JwfbXIfRkQ%3D%3D,1 Month Ago,2026-07-18,Mid-Senior Level,"Python, Sql, Machine Learning, Gcp",Full-Time,50900000.0,"['Python', 'Sql', 'Machine Learning', 'Gcp']"
Affle India - Data Scientist Ii,Affle,"Gurugram, Haryana, India",https://in.linkedin.com/jobs/view/affle-india-data-scientist-ii-at-affle-4425952117?position=60&pageNum=0&refId=MyAU%2Bu9MPaC%2F0hXS45%2BlKw%3D%3D&trackingId=1viOpAH0V8r1yL1aNJcosg%3D%3D,2 Months Ago,2026-06-09,Mid-Senior Level,"Python, Sql, Machine Learning, Gcp",Full-Time,50900000.0,"['Python', 'Sql', 'Machine Learning', 'Gcp']"
