title,company,location,job_url,posted_text,posted_date,experience,salary,skills,job_type,salary_min,salary_max
Data Scientist-Artificial Intelligence,IBM,"Kochi, Kerala, India",https://in.linkedin.com/jobs/view/data-scientist-artificial-intelligence-at-ibm-4446241710?position=1&pageNum=0&refId=x8S%2B68uVhJjbnbv4CmsPww%3D%3D&trackingId=SvOZkJNmAmrAO7HXXxVCQg%3D%3D,18 hours ago,2026-08-25,Mid-Senior level,"₹1,000,000.00
            -
            ₹3,000,000.00","Python, SQL, Machine Learning, Artificial Intelligence, NLP, TensorFlow, PyTorch, Keras, Hugging Face, Pandas, Matplotlib, AWS, Azure, GCP, Kubernetes, MongoDB",Full-time,1000000.0,3000000.0
Senior Data Scientist - I,MetLife,"Pune Division, Maharashtra, India",https://in.linkedin.com/jobs/view/senior-data-scientist-i-at-metlife-4455731862?position=2&pageNum=0&refId=x8S%2B68uVhJjbnbv4CmsPww%3D%3D&trackingId=7V8rfqYpC7elSxxCIHlEgA%3D%3D,22 hours ago,2026-08-25,Mid-Senior level,,"Python, Machine Learning, NLP, TensorFlow, PyTorch, Scikit-learn, Azure",Full-time,,
Senior Data Scientist,SourcingXPress,"Gurgaon, Haryana, India",https://in.linkedin.com/jobs/view/senior-data-scientist-at-sourcingxpress-4384572454?position=3&pageNum=0&refId=x8S%2B68uVhJjbnbv4CmsPww%3D%3D&trackingId=cIxUNaEiXEyotPyxdNHg6g%3D%3D,5 months ago,2026-03-16,Mid-Senior level,"Base pay range ₹2,000,000.00/yr - ₹4,000,000.00/yr","Python, Machine Learning, Deep Learning, AWS, Azure, GCP, Databricks",Full-time,2000000.0,4000000.0
Sr Advanced Data Scientist,Honeywell Technologies,"Pune Division, Maharashtra, India",https://in.linkedin.com/jobs/view/sr-advanced-data-scientist-at-honeywell-technologies-4445700716?position=4&pageNum=0&refId=x8S%2B68uVhJjbnbv4CmsPww%3D%3D&trackingId=bI%2FusVem%2F3RQBsT28IMDeA%3D%3D,1 week ago,2026-08-18,Mid-Senior level,,"Python, R, Machine Learning, Azure, Databricks",Full-time,,
Senior Data Scientist I,MetLife,"Pune Division, Maharashtra, India",https://in.linkedin.com/jobs/view/senior-data-scientist-i-at-metlife-4446306265?position=5&pageNum=0&refId=x8S%2B68uVhJjbnbv4CmsPww%3D%3D&trackingId=ReI3gNjbjqFdh1t8nEIwxA%3D%3D,3 weeks ago,2026-08-03,Mid-Senior level,,"Python, Machine Learning, NLP, TensorFlow, PyTorch, Scikit-learn, Azure",Full-time,,
Senior Data Scientist,Amplify Health,"Gurugram, Haryana, India",https://in.linkedin.com/jobs/view/senior-data-scientist-at-amplify-health-4445437035?position=6&pageNum=0&refId=x8S%2B68uVhJjbnbv4CmsPww%3D%3D&trackingId=bwTteJYuB%2BcHgbYBYFekbg%3D%3D,4 weeks ago,2026-07-28,Mid-Senior level,"₹2,000,000.00
            -
            ₹4,000,000.00","Python, SQL, Machine Learning, Deep Learning, NLP, TensorFlow, PyTorch, Hugging Face, Scikit-learn, Azure, Docker, Kubernetes, Databricks",Full-time,2000000.0,4000000.0
Senior Data Scientist,SEI,Greater Hyderabad Area,https://in.linkedin.com/jobs/view/senior-data-scientist-at-sei-4407866688?position=7&pageNum=0&refId=x8S%2B68uVhJjbnbv4CmsPww%3D%3D&trackingId=8I8GIC0nK0iHld5WRxOH0w%3D%3D,1 week ago,2026-08-14,Mid-Senior level,"₹4,000,000.00
            -
            ₹5,500,000.00","Python, SQL, R, Machine Learning, Artificial Intelligence, TensorFlow, PyTorch, Pandas, Scikit-learn, Matplotlib, Power BI, Tableau, AWS, Azure, GCP, Docker, Kubernetes, Spark",Full-time,4000000.0,5500000.0
Lead Data Scientist,AtkinsRéalis,"Gurgaon, Haryana, India",https://in.linkedin.com/jobs/view/lead-data-scientist-at-atkinsr%C3%A9alis-4446571831?position=8&pageNum=0&refId=x8S%2B68uVhJjbnbv4CmsPww%3D%3D&trackingId=JuoWULEs5APKllf6GqNwHQ%3D%3D,3 weeks ago,2026-08-04,Mid-Senior level,"₹1,000,000.00
            -
            ₹3,000,000.00","Python, Machine Learning, Deep Learning, TensorFlow, PyTorch, Hugging Face, Azure",Full-time,1000000.0,3000000.0
Data Scientist - Machine Learning,United Airlines India Knowledge Center,"Gurugram, Haryana, India",https://in.linkedin.com/jobs/view/data-scientist-machine-learning-at-united-airlines-india-knowledge-center-4457838253?position=9&pageNum=0&refId=x8S%2B68uVhJjbnbv4CmsPww%3D%3D&trackingId=wtbIrTquHyNlQlfbOqNrmw%3D%3D,3 days ago,2026-08-22,Mid-Senior level,"₹1,200,000.00
            -
            ₹1,800,000.00","Python, SQL, Machine Learning, Artificial Intelligence, Git",Full-time,1200000.0,1800000.0
Lead Data Scientist- Gen AI-ML- Vice president,Citi,"Chennai, Tamil Nadu, India",https://in.linkedin.com/jobs/view/lead-data-scientist-gen-ai-ml-vice-president-at-citi-4446423940?position=10&pageNum=0&refId=x8S%2B68uVhJjbnbv4CmsPww%3D%3D&trackingId=9gGRDeN0A%2BIlsn%2BLnXBHXw%3D%3D,5 days ago,2026-08-20,Not Applicable,,"Python, SQL, Machine Learning, NLP, TensorFlow, PyTorch, Pandas, NumPy, Scikit-learn, Matplotlib, Power BI, Tableau, Git",Full-time,,
Sr Advanced Data Scientist,Honeywell Technologies,"Delhi, India",https://in.linkedin.com/jobs/view/sr-advanced-data-scientist-at-honeywell-technologies-4445717520?position=11&pageNum=0&refId=x8S%2B68uVhJjbnbv4CmsPww%3D%3D&trackingId=ws9J2nh1ZBz1wYfSlfx6Hw%3D%3D,1 week ago,2026-08-18,Mid-Senior level,"₹2,000,000.00
            -
            ₹4,000,000.00","Python, R, Machine Learning, Azure, Databricks",Full-time,2000000.0,4000000.0
Data Scientist,Thales,"Noida, Uttar Pradesh, India",https://in.linkedin.com/jobs/view/data-scientist-at-thales-4417326819?position=12&pageNum=0&refId=x8S%2B68uVhJjbnbv4CmsPww%3D%3D&trackingId=ZOHbsrEJYY0CiiRpvyaRfQ%3D%3D,1 week ago,2026-08-15,Not Applicable,"₹1,200,000.00
            -
            ₹1,800,000.00","Python, SQL, Machine Learning, Artificial Intelligence, GCP, Databricks",Full-time,1200000.0,1800000.0
AI/ML Data Science / Gen AI / MLOps,Cognizant,"Chennai, Tamil Nadu, India",https://in.linkedin.com/jobs/view/ai-ml-data-science-gen-ai-mlops-at-cognizant-4447622047?position=13&pageNum=0&refId=x8S%2B68uVhJjbnbv4CmsPww%3D%3D&trackingId=ssjiurH51V6wMfR1TmMhng%3D%3D,2 days ago,2026-08-23,Mid-Senior level,"₹1,500,000.00
            -
            ₹2,500,000.00","Python, Machine Learning, TensorFlow, PyTorch, Azure, Docker, Kubernetes",Full-time,1500000.0,2500000.0
Machine Learning Engineer,Simplify Healthcare,"Pune Division, Maharashtra, India",https://in.linkedin.com/jobs/view/machine-learning-engineer-at-simplify-healthcare-4455251418?position=14&pageNum=0&refId=x8S%2B68uVhJjbnbv4CmsPww%3D%3D&trackingId=clNQH0Xtq3ZrqgVj%2FkpeSg%3D%3D,1 week ago,2026-08-17,Mid-Senior level,,"Python, SQL, AWS, Azure, GCP, Spark, Databricks",Full-time,,
Senior Data Scientist,"InvoiceCloud, Inc.","Hyderabad, Telangana, India",https://in.linkedin.com/jobs/view/senior-data-scientist-at-invoicecloud-inc-4419691849?position=15&pageNum=0&refId=x8S%2B68uVhJjbnbv4CmsPww%3D%3D&trackingId=TwT4RvrdGKC1qOHarypxFg%3D%3D,2 weeks ago,2026-08-05,Mid-Senior level,"₹4,000,000.00
            -
            ₹5,500,000.00","Python, SQL, Machine Learning, Deep Learning, TensorFlow, PyTorch, Pandas, NumPy, Scikit-learn, AWS, Azure, GCP, Docker, Kubernetes, Databricks, Git",Full-time,4000000.0,5500000.0
Principal Data Scientist,Atlassian,Greater Kolkata Area,https://in.linkedin.com/jobs/view/principal-data-scientist-at-atlassian-4454857134?position=16&pageNum=0&refId=x8S%2B68uVhJjbnbv4CmsPww%3D%3D&trackingId=vRzXJd02SKq1gsIxyiKchQ%3D%3D,1 week ago,2026-08-15,Mid-Senior level,,"Python, SQL, R, Machine Learning, Pandas, NumPy, Scikit-learn, Matplotlib, Tableau",Full-time,,
Data Scientist I,Kroll,"Hyderabad, Telangana, India",https://in.linkedin.com/jobs/view/data-scientist-i-at-kroll-4453474215?position=17&pageNum=0&refId=x8S%2B68uVhJjbnbv4CmsPww%3D%3D&trackingId=K14yVJ530VPYJhzuooQiDA%3D%3D,6 days ago,2026-08-19,Entry level,"₹1,000,000.00
            -
            ₹3,000,000.00","Python, Machine Learning, Deep Learning, NLP, TensorFlow, PyTorch, Hugging Face, Pandas, NumPy, Scikit-learn, AWS, Azure, GCP, Spark, Databricks",Full-time,1000000.0,3000000.0
Data Scientist + Databricks AI/ML - Sr Architect,Birlasoft,Pune/Pimpri-Chinchwad Area,https://in.linkedin.com/jobs/view/data-scientist-%2B-databricks-ai-ml-sr-architect-at-birlasoft-4453578053?position=18&pageNum=0&refId=x8S%2B68uVhJjbnbv4CmsPww%3D%3D&trackingId=2YkxMPH%2B1PGuAHE8qxM38g%3D%3D,1 week ago,2026-08-14,Mid-Senior level,,"Python, SQL, NLP, TensorFlow, PyTorch, Scikit-learn, Power BI, Tableau, AWS, Azure, GCP, Databricks",Full-time,,
Senior Principal Data Scientist,AtkinsRéalis,"Bengaluru East, Karnataka, India",https://in.linkedin.com/jobs/view/senior-principal-data-scientist-at-atkinsr%C3%A9alis-4394640162?position=19&pageNum=0&refId=x8S%2B68uVhJjbnbv4CmsPww%3D%3D&trackingId=HtSI9fgJZOpfec2S7WO72g%3D%3D,4 months ago,2026-04-07,Mid-Senior level,"₹5,000,000.00
            -
            ₹7,000,000.00","Python, Machine Learning, NLP, TensorFlow, PyTorch, Hugging Face, AWS, Azure",Full-time,5000000.0,7000000.0
Data Science and AIML Lead - AITDS,Cognizant,"Hyderabad, Telangana, India",https://in.linkedin.com/jobs/view/data-science-and-aiml-lead-aitds-at-cognizant-4414475083?position=20&pageNum=0&refId=x8S%2B68uVhJjbnbv4CmsPww%3D%3D&trackingId=GwdY3QO2NVNrEsfDFCaJKw%3D%3D,2 weeks ago,2026-08-08,Mid-Senior level,,"Python, Machine Learning, TensorFlow, PyTorch, Scikit-learn, AWS, Azure, GCP",Full-time,,
Straviso - Senior Data Scientist - Machine Learning,StraViso,Greater Kolkata Area,https://in.linkedin.com/jobs/view/straviso-senior-data-scientist-machine-learning-at-straviso-4438548274?position=21&pageNum=0&refId=x8S%2B68uVhJjbnbv4CmsPww%3D%3D&trackingId=i09VNWB%2BDswcC17DSy%2BJxQ%3D%3D,1 month ago,2026-07-09,Mid-Senior level,,"Python, SQL, Machine Learning, Deep Learning, Artificial Intelligence, NLP, TensorFlow, PyTorch, Hugging Face, Scikit-learn, AWS, Azure, GCP, Docker, Kubernetes, Spark, Git",Full-time,,
Data Scientist I,Kroll,"New Delhi, Delhi, India",https://in.linkedin.com/jobs/view/data-scientist-i-at-kroll-4453471229?position=22&pageNum=0&refId=x8S%2B68uVhJjbnbv4CmsPww%3D%3D&trackingId=R0sT3mfM8C1hzNmoiJGj9w%3D%3D,6 days ago,2026-08-19,Entry level,"₹1,200,000.00
            -
            ₹1,800,000.00","Python, Machine Learning, Deep Learning, NLP, TensorFlow, PyTorch, Hugging Face, Pandas, NumPy, Scikit-learn, AWS, Azure, GCP, Spark, Databricks",Full-time,1200000.0,1800000.0
Data Scientist,Avahi,"Pune Division, Maharashtra, India",https://in.linkedin.com/jobs/view/data-scientist-at-avahi-4436347282?position=23&pageNum=0&refId=x8S%2B68uVhJjbnbv4CmsPww%3D%3D&trackingId=yQTDUX5Gss0RToegH%2FOr%2Fw%3D%3D,1 week ago,2026-08-15,Mid-Senior level,,"Python, PyTorch, AWS",Full-time,,
Data Scientist – Mortgage Analytics & AI,loanDNA,"Chennai, Tamil Nadu, India",https://in.linkedin.com/jobs/view/data-scientist-%E2%80%93-mortgage-analytics-ai-at-loandna-4453688615?position=24&pageNum=0&refId=x8S%2B68uVhJjbnbv4CmsPww%3D%3D&trackingId=X66CbIqNudZbt5m6dk%2FFtA%3D%3D,1 week ago,2026-08-13,Mid-Senior level,"₹1,000,000.00
            -
            ₹3,000,000.00","Python, SQL, Machine Learning, Deep Learning, TensorFlow, PyTorch, Pandas, NumPy, Scikit-learn, AWS, Azure, Docker, Kubernetes, Databricks, Git",Full-time,1000000.0,3000000.0
Staff Data Scientist,Stryker,"Gurugram, Haryana, India",https://in.linkedin.com/jobs/view/staff-data-scientist-at-stryker-4436215738?position=25&pageNum=0&refId=x8S%2B68uVhJjbnbv4CmsPww%3D%3D&trackingId=xNPrt02VIjERzM8QsyCSQQ%3D%3D,1 month ago,2026-07-07,Associate,"₹12.00
            -
            ₹25.00","Python, SQL, Machine Learning, NLP, Power BI, Azure, Spark, Databricks, Git",Full-time,12.0,25.0
Predictive Analytics Data Scientist-AI Labs,Adani Enterprises Limited,"Ahmedabad, Gujarat, India",https://in.linkedin.com/jobs/view/predictive-analytics-data-scientist-ai-labs-at-adani-enterprises-limited-4427055522?position=26&pageNum=0&refId=x8S%2B68uVhJjbnbv4CmsPww%3D%3D&trackingId=12upmbySMRq%2F63b06Rjx9w%3D%3D,1 week ago,2026-08-14,Entry level,"₹800,000.00
            -
            ₹1,200,000.00","Machine Learning, Deep Learning, Artificial Intelligence, AWS, Azure, GCP, Docker, Kubernetes",Full-time,800000.0,1200000.0
Lead Data Scientist,Gartner,"Gurgaon, Haryana, India",https://in.linkedin.com/jobs/view/lead-data-scientist-at-gartner-4446434435?position=27&pageNum=0&refId=x8S%2B68uVhJjbnbv4CmsPww%3D%3D&trackingId=pvp5g7PJyxOJVAHppgwf6A%3D%3D,6 days ago,2026-08-20,Not Applicable,"₹1,000,000.00
            -
            ₹3,000,000.00","Python, SQL, Machine Learning, Deep Learning, Artificial Intelligence, NLP, TensorFlow, PyTorch, Pandas, NumPy, Scikit-learn, Power BI, AWS, Azure, GCP, Spark, Databricks",Full-time,1000000.0,3000000.0
"Lead, Data Scientist",Bain & Company,"Gurugram, Haryana, India",https://in.linkedin.com/jobs/view/lead-data-scientist-at-bain-company-4440907806?position=28&pageNum=0&refId=x8S%2B68uVhJjbnbv4CmsPww%3D%3D&trackingId=HyizO%2Fn7L1uMQ5TXDkLqVA%3D%3D,2 weeks ago,2026-08-09,Not Applicable,"₹1,000,000.00
            -
            ₹3,000,000.00","Python, SQL, Machine Learning, Deep Learning, Artificial Intelligence, NLP, AWS, Azure, GCP, Docker, Spark, MongoDB, PostgreSQL",Full-time,1000000.0,3000000.0
Senior Data Scientist,"FourKites, Inc.",Greater Chennai Area,https://in.linkedin.com/jobs/view/senior-data-scientist-at-fourkites-inc-4458585972?position=29&pageNum=0&refId=x8S%2B68uVhJjbnbv4CmsPww%3D%3D&trackingId=cN4RL9JG98cKPP7l3zupTw%3D%3D,1 day ago,2026-08-25,Mid-Senior level,,"Python, SQL, Machine Learning, NLP, Pandas, Scikit-learn, AWS",Full-time,,
Data Scientist-Artificial Intelligence,IBM,"Pune Division, Maharashtra, India",https://in.linkedin.com/jobs/view/data-scientist-artificial-intelligence-at-ibm-4446243677?position=30&pageNum=0&refId=x8S%2B68uVhJjbnbv4CmsPww%3D%3D&trackingId=9SlDIjxDJy9h4k8QZ43A5w%3D%3D,19 hours ago,2026-08-25,Mid-Senior level,"₹1,000,000.00
            -
            ₹1,200,000.00","Python, SQL, Machine Learning, Artificial Intelligence, NLP, TensorFlow, PyTorch, Keras, Hugging Face, Pandas, Matplotlib, AWS, Azure, GCP, Kubernetes, MongoDB",Full-time,1000000.0,1200000.0
Lead Data Scientist,XCaliber Health,"Bengaluru East, Karnataka, India",https://in.linkedin.com/jobs/view/lead-data-scientist-at-xcaliber-health-4434281766?position=31&pageNum=0&refId=x8S%2B68uVhJjbnbv4CmsPww%3D%3D&trackingId=LLnIszBZFu71gJsKGgvWaA%3D%3D,1 month ago,2026-06-28,Mid-Senior level,,"Python, Machine Learning, NLP",Full-time,,
Principal Data Scientist,JAGGAER,Greater Hyderabad Area,https://in.linkedin.com/jobs/view/principal-data-scientist-at-jaggaer-4451521110?position=32&pageNum=0&refId=x8S%2B68uVhJjbnbv4CmsPww%3D%3D&trackingId=fGGn4bTXtPgefkIQr8rgDA%3D%3D,2 weeks ago,2026-08-10,,,,,,
Senior Data Scientist,Sonatype,"Hyderabad, Telangana, India",https://in.linkedin.com/jobs/view/senior-data-scientist-at-sonatype-4448280537?position=33&pageNum=0&refId=x8S%2B68uVhJjbnbv4CmsPww%3D%3D&trackingId=zm4eiJO9WrbSzBMYNHUADg%3D%3D,1 day ago,2026-08-25,Associate,"₹4,000,000.00
            -
            ₹5,500,000.00","Python, Java, Machine Learning, Deep Learning, Artificial Intelligence, TensorFlow, PyTorch, Scikit-learn, AWS, Databricks, Git",Full-time,4000000.0,5500000.0
Senior Data Scientist,Skan AI,"Bengaluru, Karnataka, India",https://in.linkedin.com/jobs/view/senior-data-scientist-at-skan-ai-4456247269?position=34&pageNum=0&refId=x8S%2B68uVhJjbnbv4CmsPww%3D%3D&trackingId=gAnjTRS5JqKIV%2FIBJu785A%3D%3D,4 days ago,2026-08-21,Mid-Senior level,,"Python, Deep Learning, NLP, Spark, Databricks",Full-time,,
Senior Data Scientist,Aligned Automation,"Pune Division, Maharashtra, India",https://in.linkedin.com/jobs/view/senior-data-scientist-at-aligned-automation-4454272168?position=35&pageNum=0&refId=x8S%2B68uVhJjbnbv4CmsPww%3D%3D&trackingId=o4%2FAO5Ea3vOIEdhvye%2FE%2Bg%3D%3D,1 week ago,2026-08-13,Mid-Senior level,,"Python, Machine Learning, TensorFlow, PyTorch, Pandas, Scikit-learn",Full-time,,
Senior Data Scientist,SourcingXPress,"Hyderabad, Telangana, India",https://in.linkedin.com/jobs/view/senior-data-scientist-at-sourcingxpress-4377843079?position=36&pageNum=0&refId=x8S%2B68uVhJjbnbv4CmsPww%3D%3D&trackingId=rGKkb0on9%2Fv%2FSUbjxN2nlA%3D%3D,5 months ago,2026-02-27,Mid-Senior level,"Base pay range ₹3,500,000.00/yr - ₹5,000,000.00/yr","Python, SQL, Machine Learning, AWS, Azure, GCP, Docker, Spark",Full-time,3500000.0,5000000.0
Senior Data Scientist,CitiusTech,"Hyderabad, Telangana, India",https://in.linkedin.com/jobs/view/senior-data-scientist-at-citiustech-4447280305?position=37&pageNum=0&refId=x8S%2B68uVhJjbnbv4CmsPww%3D%3D&trackingId=2DezFY1nYBaulIe5WReBhQ%3D%3D,3 weeks ago,2026-07-31,Mid-Senior level,"₹4,000,000.00
            -
            ₹5,500,000.00","Python, SQL, Machine Learning, NLP, TensorFlow, PyTorch, Scikit-learn, Power BI, Tableau, Azure, Databricks",Full-time,4000000.0,5500000.0
Staff Data Scientist – Healthcare,Anblicks,"Hyderabad, Telangana, India",https://in.linkedin.com/jobs/view/staff-data-scientist-%E2%80%93-healthcare-at-anblicks-4425796423?position=38&pageNum=0&refId=x8S%2B68uVhJjbnbv4CmsPww%3D%3D&trackingId=%2FLW8pn1UtNQQIKnKvjXXBw%3D%3D,2 months ago,2026-06-15,Mid-Senior level,,"Python, R, Machine Learning, Deep Learning, AWS, Docker, Kubernetes, Spark, Databricks",Full-time,,
Machine Learning-AI and Data Science Engineer III,Deloitte,"Chennai, Tamil Nadu, India",https://in.linkedin.com/jobs/view/machine-learning-ai-and-data-science-engineer-iii-at-deloitte-4425095675?position=39&pageNum=0&refId=x8S%2B68uVhJjbnbv4CmsPww%3D%3D&trackingId=O57HAjFRuQQPwWPsZX0Tpg%3D%3D,1 week ago,2026-08-15,Not Applicable,,"Python, SQL, Machine Learning, Artificial Intelligence, Pandas, NumPy, Scikit-learn, Tableau, AWS, Azure, GCP, Docker, Databricks, Git",Full-time,,
Senior Data Scientist,Cognite,"Bengaluru, Karnataka, India",https://in.linkedin.com/jobs/view/senior-data-scientist-at-cognite-4446547646?position=40&pageNum=0&refId=x8S%2B68uVhJjbnbv4CmsPww%3D%3D&trackingId=%2BFTMAUoAYlRWN%2BSrwrvwgA%3D%3D,6 days ago,2026-08-19,Mid-Senior level,,"Python, SQL, Machine Learning, AWS, Azure, GCP, Git",Full-time,,
Machine Learning-Lead AI and Data Science Engineer II,Deloitte,"Chennai, Tamil Nadu, India",https://in.linkedin.com/jobs/view/machine-learning-lead-ai-and-data-science-engineer-ii-at-deloitte-4440237541?position=41&pageNum=0&refId=x8S%2B68uVhJjbnbv4CmsPww%3D%3D&trackingId=EHhWVwxUpzyU6u4dZkTK4Q%3D%3D,2 weeks ago,2026-08-06,Not Applicable,,"Python, SQL, Deep Learning, NLP, TensorFlow, PyTorch, Keras, AWS, Azure, GCP, Docker, Git",Full-time,,
Machine Learning Engineer/Data Engineer,Adient,"Pune City, Maharashtra, India",https://in.linkedin.com/jobs/view/machine-learning-engineer-data-engineer-at-adient-4411506846?position=42&pageNum=0&refId=x8S%2B68uVhJjbnbv4CmsPww%3D%3D&trackingId=%2B3wWEUz4efBmJtrd4o9evw%3D%3D,3 months ago,2026-05-14,Mid-Senior level,"₹1,500,000.00
            -
            ₹2,500,000.00","Python, SQL, Machine Learning, Pandas, NumPy, Scikit-learn, Matplotlib, Azure",Full-time,1500000.0,2500000.0
Data Scientist III,Navi,"Bangalore Urban, Karnataka, India",https://in.linkedin.com/jobs/view/data-scientist-iii-at-navi-4448539970?position=43&pageNum=0&refId=x8S%2B68uVhJjbnbv4CmsPww%3D%3D&trackingId=OzuJ4d4acpnVt8pEHQqciQ%3D%3D,3 weeks ago,2026-08-04,Mid-Senior level,,"Python, Machine Learning, Deep Learning, TensorFlow, Keras, Scikit-learn",Full-time,,
Senior Lead Data Scientist,4flow,"Bengaluru, Karnataka, India",https://in.linkedin.com/jobs/view/senior-lead-data-scientist-at-4flow-4443937418?position=44&pageNum=0&refId=x8S%2B68uVhJjbnbv4CmsPww%3D%3D&trackingId=H1FNfVzVwsJT5%2FwfL2jP6A%3D%3D,1 week ago,2026-08-13,Mid-Senior level,,Machine Learning,Full-time,,
Lead Data scientist,Philips,"Bengaluru, Karnataka, India",https://in.linkedin.com/jobs/view/lead-data-scientist-at-philips-4448528032?position=45&pageNum=0&refId=x8S%2B68uVhJjbnbv4CmsPww%3D%3D&trackingId=w2O4kK46Q0IEbEkICxYe7Q%3D%3D,1 hour ago,2026-08-26,Mid-Senior level,,"Python, SQL, Machine Learning, Deep Learning, NLP, TensorFlow, PyTorch, AWS, Azure",Full-time,,
DataNimbus - ML Architect - Data Science,DataNimbus,Greater Kolkata Area,https://in.linkedin.com/jobs/view/datanimbus-ml-architect-data-science-at-datanimbus-4445358620?position=46&pageNum=0&refId=x8S%2B68uVhJjbnbv4CmsPww%3D%3D&trackingId=WhfhBPpjGoFsdzyau435RQ%3D%3D,1 month ago,2026-07-26,Mid-Senior level,"₹500,000.00
            -
            ₹3,500,000.00","Machine Learning, TensorFlow, PyTorch, Pandas, Scikit-learn, AWS, Azure, GCP, Spark, Databricks",Full-time,500000.0,3500000.0
Analyst - Data Scientist,United Airlines India Knowledge Center,"Gurugram, Haryana, India",https://in.linkedin.com/jobs/view/analyst-data-scientist-at-united-airlines-india-knowledge-center-4450731636?position=47&pageNum=0&refId=x8S%2B68uVhJjbnbv4CmsPww%3D%3D&trackingId=SHpooJJ2TUe8Sv99%2FFVM5Q%3D%3D,2 weeks ago,2026-08-07,Entry level,"₹1,200,000.00
            -
            ₹1,800,000.00","Python, SQL, Machine Learning, Artificial Intelligence, AWS, Azure, GCP, Git",Full-time,1200000.0,1800000.0
Digital Manager,EY,"Kolkata, West Bengal, India",https://in.linkedin.com/jobs/view/digital-manager-at-ey-4456528091?position=48&pageNum=0&refId=x8S%2B68uVhJjbnbv4CmsPww%3D%3D&trackingId=b3vx2m850GG1Y2loQzUeVg%3D%3D,1 day ago,2026-08-24,Mid-Senior level,,"Python, SQL, Machine Learning, Deep Learning, Azure, Docker, Kubernetes",Full-time,,
Senior Data Scientist (5 to 8 Years),Fractal,"Bengaluru, Karnataka, India",https://in.linkedin.com/jobs/view/senior-data-scientist-5-to-8-years-at-fractal-4389546678?position=49&pageNum=0&refId=x8S%2B68uVhJjbnbv4CmsPww%3D%3D&trackingId=6bflSG3CMNyN8Q4UiZ8Wiw%3D%3D,1 week ago,2026-08-14,Mid-Senior level,,"Python, R, Machine Learning, Azure, GCP, Spark, Databricks",Full-time,,
Product Specialist,Bajaj Finserv,"Pune Division, Maharashtra, India",https://in.linkedin.com/jobs/view/product-specialist-at-bajaj-finserv-4420472918?position=50&pageNum=0&refId=x8S%2B68uVhJjbnbv4CmsPww%3D%3D&trackingId=wumd8a7t74R%2B4t%2BvBWv65w%3D%3D,2 months ago,2026-05-28,Associate,,"Python, SQL, TensorFlow, PyTorch, Pandas, Spark, MongoDB, Git",Full-time,,
Data Scientist 10+yrs,IQLEXA Technologies,"Pune Division, Maharashtra, India",https://in.linkedin.com/jobs/view/data-scientist-10%2Byrs-at-iqlexa-technologies-4454168982?position=51&pageNum=0&refId=x8S%2B68uVhJjbnbv4CmsPww%3D%3D&trackingId=VAlcYXFwuEvYsIr9XQGMwQ%3D%3D,5 days ago,2026-08-21,Entry level,,"Python, SQL, Machine Learning, Deep Learning, NLP, TensorFlow, PyTorch, Pandas, NumPy, Scikit-learn, AWS, Azure, GCP, Spark",Full-time,,
Data Scientist,EXL,"Pune Division, Maharashtra, India",https://in.linkedin.com/jobs/view/data-scientist-at-exl-4446724288?position=52&pageNum=0&refId=x8S%2B68uVhJjbnbv4CmsPww%3D%3D&trackingId=4iCc16NszcBNxi3Ih2bHog%3D%3D,5 days ago,2026-08-20,Mid-Senior level,"₹1,000,000.00
            -
            ₹1,200,000.00","Python, SQL, Machine Learning, Deep Learning, NLP, Pandas, NumPy, Scikit-learn, AWS, Azure, Spark, Databricks",Full-time,1000000.0,1200000.0
Straviso - Data Scientist - Artificial Intelligence/Machine Learning,StraViso,Greater Kolkata Area,https://in.linkedin.com/jobs/view/straviso-data-scientist-artificial-intelligence-machine-learning-at-straviso-4438549287?position=53&pageNum=0&refId=x8S%2B68uVhJjbnbv4CmsPww%3D%3D&trackingId=uz7gq6AYJjKuR1%2BPVQAPsQ%3D%3D,1 month ago,2026-07-09,Mid-Senior level,,"Python, SQL, Machine Learning, Deep Learning, Artificial Intelligence, NLP, TensorFlow, PyTorch, Hugging Face, Scikit-learn, AWS, Azure, GCP, Docker, Kubernetes, Git",Full-time,,
Principal Data Scientist - Digital Health,Alcon,"Bengaluru, Karnataka, India",https://in.linkedin.com/jobs/view/principal-data-scientist-digital-health-at-alcon-4450090718?position=54&pageNum=0&refId=x8S%2B68uVhJjbnbv4CmsPww%3D%3D&trackingId=gQ1pNACjSXMRtE1yjB%2F2Gg%3D%3D,2 weeks ago,2026-08-07,,,,,,
Sr Data Scientist,HERE Technologies,Mumbai Metropolitan Region,https://in.linkedin.com/jobs/view/sr-data-scientist-at-here-technologies-4442723388?position=55&pageNum=0&refId=x8S%2B68uVhJjbnbv4CmsPww%3D%3D&trackingId=k0Th0icA9UpeH1A%2Fgdodww%3D%3D,2 weeks ago,2026-08-11,Mid-Senior level,"$60.00
            -
            $65.00","Python, SQL, R, Machine Learning, Deep Learning, Spark",Full-time,60.0,65.0
"Data Scientist – AI, Machine Learning & Analytics",CodeClouds,Greater Kolkata Area,https://in.linkedin.com/jobs/view/data-scientist-%E2%80%93-ai-machine-learning-analytics-at-codeclouds-4435630109?position=56&pageNum=0&refId=x8S%2B68uVhJjbnbv4CmsPww%3D%3D&trackingId=9s4uugigbkjKzj048Nw6%2FA%3D%3D,2 months ago,2026-06-14,Mid-Senior level,,"Machine Learning, Deep Learning",Full-time,,
Lead Data Scientist,Accenture in India,"Kochi, Kerala, India",https://in.linkedin.com/jobs/view/lead-data-scientist-at-accenture-in-india-4448345079?position=57&pageNum=0&refId=x8S%2B68uVhJjbnbv4CmsPww%3D%3D&trackingId=gWsQdV9AKOz%2FFGFsbM23og%3D%3D,22 hours ago,2026-08-25,Mid-Senior level,"₹1,000,000.00
            -
            ₹3,000,000.00","Python, SQL, R, Machine Learning, TensorFlow, PyTorch, Scikit-learn, AWS, Azure, GCP, Git",Full-time,1000000.0,3000000.0
Senior Data Scientist,UsefulBI Corporation,"Bengaluru, Karnataka, India",https://in.linkedin.com/jobs/view/senior-data-scientist-at-usefulbi-corporation-4448171986?position=58&pageNum=0&refId=x8S%2B68uVhJjbnbv4CmsPww%3D%3D&trackingId=6lO%2Be9urO%2Blhfz8LigUVRw%3D%3D,3 weeks ago,2026-08-03,Mid-Senior level,,"Python, SQL, NLP, TensorFlow, PyTorch, Hugging Face, Pandas, NumPy, Scikit-learn, AWS, Azure, GCP, Docker, Git",Full-time,,
"Data Scientist II , Ultra",Affle,"Gurugram, Haryana, India",https://in.linkedin.com/jobs/view/data-scientist-ii-ultra-at-affle-4450139004?position=59&pageNum=0&refId=x8S%2B68uVhJjbnbv4CmsPww%3D%3D&trackingId=r2F7%2FmI%2Bluq1dqJUfRYtig%3D%3D,1 month ago,2026-07-18,Mid-Senior level,"₹1,200,000.00
            -
            ₹1,800,000.00","Python, SQL, Machine Learning, GCP",Full-time,1200000.0,1800000.0
Affle India - Data Scientist II,Affle,"Gurugram, Haryana, India",https://in.linkedin.com/jobs/view/affle-india-data-scientist-ii-at-affle-4425952117?position=60&pageNum=0&refId=x8S%2B68uVhJjbnbv4CmsPww%3D%3D&trackingId=r4sK%2BziPzLMtIRpKTes5vg%3D%3D,2 months ago,2026-06-09,Mid-Senior level,"₹1,200,000.00
            -
            ₹1,800,000.00","Python, SQL, Machine Learning, GCP",Full-time,1200000.0,1800000.0
Data Scientist-Artificial Intelligence,IBM,"Kochi, Kerala, India",https://in.linkedin.com/jobs/view/data-scientist-artificial-intelligence-at-ibm-4446241710?position=1&pageNum=0&refId=OCicnxrOdssGyI47FV7n0w%3D%3D&trackingId=RwOpGgi3GuKIvmsu08e6LQ%3D%3D,18 hours ago,2026-08-25,Mid-Senior level,"₹1,000,000.00
            -
            ₹3,000,000.00","Python, SQL, Machine Learning, Artificial Intelligence, NLP, TensorFlow, PyTorch, Keras, Hugging Face, Pandas, Matplotlib, AWS, Azure, GCP, Kubernetes, MongoDB",Full-time,1000000.0,3000000.0
Senior Data Scientist - I,MetLife,"Pune Division, Maharashtra, India",https://in.linkedin.com/jobs/view/senior-data-scientist-i-at-metlife-4455731862?position=2&pageNum=0&refId=OCicnxrOdssGyI47FV7n0w%3D%3D&trackingId=t4PoWMJ6bKOQANG%2F5Vioug%3D%3D,22 hours ago,2026-08-25,Mid-Senior level,,"Python, Machine Learning, NLP, TensorFlow, PyTorch, Scikit-learn, Azure",Full-time,,
Senior Data Scientist,SourcingXPress,"Gurgaon, Haryana, India",https://in.linkedin.com/jobs/view/senior-data-scientist-at-sourcingxpress-4384572454?position=3&pageNum=0&refId=OCicnxrOdssGyI47FV7n0w%3D%3D&trackingId=7Wqtal77G14v%2Br78qFoPKw%3D%3D,5 months ago,2026-03-16,Mid-Senior level,"Base pay range ₹2,000,000.00/yr - ₹4,000,000.00/yr","Python, Machine Learning, Deep Learning, AWS, Azure, GCP, Databricks",Full-time,2000000.0,4000000.0
Sr Advanced Data Scientist,Honeywell Technologies,"Pune Division, Maharashtra, India",https://in.linkedin.com/jobs/view/sr-advanced-data-scientist-at-honeywell-technologies-4445700716?position=4&pageNum=0&refId=OCicnxrOdssGyI47FV7n0w%3D%3D&trackingId=Glt6c%2BCbPQ4dq0GRSpsH8g%3D%3D,1 week ago,2026-08-18,Mid-Senior level,,"Python, R, Machine Learning, Azure, Databricks",Full-time,,
Senior Data Scientist I,MetLife,"Pune Division, Maharashtra, India",https://in.linkedin.com/jobs/view/senior-data-scientist-i-at-metlife-4446306265?position=5&pageNum=0&refId=OCicnxrOdssGyI47FV7n0w%3D%3D&trackingId=8MobgCwmdurv6EFOKbtz6A%3D%3D,3 weeks ago,2026-08-03,Mid-Senior level,,"Python, Machine Learning, NLP, TensorFlow, PyTorch, Scikit-learn, Azure",Full-time,,
Senior Data Scientist,Amplify Health,"Gurugram, Haryana, India",https://in.linkedin.com/jobs/view/senior-data-scientist-at-amplify-health-4445437035?position=6&pageNum=0&refId=OCicnxrOdssGyI47FV7n0w%3D%3D&trackingId=FSJUi8sAwh5fjPHFQ37pDA%3D%3D,4 weeks ago,2026-07-28,Mid-Senior level,"₹2,000,000.00
            -
            ₹4,000,000.00","Python, SQL, Machine Learning, Deep Learning, NLP, TensorFlow, PyTorch, Hugging Face, Scikit-learn, Azure, Docker, Kubernetes, Databricks",Full-time,2000000.0,4000000.0
Senior Data Scientist,SEI,Greater Hyderabad Area,https://in.linkedin.com/jobs/view/senior-data-scientist-at-sei-4407866688?position=7&pageNum=0&refId=OCicnxrOdssGyI47FV7n0w%3D%3D&trackingId=cUfhyg%2BywKJzdSoASU720g%3D%3D,1 week ago,2026-08-14,Mid-Senior level,"₹4,000,000.00
            -
            ₹5,500,000.00","Python, SQL, R, Machine Learning, Artificial Intelligence, TensorFlow, PyTorch, Pandas, Scikit-learn, Matplotlib, Power BI, Tableau, AWS, Azure, GCP, Docker, Kubernetes, Spark",Full-time,4000000.0,5500000.0
Lead Data Scientist,AtkinsRéalis,"Gurgaon, Haryana, India",https://in.linkedin.com/jobs/view/lead-data-scientist-at-atkinsr%C3%A9alis-4446571831?position=8&pageNum=0&refId=OCicnxrOdssGyI47FV7n0w%3D%3D&trackingId=l0wPLPxlBMkamR6qDdq23w%3D%3D,3 weeks ago,2026-08-04,Mid-Senior level,"₹1,000,000.00
            -
            ₹3,000,000.00","Python, Machine Learning, Deep Learning, TensorFlow, PyTorch, Hugging Face, Azure",Full-time,1000000.0,3000000.0
Data Scientist - Machine Learning,United Airlines India Knowledge Center,"Gurugram, Haryana, India",https://in.linkedin.com/jobs/view/data-scientist-machine-learning-at-united-airlines-india-knowledge-center-4457838253?position=9&pageNum=0&refId=OCicnxrOdssGyI47FV7n0w%3D%3D&trackingId=p%2F2HPTTlWQf8plYvunsFpQ%3D%3D,3 days ago,2026-08-22,Mid-Senior level,"₹1,200,000.00
            -
            ₹1,800,000.00","Python, SQL, Machine Learning, Artificial Intelligence, Git",Full-time,1200000.0,1800000.0
Lead Data Scientist- Gen AI-ML- Vice president,Citi,"Chennai, Tamil Nadu, India",https://in.linkedin.com/jobs/view/lead-data-scientist-gen-ai-ml-vice-president-at-citi-4446423940?position=10&pageNum=0&refId=OCicnxrOdssGyI47FV7n0w%3D%3D&trackingId=f63h3eIPUDeQ2IROKhpVSQ%3D%3D,5 days ago,2026-08-20,Not Applicable,,"Python, SQL, Machine Learning, NLP, TensorFlow, PyTorch, Pandas, NumPy, Scikit-learn, Matplotlib, Power BI, Tableau, Git",Full-time,,
Sr Advanced Data Scientist,Honeywell Technologies,"Delhi, India",https://in.linkedin.com/jobs/view/sr-advanced-data-scientist-at-honeywell-technologies-4445717520?position=11&pageNum=0&refId=OCicnxrOdssGyI47FV7n0w%3D%3D&trackingId=YuEAwHs70gVl%2F9a9wqPvGw%3D%3D,1 week ago,2026-08-18,Mid-Senior level,"₹2,000,000.00
            -
            ₹4,000,000.00","Python, R, Machine Learning, Azure, Databricks",Full-time,2000000.0,4000000.0
Data Scientist,Thales,"Noida, Uttar Pradesh, India",https://in.linkedin.com/jobs/view/data-scientist-at-thales-4417326819?position=12&pageNum=0&refId=OCicnxrOdssGyI47FV7n0w%3D%3D&trackingId=YBfh481RL4xhRc%2BTrNuJVw%3D%3D,1 week ago,2026-08-15,Not Applicable,"₹1,200,000.00
            -
            ₹1,800,000.00","Python, SQL, Machine Learning, Artificial Intelligence, GCP, Databricks",Full-time,1200000.0,1800000.0
AI/ML Data Science / Gen AI / MLOps,Cognizant,"Chennai, Tamil Nadu, India",https://in.linkedin.com/jobs/view/ai-ml-data-science-gen-ai-mlops-at-cognizant-4447622047?position=13&pageNum=0&refId=OCicnxrOdssGyI47FV7n0w%3D%3D&trackingId=Pe9NDvWRUqnOjc%2FlglTrEA%3D%3D,2 days ago,2026-08-23,Mid-Senior level,"₹1,500,000.00
            -
            ₹2,500,000.00","Python, Machine Learning, TensorFlow, PyTorch, Azure, Docker, Kubernetes",Full-time,1500000.0,2500000.0
Machine Learning Engineer,Simplify Healthcare,"Pune Division, Maharashtra, India",https://in.linkedin.com/jobs/view/machine-learning-engineer-at-simplify-healthcare-4455251418?position=14&pageNum=0&refId=OCicnxrOdssGyI47FV7n0w%3D%3D&trackingId=AEIlXu7%2FfxtU7lU0M%2FdWsw%3D%3D,1 week ago,2026-08-17,Mid-Senior level,,"Python, SQL, AWS, Azure, GCP, Spark, Databricks",Full-time,,
Senior Data Scientist,"InvoiceCloud, Inc.","Hyderabad, Telangana, India",https://in.linkedin.com/jobs/view/senior-data-scientist-at-invoicecloud-inc-4419691849?position=15&pageNum=0&refId=OCicnxrOdssGyI47FV7n0w%3D%3D&trackingId=xYl1ufRCT7HNWuLZrORoCQ%3D%3D,2 weeks ago,2026-08-05,Mid-Senior level,"₹4,000,000.00
            -
            ₹5,500,000.00","Python, SQL, Machine Learning, Deep Learning, TensorFlow, PyTorch, Pandas, NumPy, Scikit-learn, AWS, Azure, GCP, Docker, Kubernetes, Databricks, Git",Full-time,4000000.0,5500000.0
Principal Data Scientist,Atlassian,Greater Kolkata Area,https://in.linkedin.com/jobs/view/principal-data-scientist-at-atlassian-4454857134?position=16&pageNum=0&refId=OCicnxrOdssGyI47FV7n0w%3D%3D&trackingId=wG2ooaSsTYIUThhbAuFFpA%3D%3D,1 week ago,2026-08-15,Mid-Senior level,,"Python, SQL, R, Machine Learning, Pandas, NumPy, Scikit-learn, Matplotlib, Tableau",Full-time,,
Data Scientist I,Kroll,"Hyderabad, Telangana, India",https://in.linkedin.com/jobs/view/data-scientist-i-at-kroll-4453474215?position=17&pageNum=0&refId=OCicnxrOdssGyI47FV7n0w%3D%3D&trackingId=9tkJq2n6VRJB%2Bi56DjHCag%3D%3D,6 days ago,2026-08-19,Entry level,"₹1,000,000.00
            -
            ₹3,000,000.00","Python, Machine Learning, Deep Learning, NLP, TensorFlow, PyTorch, Hugging Face, Pandas, NumPy, Scikit-learn, AWS, Azure, GCP, Spark, Databricks",Full-time,1000000.0,3000000.0
Data Scientist + Databricks AI/ML - Sr Architect,Birlasoft,Pune/Pimpri-Chinchwad Area,https://in.linkedin.com/jobs/view/data-scientist-%2B-databricks-ai-ml-sr-architect-at-birlasoft-4453578053?position=18&pageNum=0&refId=OCicnxrOdssGyI47FV7n0w%3D%3D&trackingId=A%2FJHe1HMHqsKR1qnTa0fMg%3D%3D,1 week ago,2026-08-14,Mid-Senior level,,"Python, SQL, NLP, TensorFlow, PyTorch, Scikit-learn, Power BI, Tableau, AWS, Azure, GCP, Databricks",Full-time,,
Senior Principal Data Scientist,AtkinsRéalis,"Bengaluru East, Karnataka, India",https://in.linkedin.com/jobs/view/senior-principal-data-scientist-at-atkinsr%C3%A9alis-4394640162?position=19&pageNum=0&refId=OCicnxrOdssGyI47FV7n0w%3D%3D&trackingId=oYg%2BjARm7cHKo3dPuooQWg%3D%3D,4 months ago,2026-04-07,Mid-Senior level,"₹5,000,000.00
            -
            ₹7,000,000.00","Python, Machine Learning, NLP, TensorFlow, PyTorch, Hugging Face, AWS, Azure",Full-time,5000000.0,7000000.0
Data Science and AIML Lead - AITDS,Cognizant,"Hyderabad, Telangana, India",https://in.linkedin.com/jobs/view/data-science-and-aiml-lead-aitds-at-cognizant-4414475083?position=20&pageNum=0&refId=OCicnxrOdssGyI47FV7n0w%3D%3D&trackingId=KQqB2y5sMLNuLurA6kC%2FWQ%3D%3D,2 weeks ago,2026-08-08,Mid-Senior level,,"Python, Machine Learning, TensorFlow, PyTorch, Scikit-learn, AWS, Azure, GCP",Full-time,,
Straviso - Senior Data Scientist - Machine Learning,StraViso,Greater Kolkata Area,https://in.linkedin.com/jobs/view/straviso-senior-data-scientist-machine-learning-at-straviso-4438548274?position=21&pageNum=0&refId=OCicnxrOdssGyI47FV7n0w%3D%3D&trackingId=kLPWb%2BDdLrYowDV4DK%2B4Vg%3D%3D,1 month ago,2026-07-09,Mid-Senior level,,"Python, SQL, Machine Learning, Deep Learning, Artificial Intelligence, NLP, TensorFlow, PyTorch, Hugging Face, Scikit-learn, AWS, Azure, GCP, Docker, Kubernetes, Spark, Git",Full-time,,
Data Scientist I,Kroll,"New Delhi, Delhi, India",https://in.linkedin.com/jobs/view/data-scientist-i-at-kroll-4453471229?position=22&pageNum=0&refId=OCicnxrOdssGyI47FV7n0w%3D%3D&trackingId=4ieIso2271BT%2FE5y%2BnPC0g%3D%3D,6 days ago,2026-08-19,Entry level,"₹1,200,000.00
            -
            ₹1,800,000.00","Python, Machine Learning, Deep Learning, NLP, TensorFlow, PyTorch, Hugging Face, Pandas, NumPy, Scikit-learn, AWS, Azure, GCP, Spark, Databricks",Full-time,1200000.0,1800000.0
Data Scientist,Avahi,"Pune Division, Maharashtra, India",https://in.linkedin.com/jobs/view/data-scientist-at-avahi-4436347282?position=23&pageNum=0&refId=OCicnxrOdssGyI47FV7n0w%3D%3D&trackingId=YNhBMrSNZj%2F30wtFOufJrQ%3D%3D,1 week ago,2026-08-15,Mid-Senior level,,"Python, PyTorch, AWS",Full-time,,
Data Scientist – Mortgage Analytics & AI,loanDNA,"Chennai, Tamil Nadu, India",https://in.linkedin.com/jobs/view/data-scientist-%E2%80%93-mortgage-analytics-ai-at-loandna-4453688615?position=24&pageNum=0&refId=OCicnxrOdssGyI47FV7n0w%3D%3D&trackingId=DbW334sjLpjs3la86tLLuw%3D%3D,1 week ago,2026-08-13,Mid-Senior level,"₹1,000,000.00
            -
            ₹3,000,000.00","Python, SQL, Machine Learning, Deep Learning, TensorFlow, PyTorch, Pandas, NumPy, Scikit-learn, AWS, Azure, Docker, Kubernetes, Databricks, Git",Full-time,1000000.0,3000000.0
Staff Data Scientist,Stryker,"Gurugram, Haryana, India",https://in.linkedin.com/jobs/view/staff-data-scientist-at-stryker-4436215738?position=25&pageNum=0&refId=OCicnxrOdssGyI47FV7n0w%3D%3D&trackingId=hZ8mOLbaILYXFqluGjmnWA%3D%3D,1 month ago,2026-07-07,Associate,"₹12.00
            -
            ₹25.00","Python, SQL, Machine Learning, NLP, Power BI, Azure, Spark, Databricks, Git",Full-time,12.0,25.0
Predictive Analytics Data Scientist-AI Labs,Adani Enterprises Limited,"Ahmedabad, Gujarat, India",https://in.linkedin.com/jobs/view/predictive-analytics-data-scientist-ai-labs-at-adani-enterprises-limited-4427055522?position=26&pageNum=0&refId=OCicnxrOdssGyI47FV7n0w%3D%3D&trackingId=POIiC%2BX%2FqLm3uu3Owu6psw%3D%3D,1 week ago,2026-08-14,Entry level,"₹800,000.00
            -
            ₹1,200,000.00","Machine Learning, Deep Learning, Artificial Intelligence, AWS, Azure, GCP, Docker, Kubernetes",Full-time,800000.0,1200000.0
Lead Data Scientist,Gartner,"Gurgaon, Haryana, India",https://in.linkedin.com/jobs/view/lead-data-scientist-at-gartner-4446434435?position=27&pageNum=0&refId=OCicnxrOdssGyI47FV7n0w%3D%3D&trackingId=uOOUQ%2F8Gtor%2BkuxXCnramg%3D%3D,6 days ago,2026-08-20,Not Applicable,"₹1,000,000.00
            -
            ₹3,000,000.00","Python, SQL, Machine Learning, Deep Learning, Artificial Intelligence, NLP, TensorFlow, PyTorch, Pandas, NumPy, Scikit-learn, Power BI, AWS, Azure, GCP, Spark, Databricks",Full-time,1000000.0,3000000.0
"Lead, Data Scientist",Bain & Company,"Gurugram, Haryana, India",https://in.linkedin.com/jobs/view/lead-data-scientist-at-bain-company-4440907806?position=28&pageNum=0&refId=OCicnxrOdssGyI47FV7n0w%3D%3D&trackingId=VI5IBgwApJ0WM%2FRix0PA%2Fg%3D%3D,2 weeks ago,2026-08-09,Not Applicable,"₹1,000,000.00
            -
            ₹3,000,000.00","Python, SQL, Machine Learning, Deep Learning, Artificial Intelligence, NLP, AWS, Azure, GCP, Docker, Spark, MongoDB, PostgreSQL",Full-time,1000000.0,3000000.0
Senior Data Scientist,"FourKites, Inc.",Greater Chennai Area,https://in.linkedin.com/jobs/view/senior-data-scientist-at-fourkites-inc-4458585972?position=29&pageNum=0&refId=OCicnxrOdssGyI47FV7n0w%3D%3D&trackingId=k%2BgaUSbjvpo7FcSEKsWibw%3D%3D,1 day ago,2026-08-25,Mid-Senior level,,"Python, SQL, Machine Learning, NLP, Pandas, Scikit-learn, AWS",Full-time,,
Data Scientist-Artificial Intelligence,IBM,"Pune Division, Maharashtra, India",https://in.linkedin.com/jobs/view/data-scientist-artificial-intelligence-at-ibm-4446243677?position=30&pageNum=0&refId=OCicnxrOdssGyI47FV7n0w%3D%3D&trackingId=UKIb12p2z7jsYhXornWTzA%3D%3D,19 hours ago,2026-08-25,Mid-Senior level,"₹1,000,000.00
            -
            ₹1,200,000.00","Python, SQL, Machine Learning, Artificial Intelligence, NLP, TensorFlow, PyTorch, Keras, Hugging Face, Pandas, Matplotlib, AWS, Azure, GCP, Kubernetes, MongoDB",Full-time,1000000.0,1200000.0
Lead Data Scientist,XCaliber Health,"Bengaluru East, Karnataka, India",https://in.linkedin.com/jobs/view/lead-data-scientist-at-xcaliber-health-4434281766?position=31&pageNum=0&refId=OCicnxrOdssGyI47FV7n0w%3D%3D&trackingId=iILRJAfQp7ng0mfKixqggg%3D%3D,1 month ago,2026-06-28,Mid-Senior level,,"Python, Machine Learning, NLP",Full-time,,
Principal Data Scientist,JAGGAER,Greater Hyderabad Area,https://in.linkedin.com/jobs/view/principal-data-scientist-at-jaggaer-4451521110?position=32&pageNum=0&refId=OCicnxrOdssGyI47FV7n0w%3D%3D&trackingId=0hYLAGIvhHnsZcakPXcJ6w%3D%3D,2 weeks ago,2026-08-10,Mid-Senior level,,"Python, SQL, R, TensorFlow, PyTorch, Pandas, Scikit-learn, Tableau, AWS, Azure, GCP, Docker, Kubernetes, Git",Full-time,,
Senior Data Scientist,Sonatype,"Hyderabad, Telangana, India",https://in.linkedin.com/jobs/view/senior-data-scientist-at-sonatype-4448280537?position=33&pageNum=0&refId=OCicnxrOdssGyI47FV7n0w%3D%3D&trackingId=kl%2BlTVnT1wH7FXw%2BYUpWoA%3D%3D,1 day ago,2026-08-25,Associate,"₹4,000,000.00
            -
            ₹5,500,000.00","Python, Java, Machine Learning, Deep Learning, Artificial Intelligence, TensorFlow, PyTorch, Scikit-learn, AWS, Databricks, Git",Full-time,4000000.0,5500000.0
Senior Data Scientist,Skan AI,"Bengaluru, Karnataka, India",https://in.linkedin.com/jobs/view/senior-data-scientist-at-skan-ai-4456247269?position=34&pageNum=0&refId=OCicnxrOdssGyI47FV7n0w%3D%3D&trackingId=ZTj8aT3ek67ZJ4YNNIyOvA%3D%3D,4 days ago,2026-08-21,Mid-Senior level,,"Python, Deep Learning, NLP, Spark, Databricks",Full-time,,
Senior Data Scientist,Aligned Automation,"Pune Division, Maharashtra, India",https://in.linkedin.com/jobs/view/senior-data-scientist-at-aligned-automation-4454272168?position=35&pageNum=0&refId=OCicnxrOdssGyI47FV7n0w%3D%3D&trackingId=jl9%2BBxer10z7Gsai7OLBCg%3D%3D,1 week ago,2026-08-13,Mid-Senior level,,"Python, Machine Learning, TensorFlow, PyTorch, Pandas, Scikit-learn",Full-time,,
Senior Data Scientist,SourcingXPress,"Hyderabad, Telangana, India",https://in.linkedin.com/jobs/view/senior-data-scientist-at-sourcingxpress-4377843079?position=36&pageNum=0&refId=OCicnxrOdssGyI47FV7n0w%3D%3D&trackingId=Q8cP0PDXnLsTsN5BZh2JbA%3D%3D,5 months ago,2026-02-27,Mid-Senior level,"Base pay range ₹3,500,000.00/yr - ₹5,000,000.00/yr","Python, SQL, Machine Learning, AWS, Azure, GCP, Docker, Spark",Full-time,3500000.0,5000000.0
Senior Data Scientist,CitiusTech,"Hyderabad, Telangana, India",https://in.linkedin.com/jobs/view/senior-data-scientist-at-citiustech-4447280305?position=37&pageNum=0&refId=OCicnxrOdssGyI47FV7n0w%3D%3D&trackingId=JTwxD7wQYhkRPFdUmhSnHQ%3D%3D,3 weeks ago,2026-07-31,Mid-Senior level,"₹4,000,000.00
            -
            ₹5,500,000.00","Python, SQL, Machine Learning, NLP, TensorFlow, PyTorch, Scikit-learn, Power BI, Tableau, Azure, Databricks",Full-time,4000000.0,5500000.0
Staff Data Scientist – Healthcare,Anblicks,"Hyderabad, Telangana, India",https://in.linkedin.com/jobs/view/staff-data-scientist-%E2%80%93-healthcare-at-anblicks-4425796423?position=38&pageNum=0&refId=OCicnxrOdssGyI47FV7n0w%3D%3D&trackingId=zRMNEXRgVVYhUWLpuB82fg%3D%3D,2 months ago,2026-06-15,Mid-Senior level,,"Python, R, Machine Learning, Deep Learning, AWS, Docker, Kubernetes, Spark, Databricks",Full-time,,
Machine Learning-AI and Data Science Engineer III,Deloitte,"Chennai, Tamil Nadu, India",https://in.linkedin.com/jobs/view/machine-learning-ai-and-data-science-engineer-iii-at-deloitte-4425095675?position=39&pageNum=0&refId=OCicnxrOdssGyI47FV7n0w%3D%3D&trackingId=kVuQIT1eSRDQp%2BnSnlJxRw%3D%3D,1 week ago,2026-08-15,Not Applicable,,"Python, SQL, Machine Learning, Artificial Intelligence, Pandas, NumPy, Scikit-learn, Tableau, AWS, Azure, GCP, Docker, Databricks, Git",Full-time,,
Senior Data Scientist,Cognite,"Bengaluru, Karnataka, India",https://in.linkedin.com/jobs/view/senior-data-scientist-at-cognite-4446547646?position=40&pageNum=0&refId=OCicnxrOdssGyI47FV7n0w%3D%3D&trackingId=CY%2FsAD9%2B9nprneqxk33Hdg%3D%3D,6 days ago,2026-08-19,Mid-Senior level,,"Python, SQL, Machine Learning, AWS, Azure, GCP, Git",Full-time,,
Machine Learning-Lead AI and Data Science Engineer II,Deloitte,"Chennai, Tamil Nadu, India",https://in.linkedin.com/jobs/view/machine-learning-lead-ai-and-data-science-engineer-ii-at-deloitte-4440237541?position=41&pageNum=0&refId=OCicnxrOdssGyI47FV7n0w%3D%3D&trackingId=9nBbA9gZfzOuRZDKrhMRxw%3D%3D,2 weeks ago,2026-08-06,Not Applicable,,"Python, SQL, Deep Learning, NLP, TensorFlow, PyTorch, Keras, AWS, Azure, GCP, Docker, Git",Full-time,,
Machine Learning Engineer/Data Engineer,Adient,"Pune City, Maharashtra, India",https://in.linkedin.com/jobs/view/machine-learning-engineer-data-engineer-at-adient-4411506846?position=42&pageNum=0&refId=OCicnxrOdssGyI47FV7n0w%3D%3D&trackingId=y2YBLZDJEvZuEr%2FdrZ%2BBYg%3D%3D,3 months ago,2026-05-14,Mid-Senior level,"₹1,500,000.00
            -
            ₹2,500,000.00","Python, SQL, Machine Learning, Pandas, NumPy, Scikit-learn, Matplotlib, Azure",Full-time,1500000.0,2500000.0
Data Scientist III,Navi,"Bangalore Urban, Karnataka, India",https://in.linkedin.com/jobs/view/data-scientist-iii-at-navi-4448539970?position=43&pageNum=0&refId=OCicnxrOdssGyI47FV7n0w%3D%3D&trackingId=3X%2FRViws2AlUdgrHuryzQg%3D%3D,3 weeks ago,2026-08-04,Mid-Senior level,,"Python, Machine Learning, Deep Learning, TensorFlow, Keras, Scikit-learn",Full-time,,
Senior Lead Data Scientist,4flow,"Bengaluru, Karnataka, India",https://in.linkedin.com/jobs/view/senior-lead-data-scientist-at-4flow-4443937418?position=44&pageNum=0&refId=OCicnxrOdssGyI47FV7n0w%3D%3D&trackingId=3MrFo%2BiDZ5hKsbg4G%2BpL%2BA%3D%3D,1 week ago,2026-08-13,Mid-Senior level,,Machine Learning,Full-time,,
Lead Data scientist,Philips,"Bengaluru, Karnataka, India",https://in.linkedin.com/jobs/view/lead-data-scientist-at-philips-4448528032?position=45&pageNum=0&refId=OCicnxrOdssGyI47FV7n0w%3D%3D&trackingId=gPjq4tBbqGCq2xPLU3GjrA%3D%3D,1 hour ago,2026-08-26,Mid-Senior level,,"Python, SQL, Machine Learning, Deep Learning, NLP, TensorFlow, PyTorch, AWS, Azure",Full-time,,
DataNimbus - ML Architect - Data Science,DataNimbus,Greater Kolkata Area,https://in.linkedin.com/jobs/view/datanimbus-ml-architect-data-science-at-datanimbus-4445358620?position=46&pageNum=0&refId=OCicnxrOdssGyI47FV7n0w%3D%3D&trackingId=%2BecdVp550M9tOyZZRYYymg%3D%3D,1 month ago,2026-07-26,Mid-Senior level,"₹500,000.00
            -
            ₹3,500,000.00","Machine Learning, TensorFlow, PyTorch, Pandas, Scikit-learn, AWS, Azure, GCP, Spark, Databricks",Full-time,500000.0,3500000.0
Analyst - Data Scientist,United Airlines India Knowledge Center,"Gurugram, Haryana, India",https://in.linkedin.com/jobs/view/analyst-data-scientist-at-united-airlines-india-knowledge-center-4450731636?position=47&pageNum=0&refId=OCicnxrOdssGyI47FV7n0w%3D%3D&trackingId=vqSNxzR2pSIgdw9%2BFPhK2A%3D%3D,2 weeks ago,2026-08-07,Entry level,"₹1,200,000.00
            -
            ₹1,800,000.00","Python, SQL, Machine Learning, Artificial Intelligence, AWS, Azure, GCP, Git",Full-time,1200000.0,1800000.0
Digital Manager,EY,"Kolkata, West Bengal, India",https://in.linkedin.com/jobs/view/digital-manager-at-ey-4456528091?position=48&pageNum=0&refId=OCicnxrOdssGyI47FV7n0w%3D%3D&trackingId=V0G0cr9JpK3WgRtVLifwQg%3D%3D,1 day ago,2026-08-24,Mid-Senior level,,"Python, SQL, Machine Learning, Deep Learning, Azure, Docker, Kubernetes",Full-time,,
Senior Data Scientist (5 to 8 Years),Fractal,"Bengaluru, Karnataka, India",https://in.linkedin.com/jobs/view/senior-data-scientist-5-to-8-years-at-fractal-4389546678?position=49&pageNum=0&refId=OCicnxrOdssGyI47FV7n0w%3D%3D&trackingId=gbgPw3sP8Y7CW0%2BqcWFcSA%3D%3D,1 week ago,2026-08-14,Mid-Senior level,,"Python, R, Machine Learning, Azure, GCP, Spark, Databricks",Full-time,,
Product Specialist,Bajaj Finserv,"Pune Division, Maharashtra, India",https://in.linkedin.com/jobs/view/product-specialist-at-bajaj-finserv-4420472918?position=50&pageNum=0&refId=OCicnxrOdssGyI47FV7n0w%3D%3D&trackingId=WnGZV1oJ2xl%2B%2FRA35VsalA%3D%3D,2 months ago,2026-05-28,Associate,,"Python, SQL, TensorFlow, PyTorch, Pandas, Spark, MongoDB, Git",Full-time,,
Data Scientist 10+yrs,IQLEXA Technologies,"Pune Division, Maharashtra, India",https://in.linkedin.com/jobs/view/data-scientist-10%2Byrs-at-iqlexa-technologies-4454168982?position=51&pageNum=0&refId=OCicnxrOdssGyI47FV7n0w%3D%3D&trackingId=7e3WLBh5Cxl1Q300IO6Z1A%3D%3D,5 days ago,2026-08-21,Entry level,,"Python, SQL, Machine Learning, Deep Learning, NLP, TensorFlow, PyTorch, Pandas, NumPy, Scikit-learn, AWS, Azure, GCP, Spark",Full-time,,
Data Scientist,EXL,"Pune Division, Maharashtra, India",https://in.linkedin.com/jobs/view/data-scientist-at-exl-4446724288?position=52&pageNum=0&refId=OCicnxrOdssGyI47FV7n0w%3D%3D&trackingId=%2Fqm1QSidluRUKnCXRn43AA%3D%3D,5 days ago,2026-08-20,Mid-Senior level,"₹1,000,000.00
            -
            ₹1,200,000.00","Python, SQL, Machine Learning, Deep Learning, NLP, Pandas, NumPy, Scikit-learn, AWS, Azure, Spark, Databricks",Full-time,1000000.0,1200000.0
Straviso - Data Scientist - Artificial Intelligence/Machine Learning,StraViso,Greater Kolkata Area,https://in.linkedin.com/jobs/view/straviso-data-scientist-artificial-intelligence-machine-learning-at-straviso-4438549287?position=53&pageNum=0&refId=OCicnxrOdssGyI47FV7n0w%3D%3D&trackingId=KA%2Bt%2FaJajYEhSFh0VpBYpw%3D%3D,1 month ago,2026-07-09,Mid-Senior level,,"Python, SQL, Machine Learning, Deep Learning, Artificial Intelligence, NLP, TensorFlow, PyTorch, Hugging Face, Scikit-learn, AWS, Azure, GCP, Docker, Kubernetes, Git",Full-time,,
Principal Data Scientist - Digital Health,Alcon,"Bengaluru, Karnataka, India",https://in.linkedin.com/jobs/view/principal-data-scientist-digital-health-at-alcon-4450090718?position=54&pageNum=0&refId=OCicnxrOdssGyI47FV7n0w%3D%3D&trackingId=TIK8z7%2F3MIuQ0a0N6lHqHQ%3D%3D,2 weeks ago,2026-08-07,Mid-Senior level,,"Python, SQL, Deep Learning, AWS, Azure, GCP",Full-time,,
Sr Data Scientist,HERE Technologies,Mumbai Metropolitan Region,https://in.linkedin.com/jobs/view/sr-data-scientist-at-here-technologies-4442723388?position=55&pageNum=0&refId=OCicnxrOdssGyI47FV7n0w%3D%3D&trackingId=clpWXwV2209LDDUMiyIruA%3D%3D,2 weeks ago,2026-08-11,Mid-Senior level,"$60.00
            -
            $65.00","Python, SQL, R, Machine Learning, Deep Learning, Spark",Full-time,60.0,65.0
"Data Scientist – AI, Machine Learning & Analytics",CodeClouds,Greater Kolkata Area,https://in.linkedin.com/jobs/view/data-scientist-%E2%80%93-ai-machine-learning-analytics-at-codeclouds-4435630109?position=56&pageNum=0&refId=OCicnxrOdssGyI47FV7n0w%3D%3D&trackingId=coo%2BcvQVCamfE%2FXyHXaAgA%3D%3D,2 months ago,2026-06-14,Mid-Senior level,,"Machine Learning, Deep Learning",Full-time,,
Lead Data Scientist,Accenture in India,"Kochi, Kerala, India",https://in.linkedin.com/jobs/view/lead-data-scientist-at-accenture-in-india-4448345079?position=57&pageNum=0&refId=OCicnxrOdssGyI47FV7n0w%3D%3D&trackingId=Gg6rhxU2QkoecyJHIEmiEQ%3D%3D,22 hours ago,2026-08-25,Mid-Senior level,"₹1,000,000.00
            -
            ₹3,000,000.00","Python, SQL, R, Machine Learning, TensorFlow, PyTorch, Scikit-learn, AWS, Azure, GCP, Git",Full-time,1000000.0,3000000.0
Senior Data Scientist,UsefulBI Corporation,"Bengaluru, Karnataka, India",https://in.linkedin.com/jobs/view/senior-data-scientist-at-usefulbi-corporation-4448171986?position=58&pageNum=0&refId=OCicnxrOdssGyI47FV7n0w%3D%3D&trackingId=0niMvut5W%2BpLspVEclfXNQ%3D%3D,3 weeks ago,2026-08-03,Mid-Senior level,,"Python, SQL, NLP, TensorFlow, PyTorch, Hugging Face, Pandas, NumPy, Scikit-learn, AWS, Azure, GCP, Docker, Git",Full-time,,
"Data Scientist II , Ultra",Affle,"Gurugram, Haryana, India",https://in.linkedin.com/jobs/view/data-scientist-ii-ultra-at-affle-4450139004?position=59&pageNum=0&refId=OCicnxrOdssGyI47FV7n0w%3D%3D&trackingId=QH3vnIKy9ZtZH6AUTFAbRw%3D%3D,1 month ago,2026-07-18,Mid-Senior level,"₹1,200,000.00
            -
            ₹1,800,000.00","Python, SQL, Machine Learning, GCP",Full-time,1200000.0,1800000.0
Affle India - Data Scientist II,Affle,"Gurugram, Haryana, India",https://in.linkedin.com/jobs/view/affle-india-data-scientist-ii-at-affle-4425952117?position=60&pageNum=0&refId=OCicnxrOdssGyI47FV7n0w%3D%3D&trackingId=mkTqnGWwZ1e5MG7YtTUHaA%3D%3D,2 months ago,2026-06-09,Mid-Senior level,"₹1,200,000.00
            -
            ₹1,800,000.00","Python, SQL, Machine Learning, GCP",Full-time,1200000.0,1800000.0
Lead - Data & AI,Adani Natural Resources,"Ahmedabad, Gujarat, India",https://in.linkedin.com/jobs/view/lead-data-ai-at-adani-natural-resources-4427195843?position=1&pageNum=0&refId=ffrsjRLuKMIPdDJaQ0lclw%3D%3D&trackingId=kSuzDYPSssGctvVP8jZLNg%3D%3D,1 week ago,2026-08-13,Mid-Senior level,,,Full-time,,
AI Data Engineer [T500-28265],Comply,"Kochi, Kerala, India",https://in.linkedin.com/jobs/view/ai-data-engineer-t500-28265-at-comply-4450235303?position=2&pageNum=0&refId=ffrsjRLuKMIPdDJaQ0lclw%3D%3D&trackingId=sDwiBt4th8bH6mt9f%2FZTvQ%3D%3D,2 weeks ago,2026-08-06,Mid-Senior level,,"Python, AWS, Azure, GCP",Full-time,,
AI / ML Engineer,Accenture in India,"Coimbatore, Tamil Nadu, India",https://in.linkedin.com/jobs/view/ai-ml-engineer-at-accenture-in-india-4448497520?position=3&pageNum=0&refId=ffrsjRLuKMIPdDJaQ0lclw%3D%3D&trackingId=XudK%2BdZfmbyD7UhTOIzZAQ%3D%3D,2 weeks ago,2026-08-07,Mid-Senior level,"₹500,000.00
            -
            ₹1,800,000.00","Python, R, Machine Learning, Deep Learning, Artificial Intelligence",Full-time,500000.0,1800000.0
Data Platform Engineer,Accenture in India,"Bhubaneswar, Odisha, India",https://in.linkedin.com/jobs/view/data-platform-engineer-at-accenture-in-india-4448338922?position=4&pageNum=0&refId=ffrsjRLuKMIPdDJaQ0lclw%3D%3D&trackingId=bCZhSKtQP7aTg72AlsCjDQ%3D%3D,21 hours ago,2026-08-25,Mid-Senior level,,Databricks,Full-time,,
AI Engineer,Shamrock AI,"Shillong, Meghalaya, India",https://in.linkedin.com/jobs/view/ai-engineer-at-shamrock-ai-4430825102?position=5&pageNum=0&refId=ffrsjRLuKMIPdDJaQ0lclw%3D%3D&trackingId=xI12t5YyUmBAW2g06lkukA%3D%3D,2 months ago,2026-06-22,Mid-Senior level,,"Python, R, Kubernetes, Databricks",Full-time,,
Data Scientist-Artificial Intelligence,IBM,"Kochi, Kerala, India",https://in.linkedin.com/jobs/view/data-scientist-artificial-intelligence-at-ibm-4446241710?position=6&pageNum=0&refId=ffrsjRLuKMIPdDJaQ0lclw%3D%3D&trackingId=EfiwmjHjYK0EIClR%2FRHxwg%3D%3D,18 hours ago,2026-08-25,Mid-Senior level,"₹1,000,000.00
            -
            ₹3,000,000.00","Python, SQL, Machine Learning, Artificial Intelligence, NLP, TensorFlow, PyTorch, Keras, Hugging Face, Pandas, Matplotlib, AWS, Azure, GCP, Kubernetes, MongoDB",Full-time,1000000.0,3000000.0
AI Engineer — Digital Transformation,Qube Cinema,"Chennai, Tamil Nadu, India",https://in.linkedin.com/jobs/view/ai-engineer-%E2%80%94-digital-transformation-at-qube-cinema-4432005120?position=7&pageNum=0&refId=ffrsjRLuKMIPdDJaQ0lclw%3D%3D&trackingId=FpdSWFqMKBpQ3ViM0C0hxA%3D%3D,2 months ago,2026-06-22,Mid-Senior level,"₹2,500,000.00
            -
            ₹4,500,000.00","Python, SQL, R, Machine Learning, Deep Learning, NLP, TensorFlow, PyTorch, Pandas, NumPy, Scikit-learn, Docker, PostgreSQL, Git",Full-time,2500000.0,4500000.0
AI/ML Data Science / Gen AI / MLOps,Cognizant,"Chennai, Tamil Nadu, India",https://in.linkedin.com/jobs/view/ai-ml-data-science-gen-ai-mlops-at-cognizant-4447622047?position=8&pageNum=0&refId=ffrsjRLuKMIPdDJaQ0lclw%3D%3D&trackingId=j5uWxzbvIRAmKRXqYJNLKA%3D%3D,2 days ago,2026-08-23,Mid-Senior level,"₹1,500,000.00
            -
            ₹2,500,000.00","Python, Machine Learning, TensorFlow, PyTorch, Azure, Docker, Kubernetes",Full-time,1500000.0,2500000.0
India: AI Analyst,H&P,"Taleigao, Goa, India",https://in.linkedin.com/jobs/view/india-ai-analyst-at-h-p-4435427574?position=9&pageNum=0&refId=ffrsjRLuKMIPdDJaQ0lclw%3D%3D&trackingId=PxojSBrr669ffwJLkx%2Bppg%3D%3D,1 week ago,2026-08-14,Mid-Senior level,"₹50,000.00
            -
            ₹60,000.00","Python, Machine Learning, Deep Learning, NLP, TensorFlow, PyTorch, Scikit-learn, Azure, Databricks",Full-time,50000.0,60000.0
DE-Python-AI-GDS,EY,"Kochi, Kerala, India",https://in.linkedin.com/jobs/view/de-python-ai-gds-at-ey-4409620299?position=10&pageNum=0&refId=ffrsjRLuKMIPdDJaQ0lclw%3D%3D&trackingId=e58fjGdHxloV8dPZzgqDbg%3D%3D,5 days ago,2026-08-20,Mid-Senior level,"₹1,000,000.00
            -
            ₹3,000,000.00","Python, SQL, AWS, Docker, Kubernetes, PostgreSQL",Full-time,1000000.0,3000000.0
Predictive Analytics Data Scientist-AI Labs,Adani Enterprises Limited,"Ahmedabad, Gujarat, India",https://in.linkedin.com/jobs/view/predictive-analytics-data-scientist-ai-labs-at-adani-enterprises-limited-4394339706?position=11&pageNum=0&refId=ffrsjRLuKMIPdDJaQ0lclw%3D%3D&trackingId=yWk0NU03oMIXIzJ7LYB7Zw%3D%3D,1 week ago,2026-08-15,Entry level,"₹800,000.00
            -
            ₹1,200,000.00","Machine Learning, Deep Learning, Artificial Intelligence, AWS, Azure, GCP, Docker, Kubernetes",Full-time,800000.0,1200000.0
Data Scientist,Ericsson,Greater Kolkata Area,https://in.linkedin.com/jobs/view/data-scientist-at-ericsson-4455624551?position=12&pageNum=0&refId=ffrsjRLuKMIPdDJaQ0lclw%3D%3D&trackingId=w51VBRptuTs9ZoWeZOpSGA%3D%3D,6 days ago,2026-08-20,Not Applicable,,"Python, Machine Learning, Deep Learning, NLP, AWS, Kubernetes, Databricks",Full-time,,
Head - Data & AI,Adani Natural Resources,"Ahmedabad, Gujarat, India",https://in.linkedin.com/jobs/view/head-data-ai-at-adani-natural-resources-4442128262?position=13&pageNum=0&refId=ffrsjRLuKMIPdDJaQ0lclw%3D%3D&trackingId=JKfvLxDiInia53NsU4HU0Q%3D%3D,2 weeks ago,2026-08-07,Mid-Senior level,,,Full-time,,
Tech Lead - AI and Analytics Solutions,NavaSys Technologies,"Coimbatore, Tamil Nadu, India",https://in.linkedin.com/jobs/view/tech-lead-ai-and-analytics-solutions-at-navasys-technologies-4442333161?position=14&pageNum=0&refId=ffrsjRLuKMIPdDJaQ0lclw%3D%3D&trackingId=6ufvrVEZYvWbl5r9wEbTBQ%3D%3D,1 month ago,2026-07-26,Mid-Senior level,"₹3,000,000.00
            -
            ₹5,000,000.00","Python, SQL, TensorFlow, PyTorch, Scikit-learn, AWS, Azure, GCP, Spark",Full-time,3000000.0,5000000.0
AI Architect,Rhythm Innovations,"Bhubaneswar, Odisha, India",https://in.linkedin.com/jobs/view/ai-architect-at-rhythm-innovations-4395995137?position=15&pageNum=0&refId=ffrsjRLuKMIPdDJaQ0lclw%3D%3D&trackingId=jU%2FSATXp9TwZ83NYOBMfbw%3D%3D,4 months ago,2026-04-08,Mid-Senior level,,"Python, SQL, R, Java, Machine Learning, Artificial Intelligence, NLP, TensorFlow, PyTorch, Scikit-learn, AWS, Azure, Spark",Full-time,,
Data Scientist,Neurealm,"Chennai, Tamil Nadu, India",https://in.linkedin.com/jobs/view/data-scientist-at-neurealm-4446730739?position=16&pageNum=0&refId=ffrsjRLuKMIPdDJaQ0lclw%3D%3D&trackingId=og7dNYLcHx3ryV%2FD0KuJVA%3D%3D,3 weeks ago,2026-07-30,Associate,"₹1,000,000.00
            -
            ₹3,000,000.00","Python, SQL, Machine Learning, NLP, TensorFlow, PyTorch, Hugging Face, Scikit-learn, AWS, Azure, GCP, Docker",Full-time,1000000.0,3000000.0
Junior AI Specialist,Miratech,"Roorkee, Uttarakhand, India",https://in.linkedin.com/jobs/view/junior-ai-specialist-at-miratech-4455864405?position=17&pageNum=0&refId=ffrsjRLuKMIPdDJaQ0lclw%3D%3D&trackingId=7Ue%2BYgG%2B%2BZfMEWaEi7eocQ%3D%3D,2 days ago,2026-08-24,Mid-Senior level,"₹850,000.00
            -
            ₹2,400,000.00","Python, SQL, Machine Learning, NLP, TensorFlow, PyTorch, Pandas, NumPy, Scikit-learn, AWS, Azure, GCP",Full-time,850000.0,2400000.0
Data Architect I - AI ML Architect,UST,"Trivandrum, Kerala, India",https://in.linkedin.com/jobs/view/data-architect-i-ai-ml-architect-at-ust-4412006662?position=18&pageNum=0&refId=ffrsjRLuKMIPdDJaQ0lclw%3D%3D&trackingId=XcFVf0xG%2F6TvSfPG5txRhQ%3D%3D,2 weeks ago,2026-08-09,Mid-Senior level,"₹2,500,000.00
            -
            ₹5,500,000.00","Machine Learning, Artificial Intelligence, TensorFlow, PyTorch, Scikit-learn, AWS, Azure, Spark",Full-time,2500000.0,5500000.0
GEN AI Developer,Birlasoft,Greater Hyderabad Area,https://in.linkedin.com/jobs/view/gen-ai-developer-at-birlasoft-4439874927?position=19&pageNum=0&refId=ffrsjRLuKMIPdDJaQ0lclw%3D%3D&trackingId=uQojP0DZEKSgwi1qpYVV0g%3D%3D,2 weeks ago,2026-08-05,Mid-Senior level,,"Python, Artificial Intelligence, NLP, TensorFlow, PyTorch, Hugging Face, Scikit-learn, Matplotlib, AWS, Azure, GCP, Databricks, Git",Full-time,,
Data Scientist,KANINI,"Chennai, Tamil Nadu, India",https://in.linkedin.com/jobs/view/data-scientist-at-kanini-4386537210?position=20&pageNum=0&refId=ffrsjRLuKMIPdDJaQ0lclw%3D%3D&trackingId=tISYZg8v%2FVxpp5vnekSkHQ%3D%3D,5 months ago,2026-03-16,Mid-Senior level,"₹1,000,000.00
            -
            ₹3,000,000.00","Python, Java, AWS, Azure, GCP, Docker, Kubernetes",Full-time,1000000.0,3000000.0
Agentic Solutions-AI and Data Science Engineer II,Deloitte,"Chennai, Tamil Nadu, India",https://in.linkedin.com/jobs/view/agentic-solutions-ai-and-data-science-engineer-ii-at-deloitte-4457918380?position=21&pageNum=0&refId=ffrsjRLuKMIPdDJaQ0lclw%3D%3D&trackingId=zZnZVQt0Bpo6q%2FYRlITGug%3D%3D,2 hours ago,2026-08-26,Not Applicable,,"Python, SQL, Deep Learning, Artificial Intelligence, NLP, Docker, Git",Full-time,,
GEN AI,Virtusa,"Chennai, Tamil Nadu, India",https://in.linkedin.com/jobs/view/gen-ai-at-virtusa-4388473468?position=22&pageNum=0&refId=ffrsjRLuKMIPdDJaQ0lclw%3D%3D&trackingId=b5ZDQ3fcKU3ta1C3Fv6i2A%3D%3D,4 days ago,2026-08-22,Associate,,"Python, Machine Learning, NLP, GCP",Full-time,,
AI Engineer (Data &amp; AI Practice),Kasadara Technology Solutions,"Coimbatore, Tamil Nadu, India",https://in.linkedin.com/jobs/view/ai-engineer-data-amp-ai-practice-at-kasadara-technology-solutions-4449456176?position=23&pageNum=0&refId=ffrsjRLuKMIPdDJaQ0lclw%3D%3D&trackingId=RCw7%2Fb7aZPRFSozTx3e54g%3D%3D,3 weeks ago,2026-08-05,Mid-Senior level,"₹3,000,000.00
            -
            ₹5,000,000.00","Python, SQL, Machine Learning, Deep Learning, Artificial Intelligence, NLP, Power BI, Azure, Docker, Kubernetes, Databricks, PostgreSQL, Git",Full-time,3000000.0,5000000.0
Data Scientist (Microsoft 365 Copilot / AI),Vivantify Technology Solutions India Pvt. Ltd.,"Vadodara, Gujarat, India",https://in.linkedin.com/jobs/view/data-scientist-microsoft-365-copilot-ai-at-vivantify-technology-solutions-india-pvt-ltd-4457401756?position=24&pageNum=0&refId=ffrsjRLuKMIPdDJaQ0lclw%3D%3D&trackingId=jk%2FyU4ikPqblktJ%2FDGHyRQ%3D%3D,1 day ago,2026-08-25,,,,,,
Data Scientist – LLM & Applied AI,OmniMD,"Ahmedabad, Gujarat, India",https://in.linkedin.com/jobs/view/data-scientist-%E2%80%93-llm-applied-ai-at-omnimd-4457907801?position=25&pageNum=0&refId=ffrsjRLuKMIPdDJaQ0lclw%3D%3D&trackingId=QPQFPZY%2B1cQmjuMIDoMmfw%3D%3D,46 minutes ago,2026-08-26,Mid-Senior level,"₹18.00
            -
            ₹20.00",,Full-time,18.0,20.0
Data Scientist,Celebal Technologies,"Jaipur, Rajasthan, India",https://in.linkedin.com/jobs/view/data-scientist-at-celebal-technologies-4453514682?position=26&pageNum=0&refId=ffrsjRLuKMIPdDJaQ0lclw%3D%3D&trackingId=TnOm4mErZiEWDmOlxSw9Rw%3D%3D,1 week ago,2026-08-14,,,,,,
AI/ML Engineer,ChicMic Studios,"Sahibzada Ajit Singh Nagar, Punjab, India",https://in.linkedin.com/jobs/view/ai-ml-engineer-at-chicmic-studios-4441042809?position=27&pageNum=0&refId=ffrsjRLuKMIPdDJaQ0lclw%3D%3D&trackingId=HKxP0ZDCmtXpWikVqI%2Fqhg%3D%3D,1 month ago,2026-07-22,Mid-Senior level,"Base pay range ₹600,000.00/yr - ₹1,600,000.00/yr","Python, R, Machine Learning, Deep Learning, PyTorch, Hugging Face, AWS, Azure, GCP, Docker, Git",Full-time,600000.0,1600000.0
AI/ML Lead,vBots,"Coimbatore, Tamil Nadu, India",https://in.linkedin.com/jobs/view/ai-ml-lead-at-vbots-4431042492?position=28&pageNum=0&refId=ffrsjRLuKMIPdDJaQ0lclw%3D%3D&trackingId=LLjMDDZ%2FD8jijapY9k16CQ%3D%3D,1 month ago,2026-06-28,,,,,,
Machine Learning  Engineer Mid Level,CapeStart,"Nagercoil, Tamil Nadu, India",https://in.linkedin.com/jobs/view/machine-learning-engineer-mid-level-at-capestart-4416630757?position=29&pageNum=0&refId=ffrsjRLuKMIPdDJaQ0lclw%3D%3D&trackingId=xZ0pxfxWOpGgRrmLTa%2BoLA%3D%3D,3 months ago,2026-05-19,Mid-Senior level,"₹600,000.00
            -
            ₹1,500,000.00","Python, SQL, Machine Learning, Deep Learning, TensorFlow, PyTorch, Keras, Pandas, NumPy, AWS, Azure, GCP, Spark",Full-time,600000.0,1500000.0
AI / ML Engineer,Sequence Dynamics,"Itanagar, Arunachal Pradesh, India",https://in.linkedin.com/jobs/view/ai-ml-engineer-at-sequence-dynamics-4449430937?position=30&pageNum=0&refId=ffrsjRLuKMIPdDJaQ0lclw%3D%3D&trackingId=z0uWqVL1CAcjdnBy0OrfXA%3D%3D,3 weeks ago,2026-08-05,Mid-Senior level,,"Python, NLP, TensorFlow, PyTorch",Full-time,,
Artificial Intelligence Manager,Orlin Apparel,"Surat, Gujarat, India",https://in.linkedin.com/jobs/view/artificial-intelligence-manager-at-orlin-apparel-4457229808?position=31&pageNum=0&refId=ffrsjRLuKMIPdDJaQ0lclw%3D%3D&trackingId=c9OUMNwPebAm6MJ9bwZbYA%3D%3D,2 hours ago,2026-08-26,Mid-Senior level,,"Machine Learning, Artificial Intelligence",Full-time,,
"Gen AI |
ML- Data Scientist",Quadratyx,"Aonla, Uttar Pradesh, India",https://in.linkedin.com/jobs/view/gen-ai-%0Aml-data-scientist-at-quadratyx-4449480641?position=32&pageNum=0&refId=ffrsjRLuKMIPdDJaQ0lclw%3D%3D&trackingId=7Xyt74lRq85WGZlKUA207g%3D%3D,3 weeks ago,2026-08-05,Mid-Senior level,"₹600,000.00
            -
            ₹1,100,000.00","Machine Learning, Artificial Intelligence, NLP",Full-time,600000.0,1100000.0
Data Engineer,"Simelabs - Digital, AI/ML, Automation, Robotics, Gen AI.","Kochi, Kerala, India",https://in.linkedin.com/jobs/view/data-engineer-at-simelabs-digital-ai-ml-automation-robotics-gen-ai-4446603263?position=33&pageNum=0&refId=ffrsjRLuKMIPdDJaQ0lclw%3D%3D&trackingId=UKTB4iI07mmH5v0O9Cmbwg%3D%3D,3 weeks ago,2026-08-04,Mid-Senior level,"₹1,200,000.00
            -
            ₹2,500,000.00","Python, SQL, AWS, Azure, GCP, Docker, Spark, PostgreSQL, Git",Full-time,1200000.0,2500000.0
ML-Ops,Sia,"Mumbai, Maharashtra, India",https://in.linkedin.com/jobs/view/ml-ops-at-sia-4452245349?position=34&pageNum=0&refId=ffrsjRLuKMIPdDJaQ0lclw%3D%3D&trackingId=UMU3DTg7gVpTO5S3ff9Mpw%3D%3D,1 week ago,2026-08-17,Mid-Senior level,"₹2,000,000.00
            -
            ₹3,800,000.00","Python, Pandas, NumPy, Scikit-learn, GCP, Git",Full-time,2000000.0,3800000.0
Senior Data Scientist,EG A/S,"Mangaluru, Karnataka, India",https://in.linkedin.com/jobs/view/senior-data-scientist-at-eg-a-s-4454298421?position=35&pageNum=0&refId=ffrsjRLuKMIPdDJaQ0lclw%3D%3D&trackingId=wCD%2BWok3%2F1tHjmDfPtetJw%3D%3D,1 week ago,2026-08-17,Mid-Senior level,,"Python, SQL, NLP, TensorFlow, PyTorch, Keras, Power BI, AWS, Azure",Full-time,,
Junior Data Scientist,Comviva,"Yelahanka Satellite Town, Karnataka, India",https://in.linkedin.com/jobs/view/junior-data-scientist-at-comviva-4432563093?position=36&pageNum=0&refId=ffrsjRLuKMIPdDJaQ0lclw%3D%3D&trackingId=ittIn4jyYw426p%2FZrMRFbA%3D%3D,2 months ago,2026-06-24,Mid-Senior level,,"Python, SQL, R, Machine Learning, TensorFlow, Keras, Pandas, NumPy, Scikit-learn, AWS, Azure",Full-time,,
CT-NITRO-Experimental AI Engineer,EY,"Kochi, Kerala, India",https://in.linkedin.com/jobs/view/ct-nitro-experimental-ai-engineer-at-ey-4456875771?position=37&pageNum=0&refId=ffrsjRLuKMIPdDJaQ0lclw%3D%3D&trackingId=5wTtjA9ju4zv7PAPx5JlRA%3D%3D,1 day ago,2026-08-24,Associate,"₹1,000,000.00
            -
            ₹3,000,000.00","Python, Machine Learning, Deep Learning, Artificial Intelligence, NLP, TensorFlow, PyTorch, Keras, Hugging Face, Docker, Git",Full-time,1000000.0,3000000.0
AI Engineer,"C3iHub, IIT Kanpur","Kanpur, Uttar Pradesh, India",https://in.linkedin.com/jobs/view/ai-engineer-at-c3ihub-iit-kanpur-4456214022?position=38&pageNum=0&refId=ffrsjRLuKMIPdDJaQ0lclw%3D%3D&trackingId=ognF4u1B%2FI1dmgiFzKqTQA%3D%3D,5 days ago,2026-08-21,Mid-Senior level,"₹400,000.00
            -
            ₹700,000.00","Python, R, Machine Learning, Deep Learning, TensorFlow, PyTorch, Scikit-learn, Docker, Git",Full-time,400000.0,700000.0
"Digital Transformation & AI Specialist - Ahmedabad, India",Qatar Airways,Greater Ahmedabad Area,https://in.linkedin.com/jobs/view/digital-transformation-ai-specialist-ahmedabad-india-at-qatar-airways-4452378652?position=39&pageNum=0&refId=ffrsjRLuKMIPdDJaQ0lclw%3D%3D&trackingId=rNG4s4mN9szJkg9CWPCPDw%3D%3D,2 weeks ago,2026-08-12,Mid-Senior level,,"Python, SQL, Deep Learning, NLP, TensorFlow, PyTorch",Full-time,,
Data Scientist,SourcingXPress,"Jaipur, Rajasthan, India",https://in.linkedin.com/jobs/view/data-scientist-at-sourcingxpress-4453118547?position=40&pageNum=0&refId=ffrsjRLuKMIPdDJaQ0lclw%3D%3D&trackingId=3PTFkVLkQYUAl1UKz76iwg%3D%3D,1 week ago,2026-08-17,Mid-Senior level,"₹100,000.00
            -
            ₹120,000.00","Python, Machine Learning, Deep Learning, Artificial Intelligence, NLP, TensorFlow, PyTorch, Keras, Hugging Face, Pandas, NumPy, Scikit-learn, AWS, Azure, GCP",Full-time,100000.0,120000.0
AI Engineer / Machine Learning Engineer,Uest,"Rajkot, Gujarat, India",https://in.linkedin.com/jobs/view/ai-engineer-machine-learning-engineer-at-uest-4433560834?position=41&pageNum=0&refId=ffrsjRLuKMIPdDJaQ0lclw%3D%3D&trackingId=H%2BP2DMl2Iz%2BkwxDz2lweHA%3D%3D,2 months ago,2026-06-26,Entry level,"₹18.00
            -
            ₹20.00","Python, SQL, R, Java, Machine Learning, Deep Learning, NLP, TensorFlow, PyTorch, Keras, Scikit-learn, AWS, Azure, MongoDB",Full-time,18.0,20.0
Data Scientist,Tessely,"Ajmer, Rajasthan, India",https://in.linkedin.com/jobs/view/data-scientist-at-tessely-4441138622?position=42&pageNum=0&refId=ffrsjRLuKMIPdDJaQ0lclw%3D%3D&trackingId=Yc7IqweteA5ScuIG4ZC%2FHw%3D%3D,1 month ago,2026-07-17,Entry level,,Machine Learning,Full-time,,
Data Scientist - Marketing & Sales,McKinsey & Company,"Gurugram, Haryana, India",https://in.linkedin.com/jobs/view/data-scientist-marketing-sales-at-mckinsey-company-4459006010?position=43&pageNum=0&refId=ffrsjRLuKMIPdDJaQ0lclw%3D%3D&trackingId=jDRmjPQLZ2CYuFJetcSkZg%3D%3D,18 hours ago,2026-08-25,Mid-Senior level,"₹1,200,000.00
            -
            ₹1,800,000.00","Python, Machine Learning, Deep Learning, TensorFlow, PyTorch, Pandas, NumPy, Scikit-learn, Spark",Full-time,1200000.0,1800000.0
Gen AI-AI and Data Science Engineer III,Deloitte,"Chennai, Tamil Nadu, India",https://in.linkedin.com/jobs/view/gen-ai-ai-and-data-science-engineer-iii-at-deloitte-4425090694?position=44&pageNum=0&refId=ffrsjRLuKMIPdDJaQ0lclw%3D%3D&trackingId=JXB6awlxKpAHTa%2B5uA1%2BDQ%3D%3D,2 weeks ago,2026-08-12,Not Applicable,,"Python, SQL, Deep Learning, Artificial Intelligence, NLP, TensorFlow, PyTorch, Keras, AWS, Azure, GCP, Docker, Git",Full-time,,
Artificial Intelligence Engineer,EYEGLOBAL SOLUTIONS PVT. LTD.,"Chennai, Tamil Nadu, India",https://in.linkedin.com/jobs/view/artificial-intelligence-engineer-at-eyeglobal-solutions-pvt-ltd-4429855898?position=45&pageNum=0&refId=ffrsjRLuKMIPdDJaQ0lclw%3D%3D&trackingId=pIr60NmhLbhcueAjhOrNxA%3D%3D,1 week ago,2026-08-13,Associate,"Base pay range ₹1,500,000.00/yr - ₹2,500,000.00/yr",,Full-time,1500000.0,2500000.0
Artificial Intelligence Engineer,TING,"Kochi, Kerala, India",https://in.linkedin.com/jobs/view/artificial-intelligence-engineer-at-ting-4457234095?position=46&pageNum=0&refId=ffrsjRLuKMIPdDJaQ0lclw%3D%3D&trackingId=yRnPbwrxhq%2FWBvd2FHZPvg%3D%3D,5 hours ago,2026-08-26,Associate,"₹1,000,000.00
            -
            ₹3,000,000.00","Python, SQL, GCP, PostgreSQL",Full-time,1000000.0,3000000.0
AI/LLM Data Intelligence Engineer,Clearstate,"Gurugram, Haryana, India",https://in.linkedin.com/jobs/view/ai-llm-data-intelligence-engineer-at-clearstate-4452351525?position=47&pageNum=0&refId=ffrsjRLuKMIPdDJaQ0lclw%3D%3D&trackingId=GsxxgX7dBmaCNQEgaHO4Jg%3D%3D,2 weeks ago,2026-08-12,Associate,"₹1,300,000.00
            -
            ₹1,800,000.00","Python, SQL, R, Hugging Face, AWS, Azure, GCP",Full-time,1300000.0,1800000.0
Data Scientist,Dun & Bradstreet India,"Chennai, Tamil Nadu, India",https://in.linkedin.com/jobs/view/data-scientist-at-dun-bradstreet-india-4453411229?position=48&pageNum=0&refId=ffrsjRLuKMIPdDJaQ0lclw%3D%3D&trackingId=mTQoEZbNMQBDPyVOH9IgAA%3D%3D,1 week ago,2026-08-19,Mid-Senior level,"₹1,000,000.00
            -
            ₹3,000,000.00","Python, AWS, Azure, GCP, Docker",Full-time,1000000.0,3000000.0
"Gen AI |
ML- Data Scientist",Quadratyx,"Mumbai, Maharashtra, India",https://in.linkedin.com/jobs/view/gen-ai-%0Aml-data-scientist-at-quadratyx-4449489469?position=49&pageNum=0&refId=ffrsjRLuKMIPdDJaQ0lclw%3D%3D&trackingId=DbstBo2HHE6n5wUnMOwD6w%3D%3D,3 weeks ago,2026-08-05,Mid-Senior level,,"Machine Learning, Artificial Intelligence, NLP, TensorFlow, PyTorch, Hugging Face",Full-time,,
Data Scientist,BNP Paribas,"Tamil Nadu, India",https://in.linkedin.com/jobs/view/data-scientist-at-bnp-paribas-4452403514?position=50&pageNum=0&refId=ffrsjRLuKMIPdDJaQ0lclw%3D%3D&trackingId=Z88dIlBgOJDnuRYzSYZIjA%3D%3D,2 weeks ago,2026-08-11,Mid-Senior level,"₹1,000,000.00
            -
            ₹3,000,000.00","Python, SQL, Machine Learning, Artificial Intelligence, Pandas, Spark",Full-time,1000000.0,3000000.0
ML Engineer I,UST,"Kochi, Kerala, India",https://in.linkedin.com/jobs/view/ml-engineer-i-at-ust-4387085668?position=51&pageNum=0&refId=ffrsjRLuKMIPdDJaQ0lclw%3D%3D&trackingId=TTMcLjxomTm3HfEKmIYC9Q%3D%3D,4 days ago,2026-08-22,Mid-Senior level,"₹1,000,000.00
            -
            ₹3,000,000.00","Python, Machine Learning, Deep Learning, Artificial Intelligence, NLP, TensorFlow, PyTorch, Pandas, NumPy, Scikit-learn, AWS, Azure, GCP, Docker, Kubernetes, Spark, Git",Full-time,1000000.0,3000000.0
AI & Data Engineer (AIDE),Aistra,"Delhi, India",https://in.linkedin.com/jobs/view/ai-data-engineer-aide-at-aistra-4451519641?position=52&pageNum=0&refId=ffrsjRLuKMIPdDJaQ0lclw%3D%3D&trackingId=D46kC8Lfr9cxGSMH9ACbCA%3D%3D,2 weeks ago,2026-08-11,Mid-Senior level,,"Python, SQL, AWS, Azure, GCP, Spark, Databricks, Git",Full-time,,
AI Technical Lead,Generac,"Ramban, Jammu & Kashmir, India",https://in.linkedin.com/jobs/view/ai-technical-lead-at-generac-4452228635?position=53&pageNum=0&refId=ffrsjRLuKMIPdDJaQ0lclw%3D%3D&trackingId=%2F1zQPmoevllb9hVVLbIpcw%3D%3D,1 week ago,2026-08-17,Mid-Senior level,,"Python, R, Java, Machine Learning, Artificial Intelligence, NLP, TensorFlow, PyTorch, AWS, Azure, GCP",Full-time,,
AI/ML Engineer,CloudSmartz | Netsmartz Group,"Sahibzada Ajit Singh Nagar, Punjab, India",https://in.linkedin.com/jobs/view/ai-ml-engineer-at-cloudsmartz-netsmartz-group-4401385642?position=54&pageNum=0&refId=ffrsjRLuKMIPdDJaQ0lclw%3D%3D&trackingId=%2BT3C2OB2a9RhEnRMLOzc2g%3D%3D,4 months ago,2026-04-13,Mid-Senior level,"₹800,000.00
            -
            ₹1,600,000.00","Python, Machine Learning, TensorFlow, PyTorch, Pandas, NumPy, Scikit-learn, Matplotlib, AWS, Azure, GCP, Docker, Git",Full-time,800000.0,1600000.0
Artificial Intelligence Data Engineer,EisnerAmper India,"Mumbai, Maharashtra, India",https://in.linkedin.com/jobs/view/artificial-intelligence-data-engineer-at-eisneramper-india-4441444596?position=55&pageNum=0&refId=ffrsjRLuKMIPdDJaQ0lclw%3D%3D&trackingId=kET%2BIuEGfALUJgSlbvF%2F5Q%3D%3D,2 weeks ago,2026-08-06,Not Applicable,"₹500,000.00
            -
            ₹1,500,000.00","Machine Learning, Artificial Intelligence, Azure",Full-time,500000.0,1500000.0
AI Engineer,InvarSys,"Indore, Madhya Pradesh, India",https://in.linkedin.com/jobs/view/ai-engineer-at-invarsys-4449531372?position=56&pageNum=0&refId=ffrsjRLuKMIPdDJaQ0lclw%3D%3D&trackingId=P%2FK%2FzdEMnEwKs%2F0ahGiU%2Bg%3D%3D,2 weeks ago,2026-08-10,Mid-Senior level,,"Python, Machine Learning, Deep Learning, TensorFlow, PyTorch, Scikit-learn, AWS, Azure, GCP",Full-time,,
Straviso - Data Scientist - Artificial Intelligence/Machine Learning,StraViso,Greater Kolkata Area,https://in.linkedin.com/jobs/view/straviso-data-scientist-artificial-intelligence-machine-learning-at-straviso-4438549287?position=57&pageNum=0&refId=ffrsjRLuKMIPdDJaQ0lclw%3D%3D&trackingId=x%2F%2BvzxSc2hqqosGKU3mRHA%3D%3D,1 month ago,2026-07-09,Mid-Senior level,,"Python, SQL, Machine Learning, Deep Learning, Artificial Intelligence, NLP, TensorFlow, PyTorch, Hugging Face, Scikit-learn, AWS, Azure, GCP, Docker, Kubernetes, Git",Full-time,,
Machine Learning,App Innovation Technologies,"Tiruchirappalli, Tamil Nadu, India",https://in.linkedin.com/jobs/view/machine-learning-at-app-innovation-technologies-4306114560?position=58&pageNum=0&refId=ffrsjRLuKMIPdDJaQ0lclw%3D%3D&trackingId=UQGQC8yR%2Bu7T%2BsuZVM6FMg%3D%3D,10 months ago,2025-09-30,Associate,"Base pay range ₹100,000.00/yr - ₹300,000.00/yr","Python, R, Java, Machine Learning, Deep Learning, Artificial Intelligence",Full-time,100000.0,300000.0
Data Scientist (R-19646),Dun & Bradstreet,"Chennai, Tamil Nadu, India",https://in.linkedin.com/jobs/view/data-scientist-r-19646-at-dun-bradstreet-4444506984?position=59&pageNum=0&refId=ffrsjRLuKMIPdDJaQ0lclw%3D%3D&trackingId=o%2FX2iYvsCJjF7ShQzoFX%2Bg%3D%3D,1 week ago,2026-08-17,Mid-Senior level,,"Python, Artificial Intelligence, AWS, Azure, GCP, Docker",Full-time,,
Data Architect - Gen AI,eInfochips (An Arrow Company),"Ahmedabad, Gujarat, India",https://in.linkedin.com/jobs/view/data-architect-gen-ai-at-einfochips-an-arrow-company-4452932683?position=60&pageNum=0&refId=ffrsjRLuKMIPdDJaQ0lclw%3D%3D&trackingId=liudmyIk%2F3u9Vv3ljXK8ow%3D%3D,1 week ago,2026-08-13,,,,,,
Data Scientist-Artificial Intelligence,IBM,"Kochi, Kerala, India",https://in.linkedin.com/jobs/view/data-scientist-artificial-intelligence-at-ibm-4446241710?position=1&pageNum=0&refId=g%2BiHbSL5jCTdItB9MSjHRg%3D%3D&trackingId=exxpfeKK0mlATHU9XoeZmw%3D%3D,18 hours ago,2026-08-25,Mid-Senior level,"₹1,000,000.00
            -
            ₹3,000,000.00","Python, SQL, Machine Learning, Artificial Intelligence, NLP, TensorFlow, PyTorch, Keras, Hugging Face, Pandas, Matplotlib, AWS, Azure, GCP, Kubernetes, MongoDB",Full-time,1000000.0,3000000.0
Senior Data Scientist - I,MetLife,"Pune Division, Maharashtra, India",https://in.linkedin.com/jobs/view/senior-data-scientist-i-at-metlife-4455731862?position=2&pageNum=0&refId=g%2BiHbSL5jCTdItB9MSjHRg%3D%3D&trackingId=pU9S54PZ0YyakYKevyBkDw%3D%3D,22 hours ago,2026-08-25,Mid-Senior level,,"Python, Machine Learning, NLP, TensorFlow, PyTorch, Scikit-learn, Azure",Full-time,,
Senior Data Scientist,SourcingXPress,"Gurgaon, Haryana, India",https://in.linkedin.com/jobs/view/senior-data-scientist-at-sourcingxpress-4384572454?position=3&pageNum=0&refId=g%2BiHbSL5jCTdItB9MSjHRg%3D%3D&trackingId=lYj7UY5TO4vNdQWrbVclhw%3D%3D,5 months ago,2026-03-16,Mid-Senior level,"Base pay range ₹2,000,000.00/yr - ₹4,000,000.00/yr","Python, Machine Learning, Deep Learning, AWS, Azure, GCP, Databricks",Full-time,2000000.0,4000000.0
Sr Advanced Data Scientist,Honeywell Technologies,"Pune Division, Maharashtra, India",https://in.linkedin.com/jobs/view/sr-advanced-data-scientist-at-honeywell-technologies-4445700716?position=4&pageNum=0&refId=g%2BiHbSL5jCTdItB9MSjHRg%3D%3D&trackingId=ZZZBQjkzjeyujq3RcTUKWA%3D%3D,1 week ago,2026-08-18,Mid-Senior level,,"Python, R, Machine Learning, Azure, Databricks",Full-time,,
Senior Data Scientist I,MetLife,"Pune Division, Maharashtra, India",https://in.linkedin.com/jobs/view/senior-data-scientist-i-at-metlife-4446306265?position=5&pageNum=0&refId=g%2BiHbSL5jCTdItB9MSjHRg%3D%3D&trackingId=k%2ByBnQ9PKfwqjSmj0nubOQ%3D%3D,3 weeks ago,2026-08-03,Mid-Senior level,,"Python, Machine Learning, NLP, TensorFlow, PyTorch, Scikit-learn, Azure",Full-time,,
Senior Data Scientist,Amplify Health,"Gurugram, Haryana, India",https://in.linkedin.com/jobs/view/senior-data-scientist-at-amplify-health-4445437035?position=6&pageNum=0&refId=g%2BiHbSL5jCTdItB9MSjHRg%3D%3D&trackingId=mbvCa7bwgvRqaO4Ceu0TNA%3D%3D,4 weeks ago,2026-07-28,Mid-Senior level,"₹2,000,000.00
            -
            ₹4,000,000.00","Python, SQL, Machine Learning, Deep Learning, NLP, TensorFlow, PyTorch, Hugging Face, Scikit-learn, Azure, Docker, Kubernetes, Databricks",Full-time,2000000.0,4000000.0
Senior Data Scientist,SEI,Greater Hyderabad Area,https://in.linkedin.com/jobs/view/senior-data-scientist-at-sei-4407866688?position=7&pageNum=0&refId=g%2BiHbSL5jCTdItB9MSjHRg%3D%3D&trackingId=Vrb2wKB%2Fuv0yEBC%2BQnw1aA%3D%3D,1 week ago,2026-08-14,Mid-Senior level,"₹4,000,000.00
            -
            ₹5,500,000.00","Python, SQL, R, Machine Learning, Artificial Intelligence, TensorFlow, PyTorch, Pandas, Scikit-learn, Matplotlib, Power BI, Tableau, AWS, Azure, GCP, Docker, Kubernetes, Spark",Full-time,4000000.0,5500000.0
Lead Data Scientist,AtkinsRéalis,"Gurgaon, Haryana, India",https://in.linkedin.com/jobs/view/lead-data-scientist-at-atkinsr%C3%A9alis-4446571831?position=8&pageNum=0&refId=g%2BiHbSL5jCTdItB9MSjHRg%3D%3D&trackingId=ZV8zw3cqBtw63Qcd%2F%2BOzpg%3D%3D,3 weeks ago,2026-08-04,Mid-Senior level,"₹1,000,000.00
            -
            ₹3,000,000.00","Python, Machine Learning, Deep Learning, TensorFlow, PyTorch, Hugging Face, Azure",Full-time,1000000.0,3000000.0
Data Scientist - Machine Learning,United Airlines India Knowledge Center,"Gurugram, Haryana, India",https://in.linkedin.com/jobs/view/data-scientist-machine-learning-at-united-airlines-india-knowledge-center-4457838253?position=9&pageNum=0&refId=g%2BiHbSL5jCTdItB9MSjHRg%3D%3D&trackingId=48a4UW5sEsmdlV6iB%2FfgNA%3D%3D,3 days ago,2026-08-22,Mid-Senior level,"₹1,200,000.00
            -
            ₹1,800,000.00","Python, SQL, Machine Learning, Artificial Intelligence, Git",Full-time,1200000.0,1800000.0
Lead Data Scientist- Gen AI-ML- Vice president,Citi,"Chennai, Tamil Nadu, India",https://in.linkedin.com/jobs/view/lead-data-scientist-gen-ai-ml-vice-president-at-citi-4446423940?position=10&pageNum=0&refId=g%2BiHbSL5jCTdItB9MSjHRg%3D%3D&trackingId=ObtLNn43fu9fUh5EWYByGQ%3D%3D,5 days ago,2026-08-20,Not Applicable,,"Python, SQL, Machine Learning, NLP, TensorFlow, PyTorch, Pandas, NumPy, Scikit-learn, Matplotlib, Power BI, Tableau, Git",Full-time,,
Sr Advanced Data Scientist,Honeywell Technologies,"Delhi, India",https://in.linkedin.com/jobs/view/sr-advanced-data-scientist-at-honeywell-technologies-4445717520?position=11&pageNum=0&refId=g%2BiHbSL5jCTdItB9MSjHRg%3D%3D&trackingId=v5W578WX1ikYOzle9gieiQ%3D%3D,1 week ago,2026-08-18,Mid-Senior level,"₹2,000,000.00
            -
            ₹4,000,000.00","Python, R, Machine Learning, Azure, Databricks",Full-time,2000000.0,4000000.0
Data Scientist,Thales,"Noida, Uttar Pradesh, India",https://in.linkedin.com/jobs/view/data-scientist-at-thales-4417326819?position=12&pageNum=0&refId=g%2BiHbSL5jCTdItB9MSjHRg%3D%3D&trackingId=7dHhpgT388T4mSfgGUPNUQ%3D%3D,1 week ago,2026-08-15,Not Applicable,"₹1,200,000.00
            -
            ₹1,800,000.00","Python, SQL, Machine Learning, Artificial Intelligence, GCP, Databricks",Full-time,1200000.0,1800000.0
AI/ML Data Science / Gen AI / MLOps,Cognizant,"Chennai, Tamil Nadu, India",https://in.linkedin.com/jobs/view/ai-ml-data-science-gen-ai-mlops-at-cognizant-4447622047?position=13&pageNum=0&refId=g%2BiHbSL5jCTdItB9MSjHRg%3D%3D&trackingId=fV6joutPL%2FvKXUHJlYDAmw%3D%3D,2 days ago,2026-08-23,Mid-Senior level,"₹1,500,000.00
            -
            ₹2,500,000.00","Python, Machine Learning, TensorFlow, PyTorch, Azure, Docker, Kubernetes",Full-time,1500000.0,2500000.0
Machine Learning Engineer,Simplify Healthcare,"Pune Division, Maharashtra, India",https://in.linkedin.com/jobs/view/machine-learning-engineer-at-simplify-healthcare-4455251418?position=14&pageNum=0&refId=g%2BiHbSL5jCTdItB9MSjHRg%3D%3D&trackingId=lEM1Jt4m8DSdpq%2FxcX5Q3Q%3D%3D,1 week ago,2026-08-17,Mid-Senior level,,"Python, SQL, AWS, Azure, GCP, Spark, Databricks",Full-time,,
Senior Data Scientist,"InvoiceCloud, Inc.","Hyderabad, Telangana, India",https://in.linkedin.com/jobs/view/senior-data-scientist-at-invoicecloud-inc-4419691849?position=15&pageNum=0&refId=g%2BiHbSL5jCTdItB9MSjHRg%3D%3D&trackingId=h6uPbBbzr1lRlWhqGj67oA%3D%3D,2 weeks ago,2026-08-05,Mid-Senior level,"₹4,000,000.00
            -
            ₹5,500,000.00","Python, SQL, Machine Learning, Deep Learning, TensorFlow, PyTorch, Pandas, NumPy, Scikit-learn, AWS, Azure, GCP, Docker, Kubernetes, Databricks, Git",Full-time,4000000.0,5500000.0
Principal Data Scientist,Atlassian,Greater Kolkata Area,https://in.linkedin.com/jobs/view/principal-data-scientist-at-atlassian-4454857134?position=16&pageNum=0&refId=g%2BiHbSL5jCTdItB9MSjHRg%3D%3D&trackingId=YUebCJHGPYJh8BUU%2BGG2AQ%3D%3D,1 week ago,2026-08-15,Mid-Senior level,,"Python, SQL, R, Machine Learning, Pandas, NumPy, Scikit-learn, Matplotlib, Tableau",Full-time,,
Data Scientist I,Kroll,"Hyderabad, Telangana, India",https://in.linkedin.com/jobs/view/data-scientist-i-at-kroll-4453474215?position=17&pageNum=0&refId=g%2BiHbSL5jCTdItB9MSjHRg%3D%3D&trackingId=i9NroemG3qrzjMtp%2Be47IQ%3D%3D,6 days ago,2026-08-19,Entry level,"₹1,000,000.00
            -
            ₹3,000,000.00","Python, Machine Learning, Deep Learning, NLP, TensorFlow, PyTorch, Hugging Face, Pandas, NumPy, Scikit-learn, AWS, Azure, GCP, Spark, Databricks",Full-time,1000000.0,3000000.0
Data Scientist + Databricks AI/ML - Sr Architect,Birlasoft,Pune/Pimpri-Chinchwad Area,https://in.linkedin.com/jobs/view/data-scientist-%2B-databricks-ai-ml-sr-architect-at-birlasoft-4453578053?position=18&pageNum=0&refId=g%2BiHbSL5jCTdItB9MSjHRg%3D%3D&trackingId=Ko9HV71rmq3pmBec7uTPng%3D%3D,1 week ago,2026-08-14,Mid-Senior level,,"Python, SQL, NLP, TensorFlow, PyTorch, Scikit-learn, Power BI, Tableau, AWS, Azure, GCP, Databricks",Full-time,,
Senior Principal Data Scientist,AtkinsRéalis,"Bengaluru East, Karnataka, India",https://in.linkedin.com/jobs/view/senior-principal-data-scientist-at-atkinsr%C3%A9alis-4394640162?position=19&pageNum=0&refId=g%2BiHbSL5jCTdItB9MSjHRg%3D%3D&trackingId=t%2F9eKvyApc%2BE1PxbA8tCDg%3D%3D,4 months ago,2026-04-07,Mid-Senior level,"₹5,000,000.00
            -
            ₹7,000,000.00","Python, Machine Learning, NLP, TensorFlow, PyTorch, Hugging Face, AWS, Azure",Full-time,5000000.0,7000000.0
Data Science and AIML Lead - AITDS,Cognizant,"Hyderabad, Telangana, India",https://in.linkedin.com/jobs/view/data-science-and-aiml-lead-aitds-at-cognizant-4414475083?position=20&pageNum=0&refId=g%2BiHbSL5jCTdItB9MSjHRg%3D%3D&trackingId=0Soo8oiKKaoIGyJBKQg2%2Bg%3D%3D,2 weeks ago,2026-08-08,Mid-Senior level,,"Python, Machine Learning, TensorFlow, PyTorch, Scikit-learn, AWS, Azure, GCP",Full-time,,
Straviso - Senior Data Scientist - Machine Learning,StraViso,Greater Kolkata Area,https://in.linkedin.com/jobs/view/straviso-senior-data-scientist-machine-learning-at-straviso-4438548274?position=21&pageNum=0&refId=g%2BiHbSL5jCTdItB9MSjHRg%3D%3D&trackingId=yN8AznfZSde9rQuwBTkFYQ%3D%3D,1 month ago,2026-07-09,Mid-Senior level,,"Python, SQL, Machine Learning, Deep Learning, Artificial Intelligence, NLP, TensorFlow, PyTorch, Hugging Face, Scikit-learn, AWS, Azure, GCP, Docker, Kubernetes, Spark, Git",Full-time,,
Data Scientist I,Kroll,"New Delhi, Delhi, India",https://in.linkedin.com/jobs/view/data-scientist-i-at-kroll-4453471229?position=22&pageNum=0&refId=g%2BiHbSL5jCTdItB9MSjHRg%3D%3D&trackingId=peie9Af21EcT2kSJC%2BsysQ%3D%3D,6 days ago,2026-08-19,Entry level,"₹1,200,000.00
            -
            ₹1,800,000.00","Python, Machine Learning, Deep Learning, NLP, TensorFlow, PyTorch, Hugging Face, Pandas, NumPy, Scikit-learn, AWS, Azure, GCP, Spark, Databricks",Full-time,1200000.0,1800000.0
Data Scientist,Avahi,"Pune Division, Maharashtra, India",https://in.linkedin.com/jobs/view/data-scientist-at-avahi-4436347282?position=23&pageNum=0&refId=g%2BiHbSL5jCTdItB9MSjHRg%3D%3D&trackingId=A3SyahhVZiScQNCSU1mrEA%3D%3D,1 week ago,2026-08-15,Mid-Senior level,,"Python, PyTorch, AWS",Full-time,,
Data Scientist – Mortgage Analytics & AI,loanDNA,"Chennai, Tamil Nadu, India",https://in.linkedin.com/jobs/view/data-scientist-%E2%80%93-mortgage-analytics-ai-at-loandna-4453688615?position=24&pageNum=0&refId=g%2BiHbSL5jCTdItB9MSjHRg%3D%3D&trackingId=7rZjstQuwyHaiaeaoGE8hw%3D%3D,1 week ago,2026-08-13,Mid-Senior level,"₹1,000,000.00
            -
            ₹3,000,000.00","Python, SQL, Machine Learning, Deep Learning, TensorFlow, PyTorch, Pandas, NumPy, Scikit-learn, AWS, Azure, Docker, Kubernetes, Databricks, Git",Full-time,1000000.0,3000000.0
Staff Data Scientist,Stryker,"Gurugram, Haryana, India",https://in.linkedin.com/jobs/view/staff-data-scientist-at-stryker-4436215738?position=25&pageNum=0&refId=g%2BiHbSL5jCTdItB9MSjHRg%3D%3D&trackingId=STWGM5xWPCtMM8YsmGXx8A%3D%3D,1 month ago,2026-07-07,Associate,"₹12.00
            -
            ₹25.00","Python, SQL, Machine Learning, NLP, Power BI, Azure, Spark, Databricks, Git",Full-time,12.0,25.0
Predictive Analytics Data Scientist-AI Labs,Adani Enterprises Limited,"Ahmedabad, Gujarat, India",https://in.linkedin.com/jobs/view/predictive-analytics-data-scientist-ai-labs-at-adani-enterprises-limited-4427055522?position=26&pageNum=0&refId=g%2BiHbSL5jCTdItB9MSjHRg%3D%3D&trackingId=zSRZTdoRSM%2FyH08n6Vpdvg%3D%3D,1 week ago,2026-08-14,Entry level,"₹800,000.00
            -
            ₹1,200,000.00","Machine Learning, Deep Learning, Artificial Intelligence, AWS, Azure, GCP, Docker, Kubernetes",Full-time,800000.0,1200000.0
Lead Data Scientist,Gartner,"Gurgaon, Haryana, India",https://in.linkedin.com/jobs/view/lead-data-scientist-at-gartner-4446434435?position=27&pageNum=0&refId=g%2BiHbSL5jCTdItB9MSjHRg%3D%3D&trackingId=Atc74igJ2LBVnpYXHQEV8Q%3D%3D,6 days ago,2026-08-20,Not Applicable,"₹1,000,000.00
            -
            ₹3,000,000.00","Python, SQL, Machine Learning, Deep Learning, Artificial Intelligence, NLP, TensorFlow, PyTorch, Pandas, NumPy, Scikit-learn, Power BI, AWS, Azure, GCP, Spark, Databricks",Full-time,1000000.0,3000000.0
"Lead, Data Scientist",Bain & Company,"Gurugram, Haryana, India",https://in.linkedin.com/jobs/view/lead-data-scientist-at-bain-company-4440907806?position=28&pageNum=0&refId=g%2BiHbSL5jCTdItB9MSjHRg%3D%3D&trackingId=CARtkxohdfFIT3F4fMKnhw%3D%3D,2 weeks ago,2026-08-09,Not Applicable,"₹1,000,000.00
            -
            ₹3,000,000.00","Python, SQL, Machine Learning, Deep Learning, Artificial Intelligence, NLP, AWS, Azure, GCP, Docker, Spark, MongoDB, PostgreSQL",Full-time,1000000.0,3000000.0
Senior Data Scientist,"FourKites, Inc.",Greater Chennai Area,https://in.linkedin.com/jobs/view/senior-data-scientist-at-fourkites-inc-4458585972?position=29&pageNum=0&refId=g%2BiHbSL5jCTdItB9MSjHRg%3D%3D&trackingId=Kow3hibKA34LfS4SqqZ0hg%3D%3D,1 day ago,2026-08-25,Mid-Senior level,,"Python, SQL, Machine Learning, NLP, Pandas, Scikit-learn, AWS",Full-time,,
Data Scientist-Artificial Intelligence,IBM,"Pune Division, Maharashtra, India",https://in.linkedin.com/jobs/view/data-scientist-artificial-intelligence-at-ibm-4446243677?position=30&pageNum=0&refId=g%2BiHbSL5jCTdItB9MSjHRg%3D%3D&trackingId=SubjqVtUAlwqGsAilPUTMA%3D%3D,19 hours ago,2026-08-25,Mid-Senior level,"₹1,000,000.00
            -
            ₹1,200,000.00","Python, SQL, Machine Learning, Artificial Intelligence, NLP, TensorFlow, PyTorch, Keras, Hugging Face, Pandas, Matplotlib, AWS, Azure, GCP, Kubernetes, MongoDB",Full-time,1000000.0,1200000.0
Lead Data Scientist,XCaliber Health,"Bengaluru East, Karnataka, India",https://in.linkedin.com/jobs/view/lead-data-scientist-at-xcaliber-health-4434281766?position=31&pageNum=0&refId=g%2BiHbSL5jCTdItB9MSjHRg%3D%3D&trackingId=QxHu7jfSrl5FoWtSGKrVDA%3D%3D,1 month ago,2026-06-28,Mid-Senior level,,"Python, Machine Learning, NLP",Full-time,,
Principal Data Scientist,JAGGAER,Greater Hyderabad Area,https://in.linkedin.com/jobs/view/principal-data-scientist-at-jaggaer-4451521110?position=32&pageNum=0&refId=g%2BiHbSL5jCTdItB9MSjHRg%3D%3D&trackingId=9DqKy%2FIKyUpreLjOCZrnxA%3D%3D,2 weeks ago,2026-08-10,Mid-Senior level,,"Python, SQL, R, TensorFlow, PyTorch, Pandas, Scikit-learn, Tableau, AWS, Azure, GCP, Docker, Kubernetes, Git",Full-time,,
Senior Data Scientist,Sonatype,"Hyderabad, Telangana, India",https://in.linkedin.com/jobs/view/senior-data-scientist-at-sonatype-4448280537?position=33&pageNum=0&refId=g%2BiHbSL5jCTdItB9MSjHRg%3D%3D&trackingId=nXK%2FPBp5KahfMQgYpzdlyg%3D%3D,1 day ago,2026-08-25,Associate,"₹4,000,000.00
            -
            ₹5,500,000.00","Python, Java, Machine Learning, Deep Learning, Artificial Intelligence, TensorFlow, PyTorch, Scikit-learn, AWS, Databricks, Git",Full-time,4000000.0,5500000.0
Senior Data Scientist,Skan AI,"Bengaluru, Karnataka, India",https://in.linkedin.com/jobs/view/senior-data-scientist-at-skan-ai-4456247269?position=34&pageNum=0&refId=g%2BiHbSL5jCTdItB9MSjHRg%3D%3D&trackingId=jzril%2Bqj%2BYBRJwU6lGmL8Q%3D%3D,4 days ago,2026-08-21,Mid-Senior level,,"Python, Deep Learning, NLP, Spark, Databricks",Full-time,,
Senior Data Scientist,Aligned Automation,"Pune Division, Maharashtra, India",https://in.linkedin.com/jobs/view/senior-data-scientist-at-aligned-automation-4454272168?position=35&pageNum=0&refId=g%2BiHbSL5jCTdItB9MSjHRg%3D%3D&trackingId=tCwSB%2Bg453ePtszPDkwnHA%3D%3D,1 week ago,2026-08-13,Mid-Senior level,,"Python, Machine Learning, TensorFlow, PyTorch, Pandas, Scikit-learn",Full-time,,
Senior Data Scientist,SourcingXPress,"Hyderabad, Telangana, India",https://in.linkedin.com/jobs/view/senior-data-scientist-at-sourcingxpress-4377843079?position=36&pageNum=0&refId=g%2BiHbSL5jCTdItB9MSjHRg%3D%3D&trackingId=eweH3dF6mWbCStwVEDksww%3D%3D,5 months ago,2026-02-27,Mid-Senior level,"Base pay range ₹3,500,000.00/yr - ₹5,000,000.00/yr","Python, SQL, Machine Learning, AWS, Azure, GCP, Docker, Spark",Full-time,3500000.0,5000000.0
Senior Data Scientist,CitiusTech,"Hyderabad, Telangana, India",https://in.linkedin.com/jobs/view/senior-data-scientist-at-citiustech-4447280305?position=37&pageNum=0&refId=g%2BiHbSL5jCTdItB9MSjHRg%3D%3D&trackingId=0p2sa8mt2TOx67YbTo%2BXtA%3D%3D,3 weeks ago,2026-07-31,Mid-Senior level,"₹4,000,000.00
            -
            ₹5,500,000.00","Python, SQL, Machine Learning, NLP, TensorFlow, PyTorch, Scikit-learn, Power BI, Tableau, Azure, Databricks",Full-time,4000000.0,5500000.0
Staff Data Scientist – Healthcare,Anblicks,"Hyderabad, Telangana, India",https://in.linkedin.com/jobs/view/staff-data-scientist-%E2%80%93-healthcare-at-anblicks-4425796423?position=38&pageNum=0&refId=g%2BiHbSL5jCTdItB9MSjHRg%3D%3D&trackingId=SOb3%2FNZWagUGAy3c113jzw%3D%3D,2 months ago,2026-06-15,Mid-Senior level,,"Python, R, Machine Learning, Deep Learning, AWS, Docker, Kubernetes, Spark, Databricks",Full-time,,
Machine Learning-AI and Data Science Engineer III,Deloitte,"Chennai, Tamil Nadu, India",https://in.linkedin.com/jobs/view/machine-learning-ai-and-data-science-engineer-iii-at-deloitte-4425095675?position=39&pageNum=0&refId=g%2BiHbSL5jCTdItB9MSjHRg%3D%3D&trackingId=9Zn59RnqlH7HiGEST7cJxg%3D%3D,1 week ago,2026-08-15,Not Applicable,,"Python, SQL, Machine Learning, Artificial Intelligence, Pandas, NumPy, Scikit-learn, Tableau, AWS, Azure, GCP, Docker, Databricks, Git",Full-time,,
Senior Data Scientist,Cognite,"Bengaluru, Karnataka, India",https://in.linkedin.com/jobs/view/senior-data-scientist-at-cognite-4446547646?position=40&pageNum=0&refId=g%2BiHbSL5jCTdItB9MSjHRg%3D%3D&trackingId=HH8gU%2FjPPdV%2FJJwGM9pGYg%3D%3D,6 days ago,2026-08-19,Mid-Senior level,,"Python, SQL, Machine Learning, AWS, Azure, GCP, Git",Full-time,,
Machine Learning-Lead AI and Data Science Engineer II,Deloitte,"Chennai, Tamil Nadu, India",https://in.linkedin.com/jobs/view/machine-learning-lead-ai-and-data-science-engineer-ii-at-deloitte-4440237541?position=41&pageNum=0&refId=g%2BiHbSL5jCTdItB9MSjHRg%3D%3D&trackingId=CgIpV2%2FiMi7gfmIJJgHrIA%3D%3D,2 weeks ago,2026-08-06,Not Applicable,,"Python, SQL, Deep Learning, NLP, TensorFlow, PyTorch, Keras, AWS, Azure, GCP, Docker, Git",Full-time,,
Machine Learning Engineer/Data Engineer,Adient,"Pune City, Maharashtra, India",https://in.linkedin.com/jobs/view/machine-learning-engineer-data-engineer-at-adient-4411506846?position=42&pageNum=0&refId=g%2BiHbSL5jCTdItB9MSjHRg%3D%3D&trackingId=HKa64uZC7x%2BRyHKTLOEHqw%3D%3D,3 months ago,2026-05-14,Mid-Senior level,"₹1,500,000.00
            -
            ₹2,500,000.00","Python, SQL, Machine Learning, Pandas, NumPy, Scikit-learn, Matplotlib, Azure",Full-time,1500000.0,2500000.0
Data Scientist III,Navi,"Bangalore Urban, Karnataka, India",https://in.linkedin.com/jobs/view/data-scientist-iii-at-navi-4448539970?position=43&pageNum=0&refId=g%2BiHbSL5jCTdItB9MSjHRg%3D%3D&trackingId=eGuPhfdfyT%2Foinxze3xoIA%3D%3D,3 weeks ago,2026-08-04,Mid-Senior level,,"Python, Machine Learning, Deep Learning, TensorFlow, Keras, Scikit-learn",Full-time,,
Senior Lead Data Scientist,4flow,"Bengaluru, Karnataka, India",https://in.linkedin.com/jobs/view/senior-lead-data-scientist-at-4flow-4443937418?position=44&pageNum=0&refId=g%2BiHbSL5jCTdItB9MSjHRg%3D%3D&trackingId=3phzawrqHFY48CZyfPBlnQ%3D%3D,1 week ago,2026-08-13,Mid-Senior level,,Machine Learning,Full-time,,
Lead Data scientist,Philips,"Bengaluru, Karnataka, India",https://in.linkedin.com/jobs/view/lead-data-scientist-at-philips-4448528032?position=45&pageNum=0&refId=g%2BiHbSL5jCTdItB9MSjHRg%3D%3D&trackingId=ysrX%2BB9bDWlMv5UjTkcS0g%3D%3D,1 hour ago,2026-08-26,Mid-Senior level,,"Python, SQL, Machine Learning, Deep Learning, NLP, TensorFlow, PyTorch, AWS, Azure",Full-time,,
DataNimbus - ML Architect - Data Science,DataNimbus,Greater Kolkata Area,https://in.linkedin.com/jobs/view/datanimbus-ml-architect-data-science-at-datanimbus-4445358620?position=46&pageNum=0&refId=g%2BiHbSL5jCTdItB9MSjHRg%3D%3D&trackingId=%2FL%2FX7OwVHSEGgMfBxLFVhQ%3D%3D,1 month ago,2026-07-26,Mid-Senior level,"₹500,000.00
            -
            ₹3,500,000.00","Machine Learning, TensorFlow, PyTorch, Pandas, Scikit-learn, AWS, Azure, GCP, Spark, Databricks",Full-time,500000.0,3500000.0
Analyst - Data Scientist,United Airlines India Knowledge Center,"Gurugram, Haryana, India",https://in.linkedin.com/jobs/view/analyst-data-scientist-at-united-airlines-india-knowledge-center-4450731636?position=47&pageNum=0&refId=g%2BiHbSL5jCTdItB9MSjHRg%3D%3D&trackingId=Vzv%2FDKxXiqbmXAGUbdR0Sw%3D%3D,2 weeks ago,2026-08-07,Entry level,"₹1,200,000.00
            -
            ₹1,800,000.00","Python, SQL, Machine Learning, Artificial Intelligence, AWS, Azure, GCP, Git",Full-time,1200000.0,1800000.0
Digital Manager,EY,"Kolkata, West Bengal, India",https://in.linkedin.com/jobs/view/digital-manager-at-ey-4456528091?position=48&pageNum=0&refId=g%2BiHbSL5jCTdItB9MSjHRg%3D%3D&trackingId=wUFLlUwSve%2FpbdAXYnbMzg%3D%3D,1 day ago,2026-08-24,Mid-Senior level,,"Python, SQL, Machine Learning, Deep Learning, Azure, Docker, Kubernetes",Full-time,,
Senior Data Scientist (5 to 8 Years),Fractal,"Bengaluru, Karnataka, India",https://in.linkedin.com/jobs/view/senior-data-scientist-5-to-8-years-at-fractal-4389546678?position=49&pageNum=0&refId=g%2BiHbSL5jCTdItB9MSjHRg%3D%3D&trackingId=Sl7y5gD0xsVfqytjokinrQ%3D%3D,1 week ago,2026-08-14,Mid-Senior level,,"Python, R, Machine Learning, Azure, GCP, Spark, Databricks",Full-time,,
Product Specialist,Bajaj Finserv,"Pune Division, Maharashtra, India",https://in.linkedin.com/jobs/view/product-specialist-at-bajaj-finserv-4420472918?position=50&pageNum=0&refId=g%2BiHbSL5jCTdItB9MSjHRg%3D%3D&trackingId=nZW%2BFA91joH42ogO4IRr2g%3D%3D,2 months ago,2026-05-28,Associate,,"Python, SQL, TensorFlow, PyTorch, Pandas, Spark, MongoDB, Git",Full-time,,
Data Scientist 10+yrs,IQLEXA Technologies,"Pune Division, Maharashtra, India",https://in.linkedin.com/jobs/view/data-scientist-10%2Byrs-at-iqlexa-technologies-4454168982?position=51&pageNum=0&refId=g%2BiHbSL5jCTdItB9MSjHRg%3D%3D&trackingId=v4ssp6VQrI8yEeZ1GTdyHA%3D%3D,5 days ago,2026-08-21,Entry level,,"Python, SQL, Machine Learning, Deep Learning, NLP, TensorFlow, PyTorch, Pandas, NumPy, Scikit-learn, AWS, Azure, GCP, Spark",Full-time,,
Data Scientist,EXL,"Pune Division, Maharashtra, India",https://in.linkedin.com/jobs/view/data-scientist-at-exl-4446724288?position=52&pageNum=0&refId=g%2BiHbSL5jCTdItB9MSjHRg%3D%3D&trackingId=iNcBpZcY4IYTo1m0MDTrxA%3D%3D,5 days ago,2026-08-20,Mid-Senior level,"₹1,000,000.00
            -
            ₹1,200,000.00","Python, SQL, Machine Learning, Deep Learning, NLP, Pandas, NumPy, Scikit-learn, AWS, Azure, Spark, Databricks",Full-time,1000000.0,1200000.0
Straviso - Data Scientist - Artificial Intelligence/Machine Learning,StraViso,Greater Kolkata Area,https://in.linkedin.com/jobs/view/straviso-data-scientist-artificial-intelligence-machine-learning-at-straviso-4438549287?position=53&pageNum=0&refId=g%2BiHbSL5jCTdItB9MSjHRg%3D%3D&trackingId=FbCbShrgNMSgFfrwH6DUlw%3D%3D,1 month ago,2026-07-09,Mid-Senior level,,"Python, SQL, Machine Learning, Deep Learning, Artificial Intelligence, NLP, TensorFlow, PyTorch, Hugging Face, Scikit-learn, AWS, Azure, GCP, Docker, Kubernetes, Git",Full-time,,
Principal Data Scientist - Digital Health,Alcon,"Bengaluru, Karnataka, India",https://in.linkedin.com/jobs/view/principal-data-scientist-digital-health-at-alcon-4450090718?position=54&pageNum=0&refId=g%2BiHbSL5jCTdItB9MSjHRg%3D%3D&trackingId=kiMNS9ZI99vrq5V9Yl%2BHdg%3D%3D,2 weeks ago,2026-08-07,Mid-Senior level,,"Python, SQL, Deep Learning, AWS, Azure, GCP",Full-time,,
Sr Data Scientist,HERE Technologies,Mumbai Metropolitan Region,https://in.linkedin.com/jobs/view/sr-data-scientist-at-here-technologies-4442723388?position=55&pageNum=0&refId=g%2BiHbSL5jCTdItB9MSjHRg%3D%3D&trackingId=2vMupPsXdmOmzDbkHw9tHQ%3D%3D,2 weeks ago,2026-08-11,Mid-Senior level,"$60.00
            -
            $65.00","Python, SQL, R, Machine Learning, Deep Learning, Spark",Full-time,60.0,65.0
"Data Scientist – AI, Machine Learning & Analytics",CodeClouds,Greater Kolkata Area,https://in.linkedin.com/jobs/view/data-scientist-%E2%80%93-ai-machine-learning-analytics-at-codeclouds-4435630109?position=56&pageNum=0&refId=g%2BiHbSL5jCTdItB9MSjHRg%3D%3D&trackingId=YQ2JQ%2FGPcTGv1YbNP4RgsQ%3D%3D,2 months ago,2026-06-14,Mid-Senior level,,"Machine Learning, Deep Learning",Full-time,,
Lead Data Scientist,Accenture in India,"Kochi, Kerala, India",https://in.linkedin.com/jobs/view/lead-data-scientist-at-accenture-in-india-4448345079?position=57&pageNum=0&refId=g%2BiHbSL5jCTdItB9MSjHRg%3D%3D&trackingId=uMSQHpMGY6nU1PJYSkY4%2FQ%3D%3D,23 hours ago,2026-08-25,Mid-Senior level,"₹1,000,000.00
            -
            ₹3,000,000.00","Python, SQL, R, Machine Learning, TensorFlow, PyTorch, Scikit-learn, AWS, Azure, GCP, Git",Full-time,1000000.0,3000000.0
Senior Data Scientist,UsefulBI Corporation,"Bengaluru, Karnataka, India",https://in.linkedin.com/jobs/view/senior-data-scientist-at-usefulbi-corporation-4448171986?position=58&pageNum=0&refId=g%2BiHbSL5jCTdItB9MSjHRg%3D%3D&trackingId=%2BqDL8AGr7kX6BjVG2V6SpA%3D%3D,3 weeks ago,2026-08-03,Mid-Senior level,,"Python, SQL, NLP, TensorFlow, PyTorch, Hugging Face, Pandas, NumPy, Scikit-learn, AWS, Azure, GCP, Docker, Git",Full-time,,
"Data Scientist II , Ultra",Affle,"Gurugram, Haryana, India",https://in.linkedin.com/jobs/view/data-scientist-ii-ultra-at-affle-4450139004?position=59&pageNum=0&refId=g%2BiHbSL5jCTdItB9MSjHRg%3D%3D&trackingId=QsF1yG4exk4qLgOful0eJw%3D%3D,1 month ago,2026-07-18,Mid-Senior level,"₹1,200,000.00
            -
            ₹1,800,000.00","Python, SQL, Machine Learning, GCP",Full-time,1200000.0,1800000.0
Affle India - Data Scientist II,Affle,"Gurugram, Haryana, India",https://in.linkedin.com/jobs/view/affle-india-data-scientist-ii-at-affle-4425952117?position=60&pageNum=0&refId=g%2BiHbSL5jCTdItB9MSjHRg%3D%3D&trackingId=RVpQQxTbjDZPHCDdUxpHMQ%3D%3D,2 months ago,2026-06-09,Mid-Senior level,"₹1,200,000.00
            -
            ₹1,800,000.00","Python, SQL, Machine Learning, GCP",Full-time,1200000.0,1800000.0
Data Scientist-Artificial Intelligence,IBM,"Kochi, Kerala, India",https://in.linkedin.com/jobs/view/data-scientist-artificial-intelligence-at-ibm-4446241710?position=1&pageNum=0&refId=OLB1k8yVwEvdoL6PBLB7Qg%3D%3D&trackingId=tsZthEHp3l9YvfWH9tWiXQ%3D%3D,18 hours ago,2026-08-25,Mid-Senior level,"₹1,000,000.00
            -
            ₹3,000,000.00","Python, SQL, Machine Learning, Artificial Intelligence, NLP, TensorFlow, PyTorch, Keras, Hugging Face, Pandas, Matplotlib, AWS, Azure, GCP, Kubernetes, MongoDB",Full-time,1000000.0,3000000.0
Senior Data Scientist - I,MetLife,"Pune Division, Maharashtra, India",https://in.linkedin.com/jobs/view/senior-data-scientist-i-at-metlife-4455731862?position=2&pageNum=0&refId=OLB1k8yVwEvdoL6PBLB7Qg%3D%3D&trackingId=MH%2BN%2FDdTQk8dDAkxgQTPvw%3D%3D,22 hours ago,2026-08-25,Mid-Senior level,,"Python, Machine Learning, NLP, TensorFlow, PyTorch, Scikit-learn, Azure",Full-time,,
Senior Data Scientist,SourcingXPress,"Gurgaon, Haryana, India",https://in.linkedin.com/jobs/view/senior-data-scientist-at-sourcingxpress-4384572454?position=3&pageNum=0&refId=OLB1k8yVwEvdoL6PBLB7Qg%3D%3D&trackingId=DHG87qoVqE4MtQ%2FlgBbO1A%3D%3D,5 months ago,2026-03-16,Mid-Senior level,"Base pay range ₹2,000,000.00/yr - ₹4,000,000.00/yr","Python, Machine Learning, Deep Learning, AWS, Azure, GCP, Databricks",Full-time,2000000.0,4000000.0
Sr Advanced Data Scientist,Honeywell Technologies,"Pune Division, Maharashtra, India",https://in.linkedin.com/jobs/view/sr-advanced-data-scientist-at-honeywell-technologies-4445700716?position=4&pageNum=0&refId=OLB1k8yVwEvdoL6PBLB7Qg%3D%3D&trackingId=7iOWN%2FBs4wKuHgY59S8aYg%3D%3D,1 week ago,2026-08-18,Mid-Senior level,,"Python, R, Machine Learning, Azure, Databricks",Full-time,,
Senior Data Scientist I,MetLife,"Pune Division, Maharashtra, India",https://in.linkedin.com/jobs/view/senior-data-scientist-i-at-metlife-4446306265?position=5&pageNum=0&refId=OLB1k8yVwEvdoL6PBLB7Qg%3D%3D&trackingId=vlb4NuIv8Bwhv2DFeB7ovw%3D%3D,3 weeks ago,2026-08-03,Mid-Senior level,,"Python, Machine Learning, NLP, TensorFlow, PyTorch, Scikit-learn, Azure",Full-time,,
Senior Data Scientist,Amplify Health,"Gurugram, Haryana, India",https://in.linkedin.com/jobs/view/senior-data-scientist-at-amplify-health-4445437035?position=6&pageNum=0&refId=OLB1k8yVwEvdoL6PBLB7Qg%3D%3D&trackingId=USGNTd2p9BaWoLeI5cYQpw%3D%3D,4 weeks ago,2026-07-28,Mid-Senior level,"₹2,000,000.00
            -
            ₹4,000,000.00","Python, SQL, Machine Learning, Deep Learning, NLP, TensorFlow, PyTorch, Hugging Face, Scikit-learn, Azure, Docker, Kubernetes, Databricks",Full-time,2000000.0,4000000.0
Senior Data Scientist,SEI,Greater Hyderabad Area,https://in.linkedin.com/jobs/view/senior-data-scientist-at-sei-4407866688?position=7&pageNum=0&refId=OLB1k8yVwEvdoL6PBLB7Qg%3D%3D&trackingId=3hzr6YR6BAfDcuNHS9tClA%3D%3D,1 week ago,2026-08-14,Mid-Senior level,"₹4,000,000.00
            -
            ₹5,500,000.00","Python, SQL, R, Machine Learning, Artificial Intelligence, TensorFlow, PyTorch, Pandas, Scikit-learn, Matplotlib, Power BI, Tableau, AWS, Azure, GCP, Docker, Kubernetes, Spark",Full-time,4000000.0,5500000.0
Lead Data Scientist,AtkinsRéalis,"Gurgaon, Haryana, India",https://in.linkedin.com/jobs/view/lead-data-scientist-at-atkinsr%C3%A9alis-4446571831?position=8&pageNum=0&refId=OLB1k8yVwEvdoL6PBLB7Qg%3D%3D&trackingId=BdOJiZaqCEdMBQEL4Sat9w%3D%3D,3 weeks ago,2026-08-04,Mid-Senior level,"₹1,000,000.00
            -
            ₹3,000,000.00","Python, Machine Learning, Deep Learning, TensorFlow, PyTorch, Hugging Face, Azure",Full-time,1000000.0,3000000.0
Data Scientist - Machine Learning,United Airlines India Knowledge Center,"Gurugram, Haryana, India",https://in.linkedin.com/jobs/view/data-scientist-machine-learning-at-united-airlines-india-knowledge-center-4457838253?position=9&pageNum=0&refId=OLB1k8yVwEvdoL6PBLB7Qg%3D%3D&trackingId=VI%2BeYPQP2hFaDh5QhPgMOw%3D%3D,3 days ago,2026-08-22,Mid-Senior level,"₹1,200,000.00
            -
            ₹1,800,000.00","Python, SQL, Machine Learning, Artificial Intelligence, Git",Full-time,1200000.0,1800000.0
Lead Data Scientist- Gen AI-ML- Vice president,Citi,"Chennai, Tamil Nadu, India",https://in.linkedin.com/jobs/view/lead-data-scientist-gen-ai-ml-vice-president-at-citi-4446423940?position=10&pageNum=0&refId=OLB1k8yVwEvdoL6PBLB7Qg%3D%3D&trackingId=7I8%2FWo0%2FjiseFALfVZUL%2BA%3D%3D,5 days ago,2026-08-20,Not Applicable,,"Python, SQL, Machine Learning, NLP, TensorFlow, PyTorch, Pandas, NumPy, Scikit-learn, Matplotlib, Power BI, Tableau, Git",Full-time,,
Sr Advanced Data Scientist,Honeywell Technologies,"Delhi, India",https://in.linkedin.com/jobs/view/sr-advanced-data-scientist-at-honeywell-technologies-4445717520?position=11&pageNum=0&refId=OLB1k8yVwEvdoL6PBLB7Qg%3D%3D&trackingId=6C97oT8jXEH%2B7yBgcZRlWg%3D%3D,1 week ago,2026-08-18,Mid-Senior level,"₹2,000,000.00
            -
            ₹4,000,000.00","Python, R, Machine Learning, Azure, Databricks",Full-time,2000000.0,4000000.0
Data Scientist,Thales,"Noida, Uttar Pradesh, India",https://in.linkedin.com/jobs/view/data-scientist-at-thales-4417326819?position=12&pageNum=0&refId=OLB1k8yVwEvdoL6PBLB7Qg%3D%3D&trackingId=NhiQ7zCPdPqiVvNcbc%2FocA%3D%3D,1 week ago,2026-08-15,Not Applicable,"₹1,200,000.00
            -
            ₹1,800,000.00","Python, SQL, Machine Learning, Artificial Intelligence, GCP, Databricks",Full-time,1200000.0,1800000.0
AI/ML Data Science / Gen AI / MLOps,Cognizant,"Chennai, Tamil Nadu, India",https://in.linkedin.com/jobs/view/ai-ml-data-science-gen-ai-mlops-at-cognizant-4447622047?position=13&pageNum=0&refId=OLB1k8yVwEvdoL6PBLB7Qg%3D%3D&trackingId=N3%2Fi0G1fuallkYNiVAyCHA%3D%3D,2 days ago,2026-08-23,Mid-Senior level,"₹1,500,000.00
            -
            ₹2,500,000.00","Python, Machine Learning, TensorFlow, PyTorch, Azure, Docker, Kubernetes",Full-time,1500000.0,2500000.0
Machine Learning Engineer,Simplify Healthcare,"Pune Division, Maharashtra, India",https://in.linkedin.com/jobs/view/machine-learning-engineer-at-simplify-healthcare-4455251418?position=14&pageNum=0&refId=OLB1k8yVwEvdoL6PBLB7Qg%3D%3D&trackingId=3iTTLYtJeYe2eXqSa8SB5A%3D%3D,1 week ago,2026-08-17,Mid-Senior level,,"Python, SQL, AWS, Azure, GCP, Spark, Databricks",Full-time,,
Senior Data Scientist,"InvoiceCloud, Inc.","Hyderabad, Telangana, India",https://in.linkedin.com/jobs/view/senior-data-scientist-at-invoicecloud-inc-4419691849?position=15&pageNum=0&refId=OLB1k8yVwEvdoL6PBLB7Qg%3D%3D&trackingId=O%2FDxJagwOFrrj2py7ojpFA%3D%3D,2 weeks ago,2026-08-05,Mid-Senior level,"₹4,000,000.00
            -
            ₹5,500,000.00","Python, SQL, Machine Learning, Deep Learning, TensorFlow, PyTorch, Pandas, NumPy, Scikit-learn, AWS, Azure, GCP, Docker, Kubernetes, Databricks, Git",Full-time,4000000.0,5500000.0
Principal Data Scientist,Atlassian,Greater Kolkata Area,https://in.linkedin.com/jobs/view/principal-data-scientist-at-atlassian-4454857134?position=16&pageNum=0&refId=OLB1k8yVwEvdoL6PBLB7Qg%3D%3D&trackingId=nlGE0z8i2MHoweCc7u2QaQ%3D%3D,1 week ago,2026-08-15,Mid-Senior level,,"Python, SQL, R, Machine Learning, Pandas, NumPy, Scikit-learn, Matplotlib, Tableau",Full-time,,
Data Scientist I,Kroll,"Hyderabad, Telangana, India",https://in.linkedin.com/jobs/view/data-scientist-i-at-kroll-4453474215?position=17&pageNum=0&refId=OLB1k8yVwEvdoL6PBLB7Qg%3D%3D&trackingId=GTxDOh0JvVoajXJvfumJbQ%3D%3D,6 days ago,2026-08-19,Entry level,"₹1,000,000.00
            -
            ₹3,000,000.00","Python, Machine Learning, Deep Learning, NLP, TensorFlow, PyTorch, Hugging Face, Pandas, NumPy, Scikit-learn, AWS, Azure, GCP, Spark, Databricks",Full-time,1000000.0,3000000.0
Data Scientist + Databricks AI/ML - Sr Architect,Birlasoft,Pune/Pimpri-Chinchwad Area,https://in.linkedin.com/jobs/view/data-scientist-%2B-databricks-ai-ml-sr-architect-at-birlasoft-4453578053?position=18&pageNum=0&refId=OLB1k8yVwEvdoL6PBLB7Qg%3D%3D&trackingId=9FgL5OvyXp6hJHgyK3NJ3A%3D%3D,1 week ago,2026-08-14,Mid-Senior level,,"Python, SQL, NLP, TensorFlow, PyTorch, Scikit-learn, Power BI, Tableau, AWS, Azure, GCP, Databricks",Full-time,,
Senior Principal Data Scientist,AtkinsRéalis,"Bengaluru East, Karnataka, India",https://in.linkedin.com/jobs/view/senior-principal-data-scientist-at-atkinsr%C3%A9alis-4394640162?position=19&pageNum=0&refId=OLB1k8yVwEvdoL6PBLB7Qg%3D%3D&trackingId=4Sjo4h%2F1JrUYF5InB4UOnw%3D%3D,4 months ago,2026-04-07,Mid-Senior level,"₹5,000,000.00
            -
            ₹7,000,000.00","Python, Machine Learning, NLP, TensorFlow, PyTorch, Hugging Face, AWS, Azure",Full-time,5000000.0,7000000.0
Data Science and AIML Lead - AITDS,Cognizant,"Hyderabad, Telangana, India",https://in.linkedin.com/jobs/view/data-science-and-aiml-lead-aitds-at-cognizant-4414475083?position=20&pageNum=0&refId=OLB1k8yVwEvdoL6PBLB7Qg%3D%3D&trackingId=%2FY99u628xUkhJKSNtBd4%2FQ%3D%3D,2 weeks ago,2026-08-08,Mid-Senior level,,"Python, Machine Learning, TensorFlow, PyTorch, Scikit-learn, AWS, Azure, GCP",Full-time,,
Straviso - Senior Data Scientist - Machine Learning,StraViso,Greater Kolkata Area,https://in.linkedin.com/jobs/view/straviso-senior-data-scientist-machine-learning-at-straviso-4438548274?position=21&pageNum=0&refId=OLB1k8yVwEvdoL6PBLB7Qg%3D%3D&trackingId=71m1Dt7v5w%2BBsVE9Iv7SqQ%3D%3D,1 month ago,2026-07-09,Mid-Senior level,,"Python, SQL, Machine Learning, Deep Learning, Artificial Intelligence, NLP, TensorFlow, PyTorch, Hugging Face, Scikit-learn, AWS, Azure, GCP, Docker, Kubernetes, Spark, Git",Full-time,,
Data Scientist I,Kroll,"New Delhi, Delhi, India",https://in.linkedin.com/jobs/view/data-scientist-i-at-kroll-4453471229?position=22&pageNum=0&refId=OLB1k8yVwEvdoL6PBLB7Qg%3D%3D&trackingId=tpIZjlAx90N0X8zOh5NW4Q%3D%3D,6 days ago,2026-08-19,Entry level,"₹1,200,000.00
            -
            ₹1,800,000.00","Python, Machine Learning, Deep Learning, NLP, TensorFlow, PyTorch, Hugging Face, Pandas, NumPy, Scikit-learn, AWS, Azure, GCP, Spark, Databricks",Full-time,1200000.0,1800000.0
Data Scientist,Avahi,"Pune Division, Maharashtra, India",https://in.linkedin.com/jobs/view/data-scientist-at-avahi-4436347282?position=23&pageNum=0&refId=OLB1k8yVwEvdoL6PBLB7Qg%3D%3D&trackingId=NKLa0SQgXGRyv%2Fzo3aBc%2FA%3D%3D,1 week ago,2026-08-15,Mid-Senior level,,"Python, PyTorch, AWS",Full-time,,
Data Scientist – Mortgage Analytics & AI,loanDNA,"Chennai, Tamil Nadu, India",https://in.linkedin.com/jobs/view/data-scientist-%E2%80%93-mortgage-analytics-ai-at-loandna-4453688615?position=24&pageNum=0&refId=OLB1k8yVwEvdoL6PBLB7Qg%3D%3D&trackingId=PiS9pBjgoSxdOEQ1Ue2sWw%3D%3D,1 week ago,2026-08-13,,,,,,
Staff Data Scientist,Stryker,"Gurugram, Haryana, India",https://in.linkedin.com/jobs/view/staff-data-scientist-at-stryker-4436215738?position=25&pageNum=0&refId=OLB1k8yVwEvdoL6PBLB7Qg%3D%3D&trackingId=8SZs%2Fqf6BfgG%2FlB%2BMC7YlA%3D%3D,1 month ago,2026-07-07,Associate,"₹12.00
            -
            ₹25.00","Python, SQL, Machine Learning, NLP, Power BI, Azure, Spark, Databricks, Git",Full-time,12.0,25.0
Predictive Analytics Data Scientist-AI Labs,Adani Enterprises Limited,"Ahmedabad, Gujarat, India",https://in.linkedin.com/jobs/view/predictive-analytics-data-scientist-ai-labs-at-adani-enterprises-limited-4427055522?position=26&pageNum=0&refId=OLB1k8yVwEvdoL6PBLB7Qg%3D%3D&trackingId=wjJY6P5yZipmN4l7axTXeQ%3D%3D,1 week ago,2026-08-14,Entry level,"₹800,000.00
            -
            ₹1,200,000.00","Machine Learning, Deep Learning, Artificial Intelligence, AWS, Azure, GCP, Docker, Kubernetes",Full-time,800000.0,1200000.0
Lead Data Scientist,Gartner,"Gurgaon, Haryana, India",https://in.linkedin.com/jobs/view/lead-data-scientist-at-gartner-4446434435?position=27&pageNum=0&refId=OLB1k8yVwEvdoL6PBLB7Qg%3D%3D&trackingId=8%2F1GYZaI3XHDsh9184mqoQ%3D%3D,6 days ago,2026-08-20,Not Applicable,"₹1,000,000.00
            -
            ₹3,000,000.00","Python, SQL, Machine Learning, Deep Learning, Artificial Intelligence, NLP, TensorFlow, PyTorch, Pandas, NumPy, Scikit-learn, Power BI, AWS, Azure, GCP, Spark, Databricks",Full-time,1000000.0,3000000.0
"Lead, Data Scientist",Bain & Company,"Gurugram, Haryana, India",https://in.linkedin.com/jobs/view/lead-data-scientist-at-bain-company-4440907806?position=28&pageNum=0&refId=OLB1k8yVwEvdoL6PBLB7Qg%3D%3D&trackingId=miaPLUObGHZnThqr5oNOzg%3D%3D,2 weeks ago,2026-08-09,Not Applicable,"₹1,000,000.00
            -
            ₹3,000,000.00","Python, SQL, Machine Learning, Deep Learning, Artificial Intelligence, NLP, AWS, Azure, GCP, Docker, Spark, MongoDB, PostgreSQL",Full-time,1000000.0,3000000.0
Senior Data Scientist,"FourKites, Inc.",Greater Chennai Area,https://in.linkedin.com/jobs/view/senior-data-scientist-at-fourkites-inc-4458585972?position=29&pageNum=0&refId=OLB1k8yVwEvdoL6PBLB7Qg%3D%3D&trackingId=X3%2BDO2c8Y%2FjefQNb1NX95g%3D%3D,1 day ago,2026-08-25,,,,,,
Data Scientist-Artificial Intelligence,IBM,"Pune Division, Maharashtra, India",https://in.linkedin.com/jobs/view/data-scientist-artificial-intelligence-at-ibm-4446243677?position=30&pageNum=0&refId=OLB1k8yVwEvdoL6PBLB7Qg%3D%3D&trackingId=xew69HIqgNxxZq7C3d1iag%3D%3D,19 hours ago,2026-08-25,Mid-Senior level,"₹1,000,000.00
            -
            ₹1,200,000.00","Python, SQL, Machine Learning, Artificial Intelligence, NLP, TensorFlow, PyTorch, Keras, Hugging Face, Pandas, Matplotlib, AWS, Azure, GCP, Kubernetes, MongoDB",Full-time,1000000.0,1200000.0
Lead Data Scientist,XCaliber Health,"Bengaluru East, Karnataka, India",https://in.linkedin.com/jobs/view/lead-data-scientist-at-xcaliber-health-4434281766?position=31&pageNum=0&refId=OLB1k8yVwEvdoL6PBLB7Qg%3D%3D&trackingId=2JaDhROXHhK15YMJEwX69g%3D%3D,1 month ago,2026-06-28,Mid-Senior level,,"Python, Machine Learning, NLP",Full-time,,
Principal Data Scientist,JAGGAER,Greater Hyderabad Area,https://in.linkedin.com/jobs/view/principal-data-scientist-at-jaggaer-4451521110?position=32&pageNum=0&refId=OLB1k8yVwEvdoL6PBLB7Qg%3D%3D&trackingId=PFsixmIBILfK6BF%2FDWtniA%3D%3D,2 weeks ago,2026-08-10,Mid-Senior level,,"Python, SQL, R, TensorFlow, PyTorch, Pandas, Scikit-learn, Tableau, AWS, Azure, GCP, Docker, Kubernetes, Git",Full-time,,
Senior Data Scientist,Sonatype,"Hyderabad, Telangana, India",https://in.linkedin.com/jobs/view/senior-data-scientist-at-sonatype-4448280537?position=33&pageNum=0&refId=OLB1k8yVwEvdoL6PBLB7Qg%3D%3D&trackingId=MVyJJPYqp6rTuA4X9cFupw%3D%3D,1 day ago,2026-08-25,Associate,"₹4,000,000.00
            -
            ₹5,500,000.00","Python, Java, Machine Learning, Deep Learning, Artificial Intelligence, TensorFlow, PyTorch, Scikit-learn, AWS, Databricks, Git",Full-time,4000000.0,5500000.0
Senior Data Scientist,Skan AI,"Bengaluru, Karnataka, India",https://in.linkedin.com/jobs/view/senior-data-scientist-at-skan-ai-4456247269?position=34&pageNum=0&refId=OLB1k8yVwEvdoL6PBLB7Qg%3D%3D&trackingId=IrfsatRTsDWcRAxxx6yQvg%3D%3D,4 days ago,2026-08-21,Mid-Senior level,,"Python, Deep Learning, NLP, Spark, Databricks",Full-time,,
Senior Data Scientist,Aligned Automation,"Pune Division, Maharashtra, India",https://in.linkedin.com/jobs/view/senior-data-scientist-at-aligned-automation-4454272168?position=35&pageNum=0&refId=OLB1k8yVwEvdoL6PBLB7Qg%3D%3D&trackingId=URyMMjn3THc4FoG6AxqV3A%3D%3D,1 week ago,2026-08-13,Mid-Senior level,,"Python, Machine Learning, TensorFlow, PyTorch, Pandas, Scikit-learn",Full-time,,
Senior Data Scientist,SourcingXPress,"Hyderabad, Telangana, India",https://in.linkedin.com/jobs/view/senior-data-scientist-at-sourcingxpress-4377843079?position=36&pageNum=0&refId=OLB1k8yVwEvdoL6PBLB7Qg%3D%3D&trackingId=BBy1iOh9y%2FYIAIJbcWs0NQ%3D%3D,5 months ago,2026-02-27,Mid-Senior level,"Base pay range ₹3,500,000.00/yr - ₹5,000,000.00/yr","Python, SQL, Machine Learning, AWS, Azure, GCP, Docker, Spark",Full-time,3500000.0,5000000.0
Senior Data Scientist,CitiusTech,"Hyderabad, Telangana, India",https://in.linkedin.com/jobs/view/senior-data-scientist-at-citiustech-4447280305?position=37&pageNum=0&refId=OLB1k8yVwEvdoL6PBLB7Qg%3D%3D&trackingId=XaCXwjJLIwAkWMkvg%2FkWDQ%3D%3D,3 weeks ago,2026-07-31,Mid-Senior level,"₹4,000,000.00
            -
            ₹5,500,000.00","Python, SQL, Machine Learning, NLP, TensorFlow, PyTorch, Scikit-learn, Power BI, Tableau, Azure, Databricks",Full-time,4000000.0,5500000.0
Staff Data Scientist – Healthcare,Anblicks,"Hyderabad, Telangana, India",https://in.linkedin.com/jobs/view/staff-data-scientist-%E2%80%93-healthcare-at-anblicks-4425796423?position=38&pageNum=0&refId=OLB1k8yVwEvdoL6PBLB7Qg%3D%3D&trackingId=MweE6Wtk0PkkfoNkdT3u%2Bg%3D%3D,2 months ago,2026-06-15,Mid-Senior level,,"Python, R, Machine Learning, Deep Learning, AWS, Docker, Kubernetes, Spark, Databricks",Full-time,,
Machine Learning-AI and Data Science Engineer III,Deloitte,"Chennai, Tamil Nadu, India",https://in.linkedin.com/jobs/view/machine-learning-ai-and-data-science-engineer-iii-at-deloitte-4425095675?position=39&pageNum=0&refId=OLB1k8yVwEvdoL6PBLB7Qg%3D%3D&trackingId=L8SkwapdOw%2BrwrwZaUz%2F2g%3D%3D,1 week ago,2026-08-15,Not Applicable,,"Python, SQL, Machine Learning, Artificial Intelligence, Pandas, NumPy, Scikit-learn, Tableau, AWS, Azure, GCP, Docker, Databricks, Git",Full-time,,
Senior Data Scientist,Cognite,"Bengaluru, Karnataka, India",https://in.linkedin.com/jobs/view/senior-data-scientist-at-cognite-4446547646?position=40&pageNum=0&refId=OLB1k8yVwEvdoL6PBLB7Qg%3D%3D&trackingId=Ys%2BzyfnMs%2BlHb%2Bt1JLWa8A%3D%3D,6 days ago,2026-08-19,Mid-Senior level,,"Python, SQL, Machine Learning, AWS, Azure, GCP, Git",Full-time,,
Machine Learning-Lead AI and Data Science Engineer II,Deloitte,"Chennai, Tamil Nadu, India",https://in.linkedin.com/jobs/view/machine-learning-lead-ai-and-data-science-engineer-ii-at-deloitte-4440237541?position=41&pageNum=0&refId=OLB1k8yVwEvdoL6PBLB7Qg%3D%3D&trackingId=Hf9QRuQSKEgSjJe2yfD6XA%3D%3D,2 weeks ago,2026-08-06,Not Applicable,,"Python, SQL, Deep Learning, NLP, TensorFlow, PyTorch, Keras, AWS, Azure, GCP, Docker, Git",Full-time,,
Machine Learning Engineer/Data Engineer,Adient,"Pune City, Maharashtra, India",https://in.linkedin.com/jobs/view/machine-learning-engineer-data-engineer-at-adient-4411506846?position=42&pageNum=0&refId=OLB1k8yVwEvdoL6PBLB7Qg%3D%3D&trackingId=njuSWwcAFTeW12tSXHEwXw%3D%3D,3 months ago,2026-05-14,Mid-Senior level,"₹1,500,000.00
            -
            ₹2,500,000.00","Python, SQL, Machine Learning, Pandas, NumPy, Scikit-learn, Matplotlib, Azure",Full-time,1500000.0,2500000.0
Data Scientist III,Navi,"Bangalore Urban, Karnataka, India",https://in.linkedin.com/jobs/view/data-scientist-iii-at-navi-4448539970?position=43&pageNum=0&refId=OLB1k8yVwEvdoL6PBLB7Qg%3D%3D&trackingId=s%2Fgz5TU0hBSFOKwJb%2B5I6A%3D%3D,3 weeks ago,2026-08-04,Mid-Senior level,,"Python, Machine Learning, Deep Learning, TensorFlow, Keras, Scikit-learn",Full-time,,
Senior Lead Data Scientist,4flow,"Bengaluru, Karnataka, India",https://in.linkedin.com/jobs/view/senior-lead-data-scientist-at-4flow-4443937418?position=44&pageNum=0&refId=OLB1k8yVwEvdoL6PBLB7Qg%3D%3D&trackingId=GRBjlWRR4zjAiGiIjXDWaw%3D%3D,1 week ago,2026-08-13,Mid-Senior level,,Machine Learning,Full-time,,
Lead Data scientist,Philips,"Bengaluru, Karnataka, India",https://in.linkedin.com/jobs/view/lead-data-scientist-at-philips-4448528032?position=45&pageNum=0&refId=OLB1k8yVwEvdoL6PBLB7Qg%3D%3D&trackingId=5Cbw7vIoFtKrrTizY8o67A%3D%3D,1 hour ago,2026-08-26,Mid-Senior level,,"Python, SQL, Machine Learning, Deep Learning, NLP, TensorFlow, PyTorch, AWS, Azure",Full-time,,
DataNimbus - ML Architect - Data Science,DataNimbus,Greater Kolkata Area,https://in.linkedin.com/jobs/view/datanimbus-ml-architect-data-science-at-datanimbus-4445358620?position=46&pageNum=0&refId=OLB1k8yVwEvdoL6PBLB7Qg%3D%3D&trackingId=FCvTKpc%2FHu%2Bd2KGTSVt0Rg%3D%3D,1 month ago,2026-07-26,Mid-Senior level,"₹500,000.00
            -
            ₹3,500,000.00","Machine Learning, TensorFlow, PyTorch, Pandas, Scikit-learn, AWS, Azure, GCP, Spark, Databricks",Full-time,500000.0,3500000.0
Analyst - Data Scientist,United Airlines India Knowledge Center,"Gurugram, Haryana, India",https://in.linkedin.com/jobs/view/analyst-data-scientist-at-united-airlines-india-knowledge-center-4450731636?position=47&pageNum=0&refId=OLB1k8yVwEvdoL6PBLB7Qg%3D%3D&trackingId=%2BmILjyXbjBkQiVlNcMnBeg%3D%3D,2 weeks ago,2026-08-07,Entry level,"₹1,200,000.00
            -
            ₹1,800,000.00","Python, SQL, Machine Learning, Artificial Intelligence, AWS, Azure, GCP, Git",Full-time,1200000.0,1800000.0
Digital Manager,EY,"Kolkata, West Bengal, India",https://in.linkedin.com/jobs/view/digital-manager-at-ey-4456528091?position=48&pageNum=0&refId=OLB1k8yVwEvdoL6PBLB7Qg%3D%3D&trackingId=c45oNw2XniA4opATVVMzxA%3D%3D,1 day ago,2026-08-24,Mid-Senior level,,"Python, SQL, Machine Learning, Deep Learning, Azure, Docker, Kubernetes",Full-time,,
Senior Data Scientist (5 to 8 Years),Fractal,"Bengaluru, Karnataka, India",https://in.linkedin.com/jobs/view/senior-data-scientist-5-to-8-years-at-fractal-4389546678?position=49&pageNum=0&refId=OLB1k8yVwEvdoL6PBLB7Qg%3D%3D&trackingId=kflHVkO7WbU3jq9D93VVbw%3D%3D,1 week ago,2026-08-14,Mid-Senior level,,"Python, R, Machine Learning, Azure, GCP, Spark, Databricks",Full-time,,
Product Specialist,Bajaj Finserv,"Pune Division, Maharashtra, India",https://in.linkedin.com/jobs/view/product-specialist-at-bajaj-finserv-4420472918?position=50&pageNum=0&refId=OLB1k8yVwEvdoL6PBLB7Qg%3D%3D&trackingId=wV1yB6AeSNbzP6QIXDwuVQ%3D%3D,2 months ago,2026-05-28,Associate,,"Python, SQL, TensorFlow, PyTorch, Pandas, Spark, MongoDB, Git",Full-time,,
Data Scientist 10+yrs,IQLEXA Technologies,"Pune Division, Maharashtra, India",https://in.linkedin.com/jobs/view/data-scientist-10%2Byrs-at-iqlexa-technologies-4454168982?position=51&pageNum=0&refId=OLB1k8yVwEvdoL6PBLB7Qg%3D%3D&trackingId=ZeNGXYQ5zgVb53rD9amOiw%3D%3D,5 days ago,2026-08-21,Entry level,,"Python, SQL, Machine Learning, Deep Learning, NLP, TensorFlow, PyTorch, Pandas, NumPy, Scikit-learn, AWS, Azure, GCP, Spark",Full-time,,
Data Scientist,EXL,"Pune Division, Maharashtra, India",https://in.linkedin.com/jobs/view/data-scientist-at-exl-4446724288?position=52&pageNum=0&refId=OLB1k8yVwEvdoL6PBLB7Qg%3D%3D&trackingId=rg7C1Nc%2B%2BqUhJ7MnlPxaNg%3D%3D,5 days ago,2026-08-20,Mid-Senior level,"₹1,000,000.00
            -
            ₹1,200,000.00","Python, SQL, Machine Learning, Deep Learning, NLP, Pandas, NumPy, Scikit-learn, AWS, Azure, Spark, Databricks",Full-time,1000000.0,1200000.0
Straviso - Data Scientist - Artificial Intelligence/Machine Learning,StraViso,Greater Kolkata Area,https://in.linkedin.com/jobs/view/straviso-data-scientist-artificial-intelligence-machine-learning-at-straviso-4438549287?position=53&pageNum=0&refId=OLB1k8yVwEvdoL6PBLB7Qg%3D%3D&trackingId=80VzVjZdA9aGglHatSGWyw%3D%3D,1 month ago,2026-07-09,Mid-Senior level,,"Python, SQL, Machine Learning, Deep Learning, Artificial Intelligence, NLP, TensorFlow, PyTorch, Hugging Face, Scikit-learn, AWS, Azure, GCP, Docker, Kubernetes, Git",Full-time,,
Principal Data Scientist - Digital Health,Alcon,"Bengaluru, Karnataka, India",https://in.linkedin.com/jobs/view/principal-data-scientist-digital-health-at-alcon-4450090718?position=54&pageNum=0&refId=OLB1k8yVwEvdoL6PBLB7Qg%3D%3D&trackingId=NHXth42jFLLJ78Zuo%2B6o8g%3D%3D,2 weeks ago,2026-08-07,Mid-Senior level,,"Python, SQL, Deep Learning, AWS, Azure, GCP",Full-time,,
Sr Data Scientist,HERE Technologies,Mumbai Metropolitan Region,https://in.linkedin.com/jobs/view/sr-data-scientist-at-here-technologies-4442723388?position=55&pageNum=0&refId=OLB1k8yVwEvdoL6PBLB7Qg%3D%3D&trackingId=f3SZ3DaFnw%2F9zG1%2BXFhu6Q%3D%3D,2 weeks ago,2026-08-11,Mid-Senior level,"$60.00
            -
            $65.00","Python, SQL, R, Machine Learning, Deep Learning, Spark",Full-time,60.0,65.0
"Data Scientist – AI, Machine Learning & Analytics",CodeClouds,Greater Kolkata Area,https://in.linkedin.com/jobs/view/data-scientist-%E2%80%93-ai-machine-learning-analytics-at-codeclouds-4435630109?position=56&pageNum=0&refId=OLB1k8yVwEvdoL6PBLB7Qg%3D%3D&trackingId=JEKJ0KdTEMA3mNcNneTsMQ%3D%3D,2 months ago,2026-06-14,Mid-Senior level,,"Machine Learning, Deep Learning",Full-time,,
Lead Data Scientist,Accenture in India,"Kochi, Kerala, India",https://in.linkedin.com/jobs/view/lead-data-scientist-at-accenture-in-india-4448345079?position=57&pageNum=0&refId=OLB1k8yVwEvdoL6PBLB7Qg%3D%3D&trackingId=ULhSVvj2eyJWmRYXubR7cQ%3D%3D,23 hours ago,2026-08-25,Mid-Senior level,"₹1,000,000.00
            -
            ₹3,000,000.00","Python, SQL, R, Machine Learning, TensorFlow, PyTorch, Scikit-learn, AWS, Azure, GCP, Git",Full-time,1000000.0,3000000.0
Senior Data Scientist,UsefulBI Corporation,"Bengaluru, Karnataka, India",https://in.linkedin.com/jobs/view/senior-data-scientist-at-usefulbi-corporation-4448171986?position=58&pageNum=0&refId=OLB1k8yVwEvdoL6PBLB7Qg%3D%3D&trackingId=65amtBxBFI0Am%2F5cgpJrwQ%3D%3D,3 weeks ago,2026-08-03,Mid-Senior level,,"Python, SQL, NLP, TensorFlow, PyTorch, Hugging Face, Pandas, NumPy, Scikit-learn, AWS, Azure, GCP, Docker, Git",Full-time,,
"Data Scientist II , Ultra",Affle,"Gurugram, Haryana, India",https://in.linkedin.com/jobs/view/data-scientist-ii-ultra-at-affle-4450139004?position=59&pageNum=0&refId=OLB1k8yVwEvdoL6PBLB7Qg%3D%3D&trackingId=zZVIJhx1Xd9RTEBbQhA4rA%3D%3D,1 month ago,2026-07-18,Mid-Senior level,"₹1,200,000.00
            -
            ₹1,800,000.00","Python, SQL, Machine Learning, GCP",Full-time,1200000.0,1800000.0
Affle India - Data Scientist II,Affle,"Gurugram, Haryana, India",https://in.linkedin.com/jobs/view/affle-india-data-scientist-ii-at-affle-4425952117?position=60&pageNum=0&refId=OLB1k8yVwEvdoL6PBLB7Qg%3D%3D&trackingId=wojt0vQUnbg3Ihnhi9OQLQ%3D%3D,2 months ago,2026-06-09,Mid-Senior level,"₹1,200,000.00
            -
            ₹1,800,000.00","Python, SQL, Machine Learning, GCP",Full-time,1200000.0,1800000.0
Data Scientist-Artificial Intelligence,IBM,"Kochi, Kerala, India",https://in.linkedin.com/jobs/view/data-scientist-artificial-intelligence-at-ibm-4446241710?position=1&pageNum=0&refId=I3bqPSYc%2BdbHpyUH%2FoISgw%3D%3D&trackingId=xKAyCt5CaWhqEFSodXTCzQ%3D%3D,18 hours ago,2026-08-25,,,,,,
Senior Data Scientist - I,MetLife,"Pune Division, Maharashtra, India",https://in.linkedin.com/jobs/view/senior-data-scientist-i-at-metlife-4455731862?position=2&pageNum=0&refId=I3bqPSYc%2BdbHpyUH%2FoISgw%3D%3D&trackingId=HnhkEy5QhXaZ0IT52q7bkA%3D%3D,22 hours ago,2026-08-25,Mid-Senior level,,"Python, Machine Learning, NLP, TensorFlow, PyTorch, Scikit-learn, Azure",Full-time,,
Senior Data Scientist,SourcingXPress,"Gurgaon, Haryana, India",https://in.linkedin.com/jobs/view/senior-data-scientist-at-sourcingxpress-4384572454?position=3&pageNum=0&refId=I3bqPSYc%2BdbHpyUH%2FoISgw%3D%3D&trackingId=jE22bM0YoGB%2Fwk%2Ftp1Ad6g%3D%3D,5 months ago,2026-03-16,Mid-Senior level,"Base pay range ₹2,000,000.00/yr - ₹4,000,000.00/yr","Python, Machine Learning, Deep Learning, AWS, Azure, GCP, Databricks",Full-time,2000000.0,4000000.0
Sr Advanced Data Scientist,Honeywell Technologies,"Pune Division, Maharashtra, India",https://in.linkedin.com/jobs/view/sr-advanced-data-scientist-at-honeywell-technologies-4445700716?position=4&pageNum=0&refId=I3bqPSYc%2BdbHpyUH%2FoISgw%3D%3D&trackingId=Fk%2FZs5q9D3rharvDzpUzCw%3D%3D,1 week ago,2026-08-18,Mid-Senior level,,"Python, R, Machine Learning, Azure, Databricks",Full-time,,
Senior Data Scientist I,MetLife,"Pune Division, Maharashtra, India",https://in.linkedin.com/jobs/view/senior-data-scientist-i-at-metlife-4446306265?position=5&pageNum=0&refId=I3bqPSYc%2BdbHpyUH%2FoISgw%3D%3D&trackingId=lYTUqCHKeLDjyPixyvb9XQ%3D%3D,3 weeks ago,2026-08-03,Mid-Senior level,,"Python, Machine Learning, NLP, TensorFlow, PyTorch, Scikit-learn, Azure",Full-time,,
Senior Data Scientist,Amplify Health,"Gurugram, Haryana, India",https://in.linkedin.com/jobs/view/senior-data-scientist-at-amplify-health-4445437035?position=6&pageNum=0&refId=I3bqPSYc%2BdbHpyUH%2FoISgw%3D%3D&trackingId=Y6J3S%2BJLzvcDOBBCiU6W2Q%3D%3D,4 weeks ago,2026-07-28,Mid-Senior level,"₹2,000,000.00
            -
            ₹4,000,000.00","Python, SQL, Machine Learning, Deep Learning, NLP, TensorFlow, PyTorch, Hugging Face, Scikit-learn, Azure, Docker, Kubernetes, Databricks",Full-time,2000000.0,4000000.0
Senior Data Scientist,SEI,Greater Hyderabad Area,https://in.linkedin.com/jobs/view/senior-data-scientist-at-sei-4407866688?position=7&pageNum=0&refId=I3bqPSYc%2BdbHpyUH%2FoISgw%3D%3D&trackingId=49%2B4xQQzLXJiB2RYJfn5wg%3D%3D,1 week ago,2026-08-14,Mid-Senior level,"₹4,000,000.00
            -
            ₹5,500,000.00","Python, SQL, R, Machine Learning, Artificial Intelligence, TensorFlow, PyTorch, Pandas, Scikit-learn, Matplotlib, Power BI, Tableau, AWS, Azure, GCP, Docker, Kubernetes, Spark",Full-time,4000000.0,5500000.0
Lead Data Scientist,AtkinsRéalis,"Gurgaon, Haryana, India",https://in.linkedin.com/jobs/view/lead-data-scientist-at-atkinsr%C3%A9alis-4446571831?position=8&pageNum=0&refId=I3bqPSYc%2BdbHpyUH%2FoISgw%3D%3D&trackingId=k2gxLubXsxN%2F8JjrN6%2BX%2Fg%3D%3D,3 weeks ago,2026-08-04,Mid-Senior level,"₹1,000,000.00
            -
            ₹3,000,000.00","Python, Machine Learning, Deep Learning, TensorFlow, PyTorch, Hugging Face, Azure",Full-time,1000000.0,3000000.0
Data Scientist - Machine Learning,United Airlines India Knowledge Center,"Gurugram, Haryana, India",https://in.linkedin.com/jobs/view/data-scientist-machine-learning-at-united-airlines-india-knowledge-center-4457838253?position=9&pageNum=0&refId=I3bqPSYc%2BdbHpyUH%2FoISgw%3D%3D&trackingId=k58yXtTjTmZ%2FgDFiRDMzLg%3D%3D,3 days ago,2026-08-22,Mid-Senior level,"₹1,200,000.00
            -
            ₹1,800,000.00","Python, SQL, Machine Learning, Artificial Intelligence, Git",Full-time,1200000.0,1800000.0
Lead Data Scientist- Gen AI-ML- Vice president,Citi,"Chennai, Tamil Nadu, India",https://in.linkedin.com/jobs/view/lead-data-scientist-gen-ai-ml-vice-president-at-citi-4446423940?position=10&pageNum=0&refId=I3bqPSYc%2BdbHpyUH%2FoISgw%3D%3D&trackingId=rcYW4%2FFX2N4csFRG1ntpVw%3D%3D,5 days ago,2026-08-20,Not Applicable,,"Python, SQL, Machine Learning, NLP, TensorFlow, PyTorch, Pandas, NumPy, Scikit-learn, Matplotlib, Power BI, Tableau, Git",Full-time,,
Sr Advanced Data Scientist,Honeywell Technologies,"Delhi, India",https://in.linkedin.com/jobs/view/sr-advanced-data-scientist-at-honeywell-technologies-4445717520?position=11&pageNum=0&refId=I3bqPSYc%2BdbHpyUH%2FoISgw%3D%3D&trackingId=vh1TJqGo4eNnVZAizh5LJg%3D%3D,1 week ago,2026-08-18,Mid-Senior level,"₹2,000,000.00
            -
            ₹4,000,000.00","Python, R, Machine Learning, Azure, Databricks",Full-time,2000000.0,4000000.0
Data Scientist,Thales,"Noida, Uttar Pradesh, India",https://in.linkedin.com/jobs/view/data-scientist-at-thales-4417326819?position=12&pageNum=0&refId=I3bqPSYc%2BdbHpyUH%2FoISgw%3D%3D&trackingId=KCsIlZn06zFgi%2FbPvrelzg%3D%3D,1 week ago,2026-08-15,Not Applicable,"₹1,200,000.00
            -
            ₹1,800,000.00","Python, SQL, Machine Learning, Artificial Intelligence, GCP, Databricks",Full-time,1200000.0,1800000.0
AI/ML Data Science / Gen AI / MLOps,Cognizant,"Chennai, Tamil Nadu, India",https://in.linkedin.com/jobs/view/ai-ml-data-science-gen-ai-mlops-at-cognizant-4447622047?position=13&pageNum=0&refId=I3bqPSYc%2BdbHpyUH%2FoISgw%3D%3D&trackingId=MhczvCK00P34Mzu31m9mzw%3D%3D,2 days ago,2026-08-23,Mid-Senior level,"₹1,500,000.00
            -
            ₹2,500,000.00","Python, Machine Learning, TensorFlow, PyTorch, Azure, Docker, Kubernetes",Full-time,1500000.0,2500000.0
Machine Learning Engineer,Simplify Healthcare,"Pune Division, Maharashtra, India",https://in.linkedin.com/jobs/view/machine-learning-engineer-at-simplify-healthcare-4455251418?position=14&pageNum=0&refId=I3bqPSYc%2BdbHpyUH%2FoISgw%3D%3D&trackingId=L6B00bWV6LPUFaoWwiXK6w%3D%3D,1 week ago,2026-08-17,Mid-Senior level,,"Python, SQL, AWS, Azure, GCP, Spark, Databricks",Full-time,,
Senior Data Scientist,"InvoiceCloud, Inc.","Hyderabad, Telangana, India",https://in.linkedin.com/jobs/view/senior-data-scientist-at-invoicecloud-inc-4419691849?position=15&pageNum=0&refId=I3bqPSYc%2BdbHpyUH%2FoISgw%3D%3D&trackingId=1n%2Bm6wR2655XeqWV6ZtzHw%3D%3D,2 weeks ago,2026-08-05,Mid-Senior level,"₹4,000,000.00
            -
            ₹5,500,000.00","Python, SQL, Machine Learning, Deep Learning, TensorFlow, PyTorch, Pandas, NumPy, Scikit-learn, AWS, Azure, GCP, Docker, Kubernetes, Databricks, Git",Full-time,4000000.0,5500000.0
Principal Data Scientist,Atlassian,Greater Kolkata Area,https://in.linkedin.com/jobs/view/principal-data-scientist-at-atlassian-4454857134?position=16&pageNum=0&refId=I3bqPSYc%2BdbHpyUH%2FoISgw%3D%3D&trackingId=VdDOTyA8bKVy0tnwgNNoWQ%3D%3D,1 week ago,2026-08-15,Mid-Senior level,,"Python, SQL, R, Machine Learning, Pandas, NumPy, Scikit-learn, Matplotlib, Tableau",Full-time,,
Data Scientist I,Kroll,"Hyderabad, Telangana, India",https://in.linkedin.com/jobs/view/data-scientist-i-at-kroll-4453474215?position=17&pageNum=0&refId=I3bqPSYc%2BdbHpyUH%2FoISgw%3D%3D&trackingId=zc9iWiLUYKBFugKdlKlESQ%3D%3D,6 days ago,2026-08-19,Entry level,"₹1,000,000.00
            -
            ₹3,000,000.00","Python, Machine Learning, Deep Learning, NLP, TensorFlow, PyTorch, Hugging Face, Pandas, NumPy, Scikit-learn, AWS, Azure, GCP, Spark, Databricks",Full-time,1000000.0,3000000.0
Data Scientist + Databricks AI/ML - Sr Architect,Birlasoft,Pune/Pimpri-Chinchwad Area,https://in.linkedin.com/jobs/view/data-scientist-%2B-databricks-ai-ml-sr-architect-at-birlasoft-4453578053?position=18&pageNum=0&refId=I3bqPSYc%2BdbHpyUH%2FoISgw%3D%3D&trackingId=%2FWCyDqWuhwgOOvlNjdWCtQ%3D%3D,1 week ago,2026-08-14,Mid-Senior level,,"Python, SQL, NLP, TensorFlow, PyTorch, Scikit-learn, Power BI, Tableau, AWS, Azure, GCP, Databricks",Full-time,,
Senior Principal Data Scientist,AtkinsRéalis,"Bengaluru East, Karnataka, India",https://in.linkedin.com/jobs/view/senior-principal-data-scientist-at-atkinsr%C3%A9alis-4394640162?position=19&pageNum=0&refId=I3bqPSYc%2BdbHpyUH%2FoISgw%3D%3D&trackingId=wzydiPGgvPo4xhnGatqutg%3D%3D,4 months ago,2026-04-07,,,,,,
Data Science and AIML Lead - AITDS,Cognizant,"Hyderabad, Telangana, India",https://in.linkedin.com/jobs/view/data-science-and-aiml-lead-aitds-at-cognizant-4414475083?position=20&pageNum=0&refId=I3bqPSYc%2BdbHpyUH%2FoISgw%3D%3D&trackingId=NSA11z%2B6mY0o7sGBoLJmAw%3D%3D,2 weeks ago,2026-08-08,Mid-Senior level,,"Python, Machine Learning, TensorFlow, PyTorch, Scikit-learn, AWS, Azure, GCP",Full-time,,
Straviso - Senior Data Scientist - Machine Learning,StraViso,Greater Kolkata Area,https://in.linkedin.com/jobs/view/straviso-senior-data-scientist-machine-learning-at-straviso-4438548274?position=21&pageNum=0&refId=I3bqPSYc%2BdbHpyUH%2FoISgw%3D%3D&trackingId=89ggU4Q%2B8mlBICwCPbslNQ%3D%3D,1 month ago,2026-07-09,,,,,,
Data Scientist I,Kroll,"New Delhi, Delhi, India",https://in.linkedin.com/jobs/view/data-scientist-i-at-kroll-4453471229?position=22&pageNum=0&refId=I3bqPSYc%2BdbHpyUH%2FoISgw%3D%3D&trackingId=FRZWvnFkja6XNiTtcydTfw%3D%3D,6 days ago,2026-08-19,,,,,,
Data Scientist,Avahi,"Pune Division, Maharashtra, India",https://in.linkedin.com/jobs/view/data-scientist-at-avahi-4436347282?position=23&pageNum=0&refId=I3bqPSYc%2BdbHpyUH%2FoISgw%3D%3D&trackingId=G5Dcrp9%2F1%2FW2KY3wlHrjQQ%3D%3D,1 week ago,2026-08-15,Mid-Senior level,,"Python, PyTorch, AWS",Full-time,,
Data Scientist – Mortgage Analytics & AI,loanDNA,"Chennai, Tamil Nadu, India",https://in.linkedin.com/jobs/view/data-scientist-%E2%80%93-mortgage-analytics-ai-at-loandna-4453688615?position=24&pageNum=0&refId=I3bqPSYc%2BdbHpyUH%2FoISgw%3D%3D&trackingId=GvNhM2nDJqL3TuTtoFofTg%3D%3D,1 week ago,2026-08-13,Mid-Senior level,"₹1,000,000.00
            -
            ₹3,000,000.00","Python, SQL, Machine Learning, Deep Learning, TensorFlow, PyTorch, Pandas, NumPy, Scikit-learn, AWS, Azure, Docker, Kubernetes, Databricks, Git",Full-time,1000000.0,3000000.0
Staff Data Scientist,Stryker,"Gurugram, Haryana, India",https://in.linkedin.com/jobs/view/staff-data-scientist-at-stryker-4436215738?position=25&pageNum=0&refId=I3bqPSYc%2BdbHpyUH%2FoISgw%3D%3D&trackingId=26vDdQToLrM%2FYxHl11JCPw%3D%3D,1 month ago,2026-07-07,Associate,"₹12.00
            -
            ₹25.00","Python, SQL, Machine Learning, NLP, Power BI, Azure, Spark, Databricks, Git",Full-time,12.0,25.0
Predictive Analytics Data Scientist-AI Labs,Adani Enterprises Limited,"Ahmedabad, Gujarat, India",https://in.linkedin.com/jobs/view/predictive-analytics-data-scientist-ai-labs-at-adani-enterprises-limited-4427055522?position=26&pageNum=0&refId=I3bqPSYc%2BdbHpyUH%2FoISgw%3D%3D&trackingId=qds5y8Ogu0svjCSp2Yl6OA%3D%3D,1 week ago,2026-08-14,Entry level,"₹800,000.00
            -
            ₹1,200,000.00","Machine Learning, Deep Learning, Artificial Intelligence, AWS, Azure, GCP, Docker, Kubernetes",Full-time,800000.0,1200000.0
Lead Data Scientist,Gartner,"Gurgaon, Haryana, India",https://in.linkedin.com/jobs/view/lead-data-scientist-at-gartner-4446434435?position=27&pageNum=0&refId=I3bqPSYc%2BdbHpyUH%2FoISgw%3D%3D&trackingId=ki6zZZZAjOR0piJxYXYvWw%3D%3D,6 days ago,2026-08-20,Not Applicable,"₹1,000,000.00
            -
            ₹3,000,000.00","Python, SQL, Machine Learning, Deep Learning, Artificial Intelligence, NLP, TensorFlow, PyTorch, Pandas, NumPy, Scikit-learn, Power BI, AWS, Azure, GCP, Spark, Databricks",Full-time,1000000.0,3000000.0
"Lead, Data Scientist",Bain & Company,"Gurugram, Haryana, India",https://in.linkedin.com/jobs/view/lead-data-scientist-at-bain-company-4440907806?position=28&pageNum=0&refId=I3bqPSYc%2BdbHpyUH%2FoISgw%3D%3D&trackingId=wvxN9ssRIWh4FVc3vEBcUw%3D%3D,2 weeks ago,2026-08-09,Not Applicable,"₹1,000,000.00
            -
            ₹3,000,000.00","Python, SQL, Machine Learning, Deep Learning, Artificial Intelligence, NLP, AWS, Azure, GCP, Docker, Spark, MongoDB, PostgreSQL",Full-time,1000000.0,3000000.0
Senior Data Scientist,"FourKites, Inc.",Greater Chennai Area,https://in.linkedin.com/jobs/view/senior-data-scientist-at-fourkites-inc-4458585972?position=29&pageNum=0&refId=I3bqPSYc%2BdbHpyUH%2FoISgw%3D%3D&trackingId=2QST1d%2Be9%2Fm4Tir%2BazZRZQ%3D%3D,1 day ago,2026-08-25,Mid-Senior level,,"Python, SQL, Machine Learning, NLP, Pandas, Scikit-learn, AWS",Full-time,,
Data Scientist-Artificial Intelligence,IBM,"Pune Division, Maharashtra, India",https://in.linkedin.com/jobs/view/data-scientist-artificial-intelligence-at-ibm-4446243677?position=30&pageNum=0&refId=I3bqPSYc%2BdbHpyUH%2FoISgw%3D%3D&trackingId=KO5NXI3yGBRLwrund1Li5A%3D%3D,19 hours ago,2026-08-25,Mid-Senior level,"₹1,000,000.00
            -
            ₹1,200,000.00","Python, SQL, Machine Learning, Artificial Intelligence, NLP, TensorFlow, PyTorch, Keras, Hugging Face, Pandas, Matplotlib, AWS, Azure, GCP, Kubernetes, MongoDB",Full-time,1000000.0,1200000.0
Lead Data Scientist,XCaliber Health,"Bengaluru East, Karnataka, India",https://in.linkedin.com/jobs/view/lead-data-scientist-at-xcaliber-health-4434281766?position=31&pageNum=0&refId=I3bqPSYc%2BdbHpyUH%2FoISgw%3D%3D&trackingId=4NEWa95gb1fXpDh9ncUepg%3D%3D,1 month ago,2026-06-28,Mid-Senior level,,"Python, Machine Learning, NLP",Full-time,,
Principal Data Scientist,JAGGAER,Greater Hyderabad Area,https://in.linkedin.com/jobs/view/principal-data-scientist-at-jaggaer-4451521110?position=32&pageNum=0&refId=I3bqPSYc%2BdbHpyUH%2FoISgw%3D%3D&trackingId=lUgGf6jCe1qrn0u0P17T%2Fw%3D%3D,2 weeks ago,2026-08-10,Mid-Senior level,,"Python, SQL, R, TensorFlow, PyTorch, Pandas, Scikit-learn, Tableau, AWS, Azure, GCP, Docker, Kubernetes, Git",Full-time,,
Senior Data Scientist,Sonatype,"Hyderabad, Telangana, India",https://in.linkedin.com/jobs/view/senior-data-scientist-at-sonatype-4448280537?position=33&pageNum=0&refId=I3bqPSYc%2BdbHpyUH%2FoISgw%3D%3D&trackingId=xe3y8r2cKHas0AuQgA9zKw%3D%3D,1 day ago,2026-08-25,Associate,"₹4,000,000.00
            -
            ₹5,500,000.00","Python, Java, Machine Learning, Deep Learning, Artificial Intelligence, TensorFlow, PyTorch, Scikit-learn, AWS, Databricks, Git",Full-time,4000000.0,5500000.0
Senior Data Scientist,Skan AI,"Bengaluru, Karnataka, India",https://in.linkedin.com/jobs/view/senior-data-scientist-at-skan-ai-4456247269?position=34&pageNum=0&refId=I3bqPSYc%2BdbHpyUH%2FoISgw%3D%3D&trackingId=QB%2F4agm5ob3H4E1yGacqoQ%3D%3D,4 days ago,2026-08-21,Mid-Senior level,,"Python, Deep Learning, NLP, Spark, Databricks",Full-time,,
Senior Data Scientist,Aligned Automation,"Pune Division, Maharashtra, India",https://in.linkedin.com/jobs/view/senior-data-scientist-at-aligned-automation-4454272168?position=35&pageNum=0&refId=I3bqPSYc%2BdbHpyUH%2FoISgw%3D%3D&trackingId=%2FOjl5Vp6q%2BCB2xvlyHVajg%3D%3D,1 week ago,2026-08-13,Mid-Senior level,,"Python, Machine Learning, TensorFlow, PyTorch, Pandas, Scikit-learn",Full-time,,
Senior Data Scientist,SourcingXPress,"Hyderabad, Telangana, India",https://in.linkedin.com/jobs/view/senior-data-scientist-at-sourcingxpress-4377843079?position=36&pageNum=0&refId=I3bqPSYc%2BdbHpyUH%2FoISgw%3D%3D&trackingId=991cRBmR9y8xSJK1fBH1zw%3D%3D,5 months ago,2026-02-27,Mid-Senior level,"Base pay range ₹3,500,000.00/yr - ₹5,000,000.00/yr","Python, SQL, Machine Learning, AWS, Azure, GCP, Docker, Spark",Full-time,3500000.0,5000000.0
Senior Data Scientist,CitiusTech,"Hyderabad, Telangana, India",https://in.linkedin.com/jobs/view/senior-data-scientist-at-citiustech-4447280305?position=37&pageNum=0&refId=I3bqPSYc%2BdbHpyUH%2FoISgw%3D%3D&trackingId=TtSJTpaUebvPMtG2%2BHkAcA%3D%3D,3 weeks ago,2026-07-31,Mid-Senior level,"₹4,000,000.00
            -
            ₹5,500,000.00","Python, SQL, Machine Learning, NLP, TensorFlow, PyTorch, Scikit-learn, Power BI, Tableau, Azure, Databricks",Full-time,4000000.0,5500000.0
Staff Data Scientist – Healthcare,Anblicks,"Hyderabad, Telangana, India",https://in.linkedin.com/jobs/view/staff-data-scientist-%E2%80%93-healthcare-at-anblicks-4425796423?position=38&pageNum=0&refId=I3bqPSYc%2BdbHpyUH%2FoISgw%3D%3D&trackingId=RnUSivaK6BhBr666toBozg%3D%3D,2 months ago,2026-06-15,Mid-Senior level,,"Python, R, Machine Learning, Deep Learning, AWS, Docker, Kubernetes, Spark, Databricks",Full-time,,
Machine Learning-AI and Data Science Engineer III,Deloitte,"Chennai, Tamil Nadu, India",https://in.linkedin.com/jobs/view/machine-learning-ai-and-data-science-engineer-iii-at-deloitte-4425095675?position=39&pageNum=0&refId=I3bqPSYc%2BdbHpyUH%2FoISgw%3D%3D&trackingId=WvwxDdI9hrm7xzGW3ZB7LQ%3D%3D,1 week ago,2026-08-15,Not Applicable,,"Python, SQL, Machine Learning, Artificial Intelligence, Pandas, NumPy, Scikit-learn, Tableau, AWS, Azure, GCP, Docker, Databricks, Git",Full-time,,
Senior Data Scientist,Cognite,"Bengaluru, Karnataka, India",https://in.linkedin.com/jobs/view/senior-data-scientist-at-cognite-4446547646?position=40&pageNum=0&refId=I3bqPSYc%2BdbHpyUH%2FoISgw%3D%3D&trackingId=bOXqnU8uU5JUcW4binGJcA%3D%3D,6 days ago,2026-08-19,Mid-Senior level,,"Python, SQL, Machine Learning, AWS, Azure, GCP, Git",Full-time,,
Machine Learning-Lead AI and Data Science Engineer II,Deloitte,"Chennai, Tamil Nadu, India",https://in.linkedin.com/jobs/view/machine-learning-lead-ai-and-data-science-engineer-ii-at-deloitte-4440237541?position=41&pageNum=0&refId=I3bqPSYc%2BdbHpyUH%2FoISgw%3D%3D&trackingId=HQ9kDn6CUNqI0rVUHsDOqg%3D%3D,2 weeks ago,2026-08-06,Not Applicable,,"Python, SQL, Deep Learning, NLP, TensorFlow, PyTorch, Keras, AWS, Azure, GCP, Docker, Git",Full-time,,
Machine Learning Engineer/Data Engineer,Adient,"Pune City, Maharashtra, India",https://in.linkedin.com/jobs/view/machine-learning-engineer-data-engineer-at-adient-4411506846?position=42&pageNum=0&refId=I3bqPSYc%2BdbHpyUH%2FoISgw%3D%3D&trackingId=Bbmeva49JTl%2BtoffqE%2B9fQ%3D%3D,3 months ago,2026-05-14,Mid-Senior level,"₹1,500,000.00
            -
            ₹2,500,000.00","Python, SQL, Machine Learning, Pandas, NumPy, Scikit-learn, Matplotlib, Azure",Full-time,1500000.0,2500000.0
Data Scientist III,Navi,"Bangalore Urban, Karnataka, India",https://in.linkedin.com/jobs/view/data-scientist-iii-at-navi-4448539970?position=43&pageNum=0&refId=I3bqPSYc%2BdbHpyUH%2FoISgw%3D%3D&trackingId=46AkKul%2BnTTkXpA%2Bre3%2Bvg%3D%3D,3 weeks ago,2026-08-04,Mid-Senior level,,"Python, Machine Learning, Deep Learning, TensorFlow, Keras, Scikit-learn",Full-time,,
Senior Lead Data Scientist,4flow,"Bengaluru, Karnataka, India",https://in.linkedin.com/jobs/view/senior-lead-data-scientist-at-4flow-4443937418?position=44&pageNum=0&refId=I3bqPSYc%2BdbHpyUH%2FoISgw%3D%3D&trackingId=dvzew%2BdpCiCGLlpJMmGbgA%3D%3D,1 week ago,2026-08-13,Mid-Senior level,,Machine Learning,Full-time,,
Lead Data scientist,Philips,"Bengaluru, Karnataka, India",https://in.linkedin.com/jobs/view/lead-data-scientist-at-philips-4448528032?position=45&pageNum=0&refId=I3bqPSYc%2BdbHpyUH%2FoISgw%3D%3D&trackingId=D5KqDxapiQYy4jiwwe8zmw%3D%3D,1 hour ago,2026-08-26,Mid-Senior level,,"Python, SQL, Machine Learning, Deep Learning, NLP, TensorFlow, PyTorch, AWS, Azure",Full-time,,
DataNimbus - ML Architect - Data Science,DataNimbus,Greater Kolkata Area,https://in.linkedin.com/jobs/view/datanimbus-ml-architect-data-science-at-datanimbus-4445358620?position=46&pageNum=0&refId=I3bqPSYc%2BdbHpyUH%2FoISgw%3D%3D&trackingId=%2B795yFSllA3s4oxKM6payw%3D%3D,1 month ago,2026-07-26,Mid-Senior level,"₹500,000.00
            -
            ₹3,500,000.00","Machine Learning, TensorFlow, PyTorch, Pandas, Scikit-learn, AWS, Azure, GCP, Spark, Databricks",Full-time,500000.0,3500000.0
Analyst - Data Scientist,United Airlines India Knowledge Center,"Gurugram, Haryana, India",https://in.linkedin.com/jobs/view/analyst-data-scientist-at-united-airlines-india-knowledge-center-4450731636?position=47&pageNum=0&refId=I3bqPSYc%2BdbHpyUH%2FoISgw%3D%3D&trackingId=ohfeAnhhYQG1b9vqq9zc7Q%3D%3D,2 weeks ago,2026-08-07,Entry level,"₹1,200,000.00
            -
            ₹1,800,000.00","Python, SQL, Machine Learning, Artificial Intelligence, AWS, Azure, GCP, Git",Full-time,1200000.0,1800000.0
Digital Manager,EY,"Kolkata, West Bengal, India",https://in.linkedin.com/jobs/view/digital-manager-at-ey-4456528091?position=48&pageNum=0&refId=I3bqPSYc%2BdbHpyUH%2FoISgw%3D%3D&trackingId=%2F%2B7y2bOfLQt%2F%2BoTI%2BFb5EA%3D%3D,1 day ago,2026-08-24,Mid-Senior level,,"Python, SQL, Machine Learning, Deep Learning, Azure, Docker, Kubernetes",Full-time,,
Senior Data Scientist (5 to 8 Years),Fractal,"Bengaluru, Karnataka, India",https://in.linkedin.com/jobs/view/senior-data-scientist-5-to-8-years-at-fractal-4389546678?position=49&pageNum=0&refId=I3bqPSYc%2BdbHpyUH%2FoISgw%3D%3D&trackingId=dS2jWiBmkfYYJOrfr4z85Q%3D%3D,1 week ago,2026-08-14,Mid-Senior level,,"Python, R, Machine Learning, Azure, GCP, Spark, Databricks",Full-time,,
Product Specialist,Bajaj Finserv,"Pune Division, Maharashtra, India",https://in.linkedin.com/jobs/view/product-specialist-at-bajaj-finserv-4420472918?position=50&pageNum=0&refId=I3bqPSYc%2BdbHpyUH%2FoISgw%3D%3D&trackingId=K21UxcJ2gXxsw11kYscpDQ%3D%3D,2 months ago,2026-05-28,Associate,,"Python, SQL, TensorFlow, PyTorch, Pandas, Spark, MongoDB, Git",Full-time,,
Data Scientist 10+yrs,IQLEXA Technologies,"Pune Division, Maharashtra, India",https://in.linkedin.com/jobs/view/data-scientist-10%2Byrs-at-iqlexa-technologies-4454168982?position=51&pageNum=0&refId=I3bqPSYc%2BdbHpyUH%2FoISgw%3D%3D&trackingId=BAdku0M3KrP9UyXi6q%2B61Q%3D%3D,5 days ago,2026-08-21,Entry level,,"Python, SQL, Machine Learning, Deep Learning, NLP, TensorFlow, PyTorch, Pandas, NumPy, Scikit-learn, AWS, Azure, GCP, Spark",Full-time,,
Data Scientist,EXL,"Pune Division, Maharashtra, India",https://in.linkedin.com/jobs/view/data-scientist-at-exl-4446724288?position=52&pageNum=0&refId=I3bqPSYc%2BdbHpyUH%2FoISgw%3D%3D&trackingId=FfPm%2BTA3HPYCHnMKtOl0dA%3D%3D,5 days ago,2026-08-20,Mid-Senior level,"₹1,000,000.00
            -
            ₹1,200,000.00","Python, SQL, Machine Learning, Deep Learning, NLP, Pandas, NumPy, Scikit-learn, AWS, Azure, Spark, Databricks",Full-time,1000000.0,1200000.0
Straviso - Data Scientist - Artificial Intelligence/Machine Learning,StraViso,Greater Kolkata Area,https://in.linkedin.com/jobs/view/straviso-data-scientist-artificial-intelligence-machine-learning-at-straviso-4438549287?position=53&pageNum=0&refId=I3bqPSYc%2BdbHpyUH%2FoISgw%3D%3D&trackingId=xpMRDJfloN6JOW5ugfdFmg%3D%3D,1 month ago,2026-07-09,Mid-Senior level,,"Python, SQL, Machine Learning, Deep Learning, Artificial Intelligence, NLP, TensorFlow, PyTorch, Hugging Face, Scikit-learn, AWS, Azure, GCP, Docker, Kubernetes, Git",Full-time,,
Principal Data Scientist - Digital Health,Alcon,"Bengaluru, Karnataka, India",https://in.linkedin.com/jobs/view/principal-data-scientist-digital-health-at-alcon-4450090718?position=54&pageNum=0&refId=I3bqPSYc%2BdbHpyUH%2FoISgw%3D%3D&trackingId=3D9zXrRb3pZCCKbqzwf6kg%3D%3D,2 weeks ago,2026-08-07,Mid-Senior level,,"Python, SQL, Deep Learning, AWS, Azure, GCP",Full-time,,
Sr Data Scientist,HERE Technologies,Mumbai Metropolitan Region,https://in.linkedin.com/jobs/view/sr-data-scientist-at-here-technologies-4442723388?position=55&pageNum=0&refId=I3bqPSYc%2BdbHpyUH%2FoISgw%3D%3D&trackingId=uCUbIZI3WTIP6DtGYm%2F1tA%3D%3D,2 weeks ago,2026-08-11,Mid-Senior level,"$60.00
            -
            $65.00","Python, SQL, R, Machine Learning, Deep Learning, Spark",Full-time,60.0,65.0
"Data Scientist – AI, Machine Learning & Analytics",CodeClouds,Greater Kolkata Area,https://in.linkedin.com/jobs/view/data-scientist-%E2%80%93-ai-machine-learning-analytics-at-codeclouds-4435630109?position=56&pageNum=0&refId=I3bqPSYc%2BdbHpyUH%2FoISgw%3D%3D&trackingId=L4lWwMXC4ehemhf695A9Bg%3D%3D,2 months ago,2026-06-14,Mid-Senior level,,"Machine Learning, Deep Learning",Full-time,,
Lead Data Scientist,Accenture in India,"Kochi, Kerala, India",https://in.linkedin.com/jobs/view/lead-data-scientist-at-accenture-in-india-4448345079?position=57&pageNum=0&refId=I3bqPSYc%2BdbHpyUH%2FoISgw%3D%3D&trackingId=l5Jtqz0sZSa7sBJIoM9s8A%3D%3D,23 hours ago,2026-08-25,,,,,,
Senior Data Scientist,UsefulBI Corporation,"Bengaluru, Karnataka, India",https://in.linkedin.com/jobs/view/senior-data-scientist-at-usefulbi-corporation-4448171986?position=58&pageNum=0&refId=I3bqPSYc%2BdbHpyUH%2FoISgw%3D%3D&trackingId=kZ9Nih0H0qLZSAOiXow9rA%3D%3D,3 weeks ago,2026-08-03,Mid-Senior level,,"Python, SQL, NLP, TensorFlow, PyTorch, Hugging Face, Pandas, NumPy, Scikit-learn, AWS, Azure, GCP, Docker, Git",Full-time,,
"Data Scientist II , Ultra",Affle,"Gurugram, Haryana, India",https://in.linkedin.com/jobs/view/data-scientist-ii-ultra-at-affle-4450139004?position=59&pageNum=0&refId=I3bqPSYc%2BdbHpyUH%2FoISgw%3D%3D&trackingId=CzZV%2Fsg09FR1MzOmP6UUUA%3D%3D,1 month ago,2026-07-18,Mid-Senior level,"₹1,200,000.00
            -
            ₹1,800,000.00","Python, SQL, Machine Learning, GCP",Full-time,1200000.0,1800000.0
Affle India - Data Scientist II,Affle,"Gurugram, Haryana, India",https://in.linkedin.com/jobs/view/affle-india-data-scientist-ii-at-affle-4425952117?position=60&pageNum=0&refId=I3bqPSYc%2BdbHpyUH%2FoISgw%3D%3D&trackingId=Jky%2BDchkQo12E1fyDaO6BA%3D%3D,2 months ago,2026-06-09,Mid-Senior level,"₹1,200,000.00
            -
            ₹1,800,000.00","Python, SQL, Machine Learning, GCP",Full-time,1200000.0,1800000.0
Data Scientist-Artificial Intelligence,IBM,"Kochi, Kerala, India",https://in.linkedin.com/jobs/view/data-scientist-artificial-intelligence-at-ibm-4446241710?position=1&pageNum=0&refId=00Vvr2ITUMVDRigrOm%2FAqQ%3D%3D&trackingId=wtoRf46vAh%2B3VCnwUIKGcA%3D%3D,19 hours ago,2026-08-25,Mid-Senior level,"₹1,000,000.00
            -
            ₹3,000,000.00","Python, SQL, Machine Learning, Artificial Intelligence, NLP, TensorFlow, PyTorch, Keras, Hugging Face, Pandas, Matplotlib, AWS, Azure, GCP, Kubernetes, MongoDB",Full-time,1000000.0,3000000.0
Senior Data Scientist - I,MetLife,"Pune Division, Maharashtra, India",https://in.linkedin.com/jobs/view/senior-data-scientist-i-at-metlife-4455731862?position=2&pageNum=0&refId=00Vvr2ITUMVDRigrOm%2FAqQ%3D%3D&trackingId=ndlopdoqMDYSnTDfJJ%2FkNQ%3D%3D,22 hours ago,2026-08-25,Mid-Senior level,,"Python, Machine Learning, NLP, TensorFlow, PyTorch, Scikit-learn, Azure",Full-time,,
Senior Data Scientist,SourcingXPress,"Gurgaon, Haryana, India",https://in.linkedin.com/jobs/view/senior-data-scientist-at-sourcingxpress-4384572454?position=3&pageNum=0&refId=00Vvr2ITUMVDRigrOm%2FAqQ%3D%3D&trackingId=N%2F1flN6qLjm54pNyu461pQ%3D%3D,5 months ago,2026-03-16,Mid-Senior level,"Base pay range ₹2,000,000.00/yr - ₹4,000,000.00/yr","Python, Machine Learning, Deep Learning, AWS, Azure, GCP, Databricks",Full-time,2000000.0,4000000.0
Sr Advanced Data Scientist,Honeywell Technologies,"Pune Division, Maharashtra, India",https://in.linkedin.com/jobs/view/sr-advanced-data-scientist-at-honeywell-technologies-4445700716?position=4&pageNum=0&refId=00Vvr2ITUMVDRigrOm%2FAqQ%3D%3D&trackingId=ribRfZt3kfJiJeEMBL2vCQ%3D%3D,1 week ago,2026-08-18,Mid-Senior level,,"Python, R, Machine Learning, Azure, Databricks",Full-time,,
Senior Data Scientist I,MetLife,"Pune Division, Maharashtra, India",https://in.linkedin.com/jobs/view/senior-data-scientist-i-at-metlife-4446306265?position=5&pageNum=0&refId=00Vvr2ITUMVDRigrOm%2FAqQ%3D%3D&trackingId=UjN%2FOy0ZA41HC80hBQmb8g%3D%3D,3 weeks ago,2026-08-03,Mid-Senior level,,"Python, Machine Learning, NLP, TensorFlow, PyTorch, Scikit-learn, Azure",Full-time,,
Senior Data Scientist,Amplify Health,"Gurugram, Haryana, India",https://in.linkedin.com/jobs/view/senior-data-scientist-at-amplify-health-4445437035?position=6&pageNum=0&refId=00Vvr2ITUMVDRigrOm%2FAqQ%3D%3D&trackingId=8zznuw6p4YV068e%2F0EVgeg%3D%3D,4 weeks ago,2026-07-28,Mid-Senior level,"₹2,000,000.00
            -
            ₹4,000,000.00","Python, SQL, Machine Learning, Deep Learning, NLP, TensorFlow, PyTorch, Hugging Face, Scikit-learn, Azure, Docker, Kubernetes, Databricks",Full-time,2000000.0,4000000.0
Senior Data Scientist,SEI,Greater Hyderabad Area,https://in.linkedin.com/jobs/view/senior-data-scientist-at-sei-4407866688?position=7&pageNum=0&refId=00Vvr2ITUMVDRigrOm%2FAqQ%3D%3D&trackingId=9%2BXL4LRPPQySvChFkNMXUA%3D%3D,1 week ago,2026-08-14,Mid-Senior level,"₹4,000,000.00
            -
            ₹5,500,000.00","Python, SQL, R, Machine Learning, Artificial Intelligence, TensorFlow, PyTorch, Pandas, Scikit-learn, Matplotlib, Power BI, Tableau, AWS, Azure, GCP, Docker, Kubernetes, Spark",Full-time,4000000.0,5500000.0
Lead Data Scientist,AtkinsRéalis,"Gurgaon, Haryana, India",https://in.linkedin.com/jobs/view/lead-data-scientist-at-atkinsr%C3%A9alis-4446571831?position=8&pageNum=0&refId=00Vvr2ITUMVDRigrOm%2FAqQ%3D%3D&trackingId=Qt5p5oj%2FjFGXdb3dNSHXNQ%3D%3D,3 weeks ago,2026-08-04,Mid-Senior level,"₹1,000,000.00
            -
            ₹3,000,000.00","Python, Machine Learning, Deep Learning, TensorFlow, PyTorch, Hugging Face, Azure",Full-time,1000000.0,3000000.0
Data Scientist - Machine Learning,United Airlines India Knowledge Center,"Gurugram, Haryana, India",https://in.linkedin.com/jobs/view/data-scientist-machine-learning-at-united-airlines-india-knowledge-center-4457838253?position=9&pageNum=0&refId=00Vvr2ITUMVDRigrOm%2FAqQ%3D%3D&trackingId=AKx227XdcbvmApRlS7DvPw%3D%3D,3 days ago,2026-08-22,Mid-Senior level,"₹1,200,000.00
            -
            ₹1,800,000.00","Python, SQL, Machine Learning, Artificial Intelligence, Git",Full-time,1200000.0,1800000.0
Lead Data Scientist- Gen AI-ML- Vice president,Citi,"Chennai, Tamil Nadu, India",https://in.linkedin.com/jobs/view/lead-data-scientist-gen-ai-ml-vice-president-at-citi-4446423940?position=10&pageNum=0&refId=00Vvr2ITUMVDRigrOm%2FAqQ%3D%3D&trackingId=WyggeeJC%2BrJjwqEKDtCtKA%3D%3D,5 days ago,2026-08-20,Not Applicable,,"Python, SQL, Machine Learning, NLP, TensorFlow, PyTorch, Pandas, NumPy, Scikit-learn, Matplotlib, Power BI, Tableau, Git",Full-time,,
Sr Advanced Data Scientist,Honeywell Technologies,"Delhi, India",https://in.linkedin.com/jobs/view/sr-advanced-data-scientist-at-honeywell-technologies-4445717520?position=11&pageNum=0&refId=00Vvr2ITUMVDRigrOm%2FAqQ%3D%3D&trackingId=zzvTzCKpEJeskXaA70SEtQ%3D%3D,1 week ago,2026-08-18,Mid-Senior level,"₹2,000,000.00
            -
            ₹4,000,000.00","Python, R, Machine Learning, Azure, Databricks",Full-time,2000000.0,4000000.0
Data Scientist,Thales,"Noida, Uttar Pradesh, India",https://in.linkedin.com/jobs/view/data-scientist-at-thales-4417326819?position=12&pageNum=0&refId=00Vvr2ITUMVDRigrOm%2FAqQ%3D%3D&trackingId=3SKulFnSjw5sPn%2F5BmTVvQ%3D%3D,1 week ago,2026-08-15,Not Applicable,"₹1,200,000.00
            -
            ₹1,800,000.00","Python, SQL, Machine Learning, Artificial Intelligence, GCP, Databricks",Full-time,1200000.0,1800000.0
AI/ML Data Science / Gen AI / MLOps,Cognizant,"Chennai, Tamil Nadu, India",https://in.linkedin.com/jobs/view/ai-ml-data-science-gen-ai-mlops-at-cognizant-4447622047?position=13&pageNum=0&refId=00Vvr2ITUMVDRigrOm%2FAqQ%3D%3D&trackingId=ivszWXxsoim%2FnOrxSGI%2B6Q%3D%3D,2 days ago,2026-08-23,Mid-Senior level,"₹1,500,000.00
            -
            ₹2,500,000.00","Python, Machine Learning, TensorFlow, PyTorch, Azure, Docker, Kubernetes",Full-time,1500000.0,2500000.0
Machine Learning Engineer,Simplify Healthcare,"Pune Division, Maharashtra, India",https://in.linkedin.com/jobs/view/machine-learning-engineer-at-simplify-healthcare-4455251418?position=14&pageNum=0&refId=00Vvr2ITUMVDRigrOm%2FAqQ%3D%3D&trackingId=P3nzdajW1p8L82qEjOln4g%3D%3D,1 week ago,2026-08-17,Mid-Senior level,,"Python, SQL, AWS, Azure, GCP, Spark, Databricks",Full-time,,
Senior Data Scientist,"InvoiceCloud, Inc.","Hyderabad, Telangana, India",https://in.linkedin.com/jobs/view/senior-data-scientist-at-invoicecloud-inc-4419691849?position=15&pageNum=0&refId=00Vvr2ITUMVDRigrOm%2FAqQ%3D%3D&trackingId=rLCOcwTE49W1RKlfemou3g%3D%3D,2 weeks ago,2026-08-05,Mid-Senior level,"₹4,000,000.00
            -
            ₹5,500,000.00","Python, SQL, Machine Learning, Deep Learning, TensorFlow, PyTorch, Pandas, NumPy, Scikit-learn, AWS, Azure, GCP, Docker, Kubernetes, Databricks, Git",Full-time,4000000.0,5500000.0
Principal Data Scientist,Atlassian,Greater Kolkata Area,https://in.linkedin.com/jobs/view/principal-data-scientist-at-atlassian-4454857134?position=16&pageNum=0&refId=00Vvr2ITUMVDRigrOm%2FAqQ%3D%3D&trackingId=wxGpJZUs2Zxiwo%2FfJ17hvA%3D%3D,1 week ago,2026-08-15,Mid-Senior level,,"Python, SQL, R, Machine Learning, Pandas, NumPy, Scikit-learn, Matplotlib, Tableau",Full-time,,
Data Scientist I,Kroll,"Hyderabad, Telangana, India",https://in.linkedin.com/jobs/view/data-scientist-i-at-kroll-4453474215?position=17&pageNum=0&refId=00Vvr2ITUMVDRigrOm%2FAqQ%3D%3D&trackingId=lvAyjvTtKQ3PgsqDecwylw%3D%3D,6 days ago,2026-08-19,Entry level,"₹1,000,000.00
            -
            ₹3,000,000.00","Python, Machine Learning, Deep Learning, NLP, TensorFlow, PyTorch, Hugging Face, Pandas, NumPy, Scikit-learn, AWS, Azure, GCP, Spark, Databricks",Full-time,1000000.0,3000000.0
Data Scientist + Databricks AI/ML - Sr Architect,Birlasoft,Pune/Pimpri-Chinchwad Area,https://in.linkedin.com/jobs/view/data-scientist-%2B-databricks-ai-ml-sr-architect-at-birlasoft-4453578053?position=18&pageNum=0&refId=00Vvr2ITUMVDRigrOm%2FAqQ%3D%3D&trackingId=n64DfeLxpG6XJcDtaXq7og%3D%3D,1 week ago,2026-08-14,Mid-Senior level,,"Python, SQL, NLP, TensorFlow, PyTorch, Scikit-learn, Power BI, Tableau, AWS, Azure, GCP, Databricks",Full-time,,
Senior Principal Data Scientist,AtkinsRéalis,"Bengaluru East, Karnataka, India",https://in.linkedin.com/jobs/view/senior-principal-data-scientist-at-atkinsr%C3%A9alis-4394640162?position=19&pageNum=0&refId=00Vvr2ITUMVDRigrOm%2FAqQ%3D%3D&trackingId=D3wGX8MI%2FQ33CcLlZa3CMw%3D%3D,4 months ago,2026-04-07,Mid-Senior level,"₹5,000,000.00
            -
            ₹7,000,000.00","Python, Machine Learning, NLP, TensorFlow, PyTorch, Hugging Face, AWS, Azure",Full-time,5000000.0,7000000.0
Data Science and AIML Lead - AITDS,Cognizant,"Hyderabad, Telangana, India",https://in.linkedin.com/jobs/view/data-science-and-aiml-lead-aitds-at-cognizant-4414475083?position=20&pageNum=0&refId=00Vvr2ITUMVDRigrOm%2FAqQ%3D%3D&trackingId=scyLJmXIXeFJbX51PQZW8w%3D%3D,2 weeks ago,2026-08-08,Mid-Senior level,,"Python, Machine Learning, TensorFlow, PyTorch, Scikit-learn, AWS, Azure, GCP",Full-time,,
Straviso - Senior Data Scientist - Machine Learning,StraViso,Greater Kolkata Area,https://in.linkedin.com/jobs/view/straviso-senior-data-scientist-machine-learning-at-straviso-4438548274?position=21&pageNum=0&refId=00Vvr2ITUMVDRigrOm%2FAqQ%3D%3D&trackingId=SZ6flFVCIUNXyq23%2BfZi4Q%3D%3D,1 month ago,2026-07-09,Mid-Senior level,,"Python, SQL, Machine Learning, Deep Learning, Artificial Intelligence, NLP, TensorFlow, PyTorch, Hugging Face, Scikit-learn, AWS, Azure, GCP, Docker, Kubernetes, Spark, Git",Full-time,,
Data Scientist I,Kroll,"New Delhi, Delhi, India",https://in.linkedin.com/jobs/view/data-scientist-i-at-kroll-4453471229?position=22&pageNum=0&refId=00Vvr2ITUMVDRigrOm%2FAqQ%3D%3D&trackingId=eOi4O7lsYA1OPfVqZQV1Yg%3D%3D,6 days ago,2026-08-19,Entry level,"₹1,200,000.00
            -
            ₹1,800,000.00","Python, Machine Learning, Deep Learning, NLP, TensorFlow, PyTorch, Hugging Face, Pandas, NumPy, Scikit-learn, AWS, Azure, GCP, Spark, Databricks",Full-time,1200000.0,1800000.0
Data Scientist,Avahi,"Pune Division, Maharashtra, India",https://in.linkedin.com/jobs/view/data-scientist-at-avahi-4436347282?position=23&pageNum=0&refId=00Vvr2ITUMVDRigrOm%2FAqQ%3D%3D&trackingId=yqtScsLanjVgVZ4Z8cVC9A%3D%3D,1 week ago,2026-08-15,Mid-Senior level,,"Python, PyTorch, AWS",Full-time,,
Data Scientist – Mortgage Analytics & AI,loanDNA,"Chennai, Tamil Nadu, India",https://in.linkedin.com/jobs/view/data-scientist-%E2%80%93-mortgage-analytics-ai-at-loandna-4453688615?position=24&pageNum=0&refId=00Vvr2ITUMVDRigrOm%2FAqQ%3D%3D&trackingId=oKPQy1IgTpGsAdld6hMJ3Q%3D%3D,1 week ago,2026-08-13,Mid-Senior level,"₹1,000,000.00
            -
            ₹3,000,000.00","Python, SQL, Machine Learning, Deep Learning, TensorFlow, PyTorch, Pandas, NumPy, Scikit-learn, AWS, Azure, Docker, Kubernetes, Databricks, Git",Full-time,1000000.0,3000000.0
Staff Data Scientist,Stryker,"Gurugram, Haryana, India",https://in.linkedin.com/jobs/view/staff-data-scientist-at-stryker-4436215738?position=25&pageNum=0&refId=00Vvr2ITUMVDRigrOm%2FAqQ%3D%3D&trackingId=%2BCcq9KY0MsXKv2TQMOCnaQ%3D%3D,1 month ago,2026-07-07,Associate,"₹12.00
            -
            ₹25.00","Python, SQL, Machine Learning, NLP, Power BI, Azure, Spark, Databricks, Git",Full-time,12.0,25.0
Predictive Analytics Data Scientist-AI Labs,Adani Enterprises Limited,"Ahmedabad, Gujarat, India",https://in.linkedin.com/jobs/view/predictive-analytics-data-scientist-ai-labs-at-adani-enterprises-limited-4427055522?position=26&pageNum=0&refId=00Vvr2ITUMVDRigrOm%2FAqQ%3D%3D&trackingId=xu5T%2F49xmNQh7Fcx5fNaMA%3D%3D,1 week ago,2026-08-14,Entry level,"₹800,000.00
            -
            ₹1,200,000.00","Machine Learning, Deep Learning, Artificial Intelligence, AWS, Azure, GCP, Docker, Kubernetes",Full-time,800000.0,1200000.0
Lead Data Scientist,Gartner,"Gurgaon, Haryana, India",https://in.linkedin.com/jobs/view/lead-data-scientist-at-gartner-4446434435?position=27&pageNum=0&refId=00Vvr2ITUMVDRigrOm%2FAqQ%3D%3D&trackingId=MnT4IArysVBlUubFONUjeg%3D%3D,6 days ago,2026-08-20,Not Applicable,"₹1,000,000.00
            -
            ₹3,000,000.00","Python, SQL, Machine Learning, Deep Learning, Artificial Intelligence, NLP, TensorFlow, PyTorch, Pandas, NumPy, Scikit-learn, Power BI, AWS, Azure, GCP, Spark, Databricks",Full-time,1000000.0,3000000.0
"Lead, Data Scientist",Bain & Company,"Gurugram, Haryana, India",https://in.linkedin.com/jobs/view/lead-data-scientist-at-bain-company-4440907806?position=28&pageNum=0&refId=00Vvr2ITUMVDRigrOm%2FAqQ%3D%3D&trackingId=ZkteWcUFeVW26KBauaoMYw%3D%3D,2 weeks ago,2026-08-09,Not Applicable,"₹1,000,000.00
            -
            ₹3,000,000.00","Python, SQL, Machine Learning, Deep Learning, Artificial Intelligence, NLP, AWS, Azure, GCP, Docker, Spark, MongoDB, PostgreSQL",Full-time,1000000.0,3000000.0
Senior Data Scientist,"FourKites, Inc.",Greater Chennai Area,https://in.linkedin.com/jobs/view/senior-data-scientist-at-fourkites-inc-4458585972?position=29&pageNum=0&refId=00Vvr2ITUMVDRigrOm%2FAqQ%3D%3D&trackingId=FEwJUZS9bJAmpUkmeVVH1g%3D%3D,1 day ago,2026-08-25,Mid-Senior level,,"Python, SQL, Machine Learning, NLP, Pandas, Scikit-learn, AWS",Full-time,,
Data Scientist-Artificial Intelligence,IBM,"Pune Division, Maharashtra, India",https://in.linkedin.com/jobs/view/data-scientist-artificial-intelligence-at-ibm-4446243677?position=30&pageNum=0&refId=00Vvr2ITUMVDRigrOm%2FAqQ%3D%3D&trackingId=EL%2BDvhwiRFvqLYZRwvQqyw%3D%3D,19 hours ago,2026-08-25,Mid-Senior level,"₹1,000,000.00
            -
            ₹1,200,000.00","Python, SQL, Machine Learning, Artificial Intelligence, NLP, TensorFlow, PyTorch, Keras, Hugging Face, Pandas, Matplotlib, AWS, Azure, GCP, Kubernetes, MongoDB",Full-time,1000000.0,1200000.0
Lead Data Scientist,XCaliber Health,"Bengaluru East, Karnataka, India",https://in.linkedin.com/jobs/view/lead-data-scientist-at-xcaliber-health-4434281766?position=31&pageNum=0&refId=00Vvr2ITUMVDRigrOm%2FAqQ%3D%3D&trackingId=U5Vuc90gZfhS3%2BxUiVcRpw%3D%3D,1 month ago,2026-06-28,Mid-Senior level,,"Python, Machine Learning, NLP",Full-time,,
Principal Data Scientist,JAGGAER,Greater Hyderabad Area,https://in.linkedin.com/jobs/view/principal-data-scientist-at-jaggaer-4451521110?position=32&pageNum=0&refId=00Vvr2ITUMVDRigrOm%2FAqQ%3D%3D&trackingId=95lzU9iEbR0snOAs46BuxA%3D%3D,2 weeks ago,2026-08-10,Mid-Senior level,,"Python, SQL, R, TensorFlow, PyTorch, Pandas, Scikit-learn, Tableau, AWS, Azure, GCP, Docker, Kubernetes, Git",Full-time,,
Senior Data Scientist,Sonatype,"Hyderabad, Telangana, India",https://in.linkedin.com/jobs/view/senior-data-scientist-at-sonatype-4448280537?position=33&pageNum=0&refId=00Vvr2ITUMVDRigrOm%2FAqQ%3D%3D&trackingId=O61oKrKKRxjhQig1699sfw%3D%3D,1 day ago,2026-08-25,Associate,"₹4,000,000.00
            -
            ₹5,500,000.00","Python, Java, Machine Learning, Deep Learning, Artificial Intelligence, TensorFlow, PyTorch, Scikit-learn, AWS, Databricks, Git",Full-time,4000000.0,5500000.0
Senior Data Scientist,Skan AI,"Bengaluru, Karnataka, India",https://in.linkedin.com/jobs/view/senior-data-scientist-at-skan-ai-4456247269?position=34&pageNum=0&refId=00Vvr2ITUMVDRigrOm%2FAqQ%3D%3D&trackingId=9ZD9Z7Z3TuOCAsv0q77xbA%3D%3D,4 days ago,2026-08-21,Mid-Senior level,,"Python, Deep Learning, NLP, Spark, Databricks",Full-time,,
Senior Data Scientist,Aligned Automation,"Pune Division, Maharashtra, India",https://in.linkedin.com/jobs/view/senior-data-scientist-at-aligned-automation-4454272168?position=35&pageNum=0&refId=00Vvr2ITUMVDRigrOm%2FAqQ%3D%3D&trackingId=VOzX5Euu4jjHwMNgq73Okw%3D%3D,1 week ago,2026-08-13,Mid-Senior level,,"Python, Machine Learning, TensorFlow, PyTorch, Pandas, Scikit-learn",Full-time,,
Senior Data Scientist,SourcingXPress,"Hyderabad, Telangana, India",https://in.linkedin.com/jobs/view/senior-data-scientist-at-sourcingxpress-4377843079?position=36&pageNum=0&refId=00Vvr2ITUMVDRigrOm%2FAqQ%3D%3D&trackingId=DdHPRi1BL41MXrJ7rTF1yg%3D%3D,5 months ago,2026-02-27,Mid-Senior level,"Base pay range ₹3,500,000.00/yr - ₹5,000,000.00/yr","Python, SQL, Machine Learning, AWS, Azure, GCP, Docker, Spark",Full-time,3500000.0,5000000.0
Senior Data Scientist,CitiusTech,"Hyderabad, Telangana, India",https://in.linkedin.com/jobs/view/senior-data-scientist-at-citiustech-4447280305?position=37&pageNum=0&refId=00Vvr2ITUMVDRigrOm%2FAqQ%3D%3D&trackingId=f18cdfrCGUmUcVsRemxJZA%3D%3D,3 weeks ago,2026-07-31,Mid-Senior level,"₹4,000,000.00
            -
            ₹5,500,000.00","Python, SQL, Machine Learning, NLP, TensorFlow, PyTorch, Scikit-learn, Power BI, Tableau, Azure, Databricks",Full-time,4000000.0,5500000.0
Staff Data Scientist – Healthcare,Anblicks,"Hyderabad, Telangana, India",https://in.linkedin.com/jobs/view/staff-data-scientist-%E2%80%93-healthcare-at-anblicks-4425796423?position=38&pageNum=0&refId=00Vvr2ITUMVDRigrOm%2FAqQ%3D%3D&trackingId=6P%2FwMFRe4sXjTLq29e90LQ%3D%3D,2 months ago,2026-06-15,Mid-Senior level,,"Python, R, Machine Learning, Deep Learning, AWS, Docker, Kubernetes, Spark, Databricks",Full-time,,
Machine Learning-AI and Data Science Engineer III,Deloitte,"Chennai, Tamil Nadu, India",https://in.linkedin.com/jobs/view/machine-learning-ai-and-data-science-engineer-iii-at-deloitte-4425095675?position=39&pageNum=0&refId=00Vvr2ITUMVDRigrOm%2FAqQ%3D%3D&trackingId=w6aTDt3v7yvlmOuhnepv9g%3D%3D,1 week ago,2026-08-15,Not Applicable,,"Python, SQL, Machine Learning, Artificial Intelligence, Pandas, NumPy, Scikit-learn, Tableau, AWS, Azure, GCP, Docker, Databricks, Git",Full-time,,
Senior Data Scientist,Cognite,"Bengaluru, Karnataka, India",https://in.linkedin.com/jobs/view/senior-data-scientist-at-cognite-4446547646?position=40&pageNum=0&refId=00Vvr2ITUMVDRigrOm%2FAqQ%3D%3D&trackingId=giRqDLrH5AQBbCscbMc18A%3D%3D,6 days ago,2026-08-19,Mid-Senior level,,"Python, SQL, Machine Learning, AWS, Azure, GCP, Git",Full-time,,
Machine Learning-Lead AI and Data Science Engineer II,Deloitte,"Chennai, Tamil Nadu, India",https://in.linkedin.com/jobs/view/machine-learning-lead-ai-and-data-science-engineer-ii-at-deloitte-4440237541?position=41&pageNum=0&refId=00Vvr2ITUMVDRigrOm%2FAqQ%3D%3D&trackingId=O7WCw9V8t5%2ByXNT%2BWyirFQ%3D%3D,2 weeks ago,2026-08-06,Not Applicable,,"Python, SQL, Deep Learning, NLP, TensorFlow, PyTorch, Keras, AWS, Azure, GCP, Docker, Git",Full-time,,
Machine Learning Engineer/Data Engineer,Adient,"Pune City, Maharashtra, India",https://in.linkedin.com/jobs/view/machine-learning-engineer-data-engineer-at-adient-4411506846?position=42&pageNum=0&refId=00Vvr2ITUMVDRigrOm%2FAqQ%3D%3D&trackingId=brOvfCtt6DeR4fFtUBN8IQ%3D%3D,3 months ago,2026-05-14,Mid-Senior level,"₹1,500,000.00
            -
            ₹2,500,000.00","Python, SQL, Machine Learning, Pandas, NumPy, Scikit-learn, Matplotlib, Azure",Full-time,1500000.0,2500000.0
Data Scientist III,Navi,"Bangalore Urban, Karnataka, India",https://in.linkedin.com/jobs/view/data-scientist-iii-at-navi-4448539970?position=43&pageNum=0&refId=00Vvr2ITUMVDRigrOm%2FAqQ%3D%3D&trackingId=e1KQVL3StbbDhBzRrD8EfQ%3D%3D,3 weeks ago,2026-08-04,Mid-Senior level,,"Python, Machine Learning, Deep Learning, TensorFlow, Keras, Scikit-learn",Full-time,,
Senior Lead Data Scientist,4flow,"Bengaluru, Karnataka, India",https://in.linkedin.com/jobs/view/senior-lead-data-scientist-at-4flow-4443937418?position=44&pageNum=0&refId=00Vvr2ITUMVDRigrOm%2FAqQ%3D%3D&trackingId=F4CeQP%2F%2F%2Bx5XSzXJYgXHWg%3D%3D,1 week ago,2026-08-13,Mid-Senior level,,Machine Learning,Full-time,,
Lead Data scientist,Philips,"Bengaluru, Karnataka, India",https://in.linkedin.com/jobs/view/lead-data-scientist-at-philips-4448528032?position=45&pageNum=0&refId=00Vvr2ITUMVDRigrOm%2FAqQ%3D%3D&trackingId=UcC%2BEW14QR3HQwBrHMpIXg%3D%3D,1 hour ago,2026-08-26,Mid-Senior level,,"Python, SQL, Machine Learning, Deep Learning, NLP, TensorFlow, PyTorch, AWS, Azure",Full-time,,
DataNimbus - ML Architect - Data Science,DataNimbus,Greater Kolkata Area,https://in.linkedin.com/jobs/view/datanimbus-ml-architect-data-science-at-datanimbus-4445358620?position=46&pageNum=0&refId=00Vvr2ITUMVDRigrOm%2FAqQ%3D%3D&trackingId=TgRvHDktABrMrNJjRheC5Q%3D%3D,1 month ago,2026-07-26,Mid-Senior level,"₹500,000.00
            -
            ₹3,500,000.00","Machine Learning, TensorFlow, PyTorch, Pandas, Scikit-learn, AWS, Azure, GCP, Spark, Databricks",Full-time,500000.0,3500000.0
Analyst - Data Scientist,United Airlines India Knowledge Center,"Gurugram, Haryana, India",https://in.linkedin.com/jobs/view/analyst-data-scientist-at-united-airlines-india-knowledge-center-4450731636?position=47&pageNum=0&refId=00Vvr2ITUMVDRigrOm%2FAqQ%3D%3D&trackingId=ESg%2BhbIEx2HVc6K%2BI9N46Q%3D%3D,2 weeks ago,2026-08-07,Entry level,"₹1,200,000.00
            -
            ₹1,800,000.00","Python, SQL, Machine Learning, Artificial Intelligence, AWS, Azure, GCP, Git",Full-time,1200000.0,1800000.0
Digital Manager,EY,"Kolkata, West Bengal, India",https://in.linkedin.com/jobs/view/digital-manager-at-ey-4456528091?position=48&pageNum=0&refId=00Vvr2ITUMVDRigrOm%2FAqQ%3D%3D&trackingId=v3i67JAg1K57jrFIWkW7Fg%3D%3D,1 day ago,2026-08-24,Mid-Senior level,,"Python, SQL, Machine Learning, Deep Learning, Azure, Docker, Kubernetes",Full-time,,
Senior Data Scientist (5 to 8 Years),Fractal,"Bengaluru, Karnataka, India",https://in.linkedin.com/jobs/view/senior-data-scientist-5-to-8-years-at-fractal-4389546678?position=49&pageNum=0&refId=00Vvr2ITUMVDRigrOm%2FAqQ%3D%3D&trackingId=sUP8Yr8GKUI7C6cbv90S7Q%3D%3D,1 week ago,2026-08-14,Mid-Senior level,,"Python, R, Machine Learning, Azure, GCP, Spark, Databricks",Full-time,,
Product Specialist,Bajaj Finserv,"Pune Division, Maharashtra, India",https://in.linkedin.com/jobs/view/product-specialist-at-bajaj-finserv-4420472918?position=50&pageNum=0&refId=00Vvr2ITUMVDRigrOm%2FAqQ%3D%3D&trackingId=SNr5NCizPmYGMyKwK5wi%2Fg%3D%3D,2 months ago,2026-05-28,Associate,,"Python, SQL, TensorFlow, PyTorch, Pandas, Spark, MongoDB, Git",Full-time,,
Data Scientist 10+yrs,IQLEXA Technologies,"Pune Division, Maharashtra, India",https://in.linkedin.com/jobs/view/data-scientist-10%2Byrs-at-iqlexa-technologies-4454168982?position=51&pageNum=0&refId=00Vvr2ITUMVDRigrOm%2FAqQ%3D%3D&trackingId=BIf2W6zs9d%2B8rnqApd639g%3D%3D,5 days ago,2026-08-21,Entry level,,"Python, SQL, Machine Learning, Deep Learning, NLP, TensorFlow, PyTorch, Pandas, NumPy, Scikit-learn, AWS, Azure, GCP, Spark",Full-time,,
Data Scientist,EXL,"Pune Division, Maharashtra, India",https://in.linkedin.com/jobs/view/data-scientist-at-exl-4446724288?position=52&pageNum=0&refId=00Vvr2ITUMVDRigrOm%2FAqQ%3D%3D&trackingId=s7dG0J7TKusrUm3u6n6Jfg%3D%3D,5 days ago,2026-08-20,Mid-Senior level,"₹1,000,000.00
            -
            ₹1,200,000.00","Python, SQL, Machine Learning, Deep Learning, NLP, Pandas, NumPy, Scikit-learn, AWS, Azure, Spark, Databricks",Full-time,1000000.0,1200000.0
Straviso - Data Scientist - Artificial Intelligence/Machine Learning,StraViso,Greater Kolkata Area,https://in.linkedin.com/jobs/view/straviso-data-scientist-artificial-intelligence-machine-learning-at-straviso-4438549287?position=53&pageNum=0&refId=00Vvr2ITUMVDRigrOm%2FAqQ%3D%3D&trackingId=ZMd7CxaVQ0nZerT5rhOQmg%3D%3D,1 month ago,2026-07-09,Mid-Senior level,,"Python, SQL, Machine Learning, Deep Learning, Artificial Intelligence, NLP, TensorFlow, PyTorch, Hugging Face, Scikit-learn, AWS, Azure, GCP, Docker, Kubernetes, Git",Full-time,,
Principal Data Scientist - Digital Health,Alcon,"Bengaluru, Karnataka, India",https://in.linkedin.com/jobs/view/principal-data-scientist-digital-health-at-alcon-4450090718?position=54&pageNum=0&refId=00Vvr2ITUMVDRigrOm%2FAqQ%3D%3D&trackingId=v78zXmXJDUb3NSx2a%2B5r9g%3D%3D,2 weeks ago,2026-08-07,Mid-Senior level,,"Python, SQL, Deep Learning, AWS, Azure, GCP",Full-time,,
Sr Data Scientist,HERE Technologies,Mumbai Metropolitan Region,https://in.linkedin.com/jobs/view/sr-data-scientist-at-here-technologies-4442723388?position=55&pageNum=0&refId=00Vvr2ITUMVDRigrOm%2FAqQ%3D%3D&trackingId=vWdYxIVczJM%2F2CnzGWWUzg%3D%3D,2 weeks ago,2026-08-11,Mid-Senior level,"$60.00
            -
            $65.00","Python, SQL, R, Machine Learning, Deep Learning, Spark",Full-time,60.0,65.0
"Data Scientist – AI, Machine Learning & Analytics",CodeClouds,Greater Kolkata Area,https://in.linkedin.com/jobs/view/data-scientist-%E2%80%93-ai-machine-learning-analytics-at-codeclouds-4435630109?position=56&pageNum=0&refId=00Vvr2ITUMVDRigrOm%2FAqQ%3D%3D&trackingId=rcS9FXzqJKT63P5pBb1nIg%3D%3D,2 months ago,2026-06-14,Mid-Senior level,,"Machine Learning, Deep Learning",Full-time,,
Lead Data Scientist,Accenture in India,"Kochi, Kerala, India",https://in.linkedin.com/jobs/view/lead-data-scientist-at-accenture-in-india-4448345079?position=57&pageNum=0&refId=00Vvr2ITUMVDRigrOm%2FAqQ%3D%3D&trackingId=I6Wpi%2FLcCK5SWwgnNQC0Jg%3D%3D,23 hours ago,2026-08-25,Mid-Senior level,"₹1,000,000.00
            -
            ₹3,000,000.00","Python, SQL, R, Machine Learning, TensorFlow, PyTorch, Scikit-learn, AWS, Azure, GCP, Git",Full-time,1000000.0,3000000.0
Senior Data Scientist,UsefulBI Corporation,"Bengaluru, Karnataka, India",https://in.linkedin.com/jobs/view/senior-data-scientist-at-usefulbi-corporation-4448171986?position=58&pageNum=0&refId=00Vvr2ITUMVDRigrOm%2FAqQ%3D%3D&trackingId=It65GpH6nABDnMadZW6DXQ%3D%3D,3 weeks ago,2026-08-03,Mid-Senior level,,"Python, SQL, NLP, TensorFlow, PyTorch, Hugging Face, Pandas, NumPy, Scikit-learn, AWS, Azure, GCP, Docker, Git",Full-time,,
"Data Scientist II , Ultra",Affle,"Gurugram, Haryana, India",https://in.linkedin.com/jobs/view/data-scientist-ii-ultra-at-affle-4450139004?position=59&pageNum=0&refId=00Vvr2ITUMVDRigrOm%2FAqQ%3D%3D&trackingId=ehhnR%2FDZ9BeOBjiCm3oQkg%3D%3D,1 month ago,2026-07-18,Mid-Senior level,"₹1,200,000.00
            -
            ₹1,800,000.00","Python, SQL, Machine Learning, GCP",Full-time,1200000.0,1800000.0
Affle India - Data Scientist II,Affle,"Gurugram, Haryana, India",https://in.linkedin.com/jobs/view/affle-india-data-scientist-ii-at-affle-4425952117?position=60&pageNum=0&refId=00Vvr2ITUMVDRigrOm%2FAqQ%3D%3D&trackingId=iZhMjdcNWqDeJxl3HGNUiA%3D%3D,2 months ago,2026-06-09,Mid-Senior level,"₹1,200,000.00
            -
            ₹1,800,000.00","Python, SQL, Machine Learning, GCP",Full-time,1200000.0,1800000.0
Data Scientist-Artificial Intelligence,IBM,"Kochi, Kerala, India",https://in.linkedin.com/jobs/view/data-scientist-artificial-intelligence-at-ibm-4446241710?position=1&pageNum=0&refId=hZuiqwOOtcQp0Nopt52now%3D%3D&trackingId=Uy7K3MgQJJ8JdwLeIMH9Mw%3D%3D,19 hours ago,2026-08-25,Mid-Senior level,"₹1,000,000.00
            -
            ₹3,000,000.00","Python, SQL, Machine Learning, Artificial Intelligence, NLP, TensorFlow, PyTorch, Keras, Hugging Face, Pandas, Matplotlib, AWS, Azure, GCP, Kubernetes, MongoDB",Full-time,1000000.0,3000000.0
Senior Data Scientist - I,MetLife,"Pune Division, Maharashtra, India",https://in.linkedin.com/jobs/view/senior-data-scientist-i-at-metlife-4455731862?position=2&pageNum=0&refId=hZuiqwOOtcQp0Nopt52now%3D%3D&trackingId=fBw4HVLvvRo2ECSschft%2BQ%3D%3D,22 hours ago,2026-08-25,Mid-Senior level,,"Python, Machine Learning, NLP, TensorFlow, PyTorch, Scikit-learn, Azure",Full-time,,
Senior Data Scientist,SourcingXPress,"Gurgaon, Haryana, India",https://in.linkedin.com/jobs/view/senior-data-scientist-at-sourcingxpress-4384572454?position=3&pageNum=0&refId=hZuiqwOOtcQp0Nopt52now%3D%3D&trackingId=LwkDxsR4MExcGzS4lreeJQ%3D%3D,5 months ago,2026-03-16,Mid-Senior level,"Base pay range ₹2,000,000.00/yr - ₹4,000,000.00/yr","Python, Machine Learning, Deep Learning, AWS, Azure, GCP, Databricks",Full-time,2000000.0,4000000.0
Sr Advanced Data Scientist,Honeywell Technologies,"Pune Division, Maharashtra, India",https://in.linkedin.com/jobs/view/sr-advanced-data-scientist-at-honeywell-technologies-4445700716?position=4&pageNum=0&refId=hZuiqwOOtcQp0Nopt52now%3D%3D&trackingId=hE44aWurRvZe671Iw7tpNg%3D%3D,1 week ago,2026-08-18,Mid-Senior level,,"Python, R, Machine Learning, Azure, Databricks",Full-time,,
Senior Data Scientist I,MetLife,"Pune Division, Maharashtra, India",https://in.linkedin.com/jobs/view/senior-data-scientist-i-at-metlife-4446306265?position=5&pageNum=0&refId=hZuiqwOOtcQp0Nopt52now%3D%3D&trackingId=UyH23z2XAGvr0oCjUxVEgg%3D%3D,3 weeks ago,2026-08-03,Mid-Senior level,,"Python, Machine Learning, NLP, TensorFlow, PyTorch, Scikit-learn, Azure",Full-time,,
Senior Data Scientist,Amplify Health,"Gurugram, Haryana, India",https://in.linkedin.com/jobs/view/senior-data-scientist-at-amplify-health-4445437035?position=6&pageNum=0&refId=hZuiqwOOtcQp0Nopt52now%3D%3D&trackingId=7z6mQ1jl9RJwOdFzCvtPaQ%3D%3D,4 weeks ago,2026-07-28,Mid-Senior level,"₹2,000,000.00
            -
            ₹4,000,000.00","Python, SQL, Machine Learning, Deep Learning, NLP, TensorFlow, PyTorch, Hugging Face, Scikit-learn, Azure, Docker, Kubernetes, Databricks",Full-time,2000000.0,4000000.0
Senior Data Scientist,SEI,Greater Hyderabad Area,https://in.linkedin.com/jobs/view/senior-data-scientist-at-sei-4407866688?position=7&pageNum=0&refId=hZuiqwOOtcQp0Nopt52now%3D%3D&trackingId=PSna5hiyQPygNkCWTNosUw%3D%3D,1 week ago,2026-08-14,Mid-Senior level,"₹4,000,000.00
            -
            ₹5,500,000.00","Python, SQL, R, Machine Learning, Artificial Intelligence, TensorFlow, PyTorch, Pandas, Scikit-learn, Matplotlib, Power BI, Tableau, AWS, Azure, GCP, Docker, Kubernetes, Spark",Full-time,4000000.0,5500000.0
Lead Data Scientist,AtkinsRéalis,"Gurgaon, Haryana, India",https://in.linkedin.com/jobs/view/lead-data-scientist-at-atkinsr%C3%A9alis-4446571831?position=8&pageNum=0&refId=hZuiqwOOtcQp0Nopt52now%3D%3D&trackingId=wcZqTQxkiAY%2BHuZqhENSNQ%3D%3D,3 weeks ago,2026-08-04,Mid-Senior level,"₹1,000,000.00
            -
            ₹3,000,000.00","Python, Machine Learning, Deep Learning, TensorFlow, PyTorch, Hugging Face, Azure",Full-time,1000000.0,3000000.0
Data Scientist - Machine Learning,United Airlines India Knowledge Center,"Gurugram, Haryana, India",https://in.linkedin.com/jobs/view/data-scientist-machine-learning-at-united-airlines-india-knowledge-center-4457838253?position=9&pageNum=0&refId=hZuiqwOOtcQp0Nopt52now%3D%3D&trackingId=sMh7rStz9m3UzfGh1Bf0%2FA%3D%3D,3 days ago,2026-08-22,Mid-Senior level,"₹1,200,000.00
            -
            ₹1,800,000.00","Python, SQL, Machine Learning, Artificial Intelligence, Git",Full-time,1200000.0,1800000.0
Lead Data Scientist- Gen AI-ML- Vice president,Citi,"Chennai, Tamil Nadu, India",https://in.linkedin.com/jobs/view/lead-data-scientist-gen-ai-ml-vice-president-at-citi-4446423940?position=10&pageNum=0&refId=hZuiqwOOtcQp0Nopt52now%3D%3D&trackingId=FQxYuwfndPOXLiDOiPaUWg%3D%3D,5 days ago,2026-08-20,Not Applicable,,"Python, SQL, Machine Learning, NLP, TensorFlow, PyTorch, Pandas, NumPy, Scikit-learn, Matplotlib, Power BI, Tableau, Git",Full-time,,
Sr Advanced Data Scientist,Honeywell Technologies,"Delhi, India",https://in.linkedin.com/jobs/view/sr-advanced-data-scientist-at-honeywell-technologies-4445717520?position=11&pageNum=0&refId=hZuiqwOOtcQp0Nopt52now%3D%3D&trackingId=WQ0DE4ydNGseJz4LAj5FhA%3D%3D,1 week ago,2026-08-18,Mid-Senior level,"₹2,000,000.00
            -
            ₹4,000,000.00","Python, R, Machine Learning, Azure, Databricks",Full-time,2000000.0,4000000.0
Data Scientist,Thales,"Noida, Uttar Pradesh, India",https://in.linkedin.com/jobs/view/data-scientist-at-thales-4417326819?position=12&pageNum=0&refId=hZuiqwOOtcQp0Nopt52now%3D%3D&trackingId=SMxbNDbSS4CZMKY5ru0lGQ%3D%3D,1 week ago,2026-08-15,Not Applicable,"₹1,200,000.00
            -
            ₹1,800,000.00","Python, SQL, Machine Learning, Artificial Intelligence, GCP, Databricks",Full-time,1200000.0,1800000.0
AI/ML Data Science / Gen AI / MLOps,Cognizant,"Chennai, Tamil Nadu, India",https://in.linkedin.com/jobs/view/ai-ml-data-science-gen-ai-mlops-at-cognizant-4447622047?position=13&pageNum=0&refId=hZuiqwOOtcQp0Nopt52now%3D%3D&trackingId=apRJ%2F9JSAKjha6GttpP8zQ%3D%3D,2 days ago,2026-08-23,Mid-Senior level,"₹1,500,000.00
            -
            ₹2,500,000.00","Python, Machine Learning, TensorFlow, PyTorch, Azure, Docker, Kubernetes",Full-time,1500000.0,2500000.0
Machine Learning Engineer,Simplify Healthcare,"Pune Division, Maharashtra, India",https://in.linkedin.com/jobs/view/machine-learning-engineer-at-simplify-healthcare-4455251418?position=14&pageNum=0&refId=hZuiqwOOtcQp0Nopt52now%3D%3D&trackingId=qtWn41VTnUdDe%2FgiK%2FjCmg%3D%3D,1 week ago,2026-08-17,Mid-Senior level,,"Python, SQL, AWS, Azure, GCP, Spark, Databricks",Full-time,,
Senior Data Scientist,"InvoiceCloud, Inc.","Hyderabad, Telangana, India",https://in.linkedin.com/jobs/view/senior-data-scientist-at-invoicecloud-inc-4419691849?position=15&pageNum=0&refId=hZuiqwOOtcQp0Nopt52now%3D%3D&trackingId=1N62ux75jaXroxKB%2B4N%2FZQ%3D%3D,2 weeks ago,2026-08-05,Mid-Senior level,"₹4,000,000.00
            -
            ₹5,500,000.00","Python, SQL, Machine Learning, Deep Learning, TensorFlow, PyTorch, Pandas, NumPy, Scikit-learn, AWS, Azure, GCP, Docker, Kubernetes, Databricks, Git",Full-time,4000000.0,5500000.0
Principal Data Scientist,Atlassian,Greater Kolkata Area,https://in.linkedin.com/jobs/view/principal-data-scientist-at-atlassian-4454857134?position=16&pageNum=0&refId=hZuiqwOOtcQp0Nopt52now%3D%3D&trackingId=KfCCs12AkP6par9%2F8V1SyA%3D%3D,1 week ago,2026-08-15,Mid-Senior level,,"Python, SQL, R, Machine Learning, Pandas, NumPy, Scikit-learn, Matplotlib, Tableau",Full-time,,
Data Scientist I,Kroll,"Hyderabad, Telangana, India",https://in.linkedin.com/jobs/view/data-scientist-i-at-kroll-4453474215?position=17&pageNum=0&refId=hZuiqwOOtcQp0Nopt52now%3D%3D&trackingId=o%2F2ymRBsLScqLnqqA3fT7A%3D%3D,6 days ago,2026-08-19,Entry level,"₹1,000,000.00
            -
            ₹3,000,000.00","Python, Machine Learning, Deep Learning, NLP, TensorFlow, PyTorch, Hugging Face, Pandas, NumPy, Scikit-learn, AWS, Azure, GCP, Spark, Databricks",Full-time,1000000.0,3000000.0
Data Scientist + Databricks AI/ML - Sr Architect,Birlasoft,Pune/Pimpri-Chinchwad Area,https://in.linkedin.com/jobs/view/data-scientist-%2B-databricks-ai-ml-sr-architect-at-birlasoft-4453578053?position=18&pageNum=0&refId=hZuiqwOOtcQp0Nopt52now%3D%3D&trackingId=aO2pZQ3TBSCK6kmCKO9teA%3D%3D,1 week ago,2026-08-14,Mid-Senior level,,"Python, SQL, NLP, TensorFlow, PyTorch, Scikit-learn, Power BI, Tableau, AWS, Azure, GCP, Databricks",Full-time,,
Senior Principal Data Scientist,AtkinsRéalis,"Bengaluru East, Karnataka, India",https://in.linkedin.com/jobs/view/senior-principal-data-scientist-at-atkinsr%C3%A9alis-4394640162?position=19&pageNum=0&refId=hZuiqwOOtcQp0Nopt52now%3D%3D&trackingId=O1pn%2FiJ%2BDmLvBL0o%2F4rWHw%3D%3D,4 months ago,2026-04-07,Mid-Senior level,"₹5,000,000.00
            -
            ₹7,000,000.00","Python, Machine Learning, NLP, TensorFlow, PyTorch, Hugging Face, AWS, Azure",Full-time,5000000.0,7000000.0
Data Science and AIML Lead - AITDS,Cognizant,"Hyderabad, Telangana, India",https://in.linkedin.com/jobs/view/data-science-and-aiml-lead-aitds-at-cognizant-4414475083?position=20&pageNum=0&refId=hZuiqwOOtcQp0Nopt52now%3D%3D&trackingId=c5jP2vyPCFLiUy7meF8QtA%3D%3D,2 weeks ago,2026-08-08,Mid-Senior level,,"Python, Machine Learning, TensorFlow, PyTorch, Scikit-learn, AWS, Azure, GCP",Full-time,,
Straviso - Senior Data Scientist - Machine Learning,StraViso,Greater Kolkata Area,https://in.linkedin.com/jobs/view/straviso-senior-data-scientist-machine-learning-at-straviso-4438548274?position=21&pageNum=0&refId=hZuiqwOOtcQp0Nopt52now%3D%3D&trackingId=qOu8qhYpZuD8HkI%2B4us7Qw%3D%3D,1 month ago,2026-07-09,Mid-Senior level,,"Python, SQL, Machine Learning, Deep Learning, Artificial Intelligence, NLP, TensorFlow, PyTorch, Hugging Face, Scikit-learn, AWS, Azure, GCP, Docker, Kubernetes, Spark, Git",Full-time,,
Data Scientist I,Kroll,"New Delhi, Delhi, India",https://in.linkedin.com/jobs/view/data-scientist-i-at-kroll-4453471229?position=22&pageNum=0&refId=hZuiqwOOtcQp0Nopt52now%3D%3D&trackingId=qHYxJ1vgQtmdn8Q5nMD%2FHA%3D%3D,6 days ago,2026-08-19,Entry level,"₹1,200,000.00
            -
            ₹1,800,000.00","Python, Machine Learning, Deep Learning, NLP, TensorFlow, PyTorch, Hugging Face, Pandas, NumPy, Scikit-learn, AWS, Azure, GCP, Spark, Databricks",Full-time,1200000.0,1800000.0
Data Scientist,Avahi,"Pune Division, Maharashtra, India",https://in.linkedin.com/jobs/view/data-scientist-at-avahi-4436347282?position=23&pageNum=0&refId=hZuiqwOOtcQp0Nopt52now%3D%3D&trackingId=%2B6LlQubiIHqVOvOBY2cLcg%3D%3D,1 week ago,2026-08-15,Mid-Senior level,,"Python, PyTorch, AWS",Full-time,,
Data Scientist – Mortgage Analytics & AI,loanDNA,"Chennai, Tamil Nadu, India",https://in.linkedin.com/jobs/view/data-scientist-%E2%80%93-mortgage-analytics-ai-at-loandna-4453688615?position=24&pageNum=0&refId=hZuiqwOOtcQp0Nopt52now%3D%3D&trackingId=WyvFJ5Opdsn0ZJN%2FwVcI%2FQ%3D%3D,1 week ago,2026-08-13,Mid-Senior level,"₹1,000,000.00
            -
            ₹3,000,000.00","Python, SQL, Machine Learning, Deep Learning, TensorFlow, PyTorch, Pandas, NumPy, Scikit-learn, AWS, Azure, Docker, Kubernetes, Databricks, Git",Full-time,1000000.0,3000000.0
Staff Data Scientist,Stryker,"Gurugram, Haryana, India",https://in.linkedin.com/jobs/view/staff-data-scientist-at-stryker-4436215738?position=25&pageNum=0&refId=hZuiqwOOtcQp0Nopt52now%3D%3D&trackingId=xGS57N0tn9XQX286PKU1Ig%3D%3D,1 month ago,2026-07-07,Associate,"₹12.00
            -
            ₹25.00","Python, SQL, Machine Learning, NLP, Power BI, Azure, Spark, Databricks, Git",Full-time,12.0,25.0
Predictive Analytics Data Scientist-AI Labs,Adani Enterprises Limited,"Ahmedabad, Gujarat, India",https://in.linkedin.com/jobs/view/predictive-analytics-data-scientist-ai-labs-at-adani-enterprises-limited-4427055522?position=26&pageNum=0&refId=hZuiqwOOtcQp0Nopt52now%3D%3D&trackingId=%2BFTakmOw9NYgTcPaC9BYbg%3D%3D,1 week ago,2026-08-14,,,,,,
Lead Data Scientist,Gartner,"Gurgaon, Haryana, India",https://in.linkedin.com/jobs/view/lead-data-scientist-at-gartner-4446434435?position=27&pageNum=0&refId=hZuiqwOOtcQp0Nopt52now%3D%3D&trackingId=TVSYCAQFLMQfvzznlFiIVQ%3D%3D,6 days ago,2026-08-20,Not Applicable,"₹1,000,000.00
            -
            ₹3,000,000.00","Python, SQL, Machine Learning, Deep Learning, Artificial Intelligence, NLP, TensorFlow, PyTorch, Pandas, NumPy, Scikit-learn, Power BI, AWS, Azure, GCP, Spark, Databricks",Full-time,1000000.0,3000000.0
"Lead, Data Scientist",Bain & Company,"Gurugram, Haryana, India",https://in.linkedin.com/jobs/view/lead-data-scientist-at-bain-company-4440907806?position=28&pageNum=0&refId=hZuiqwOOtcQp0Nopt52now%3D%3D&trackingId=IXuu33C6aO8eu%2BlJu%2FmGOw%3D%3D,2 weeks ago,2026-08-09,Not Applicable,"₹1,000,000.00
            -
            ₹3,000,000.00","Python, SQL, Machine Learning, Deep Learning, Artificial Intelligence, NLP, AWS, Azure, GCP, Docker, Spark, MongoDB, PostgreSQL",Full-time,1000000.0,3000000.0
Senior Data Scientist,"FourKites, Inc.",Greater Chennai Area,https://in.linkedin.com/jobs/view/senior-data-scientist-at-fourkites-inc-4458585972?position=29&pageNum=0&refId=hZuiqwOOtcQp0Nopt52now%3D%3D&trackingId=A3BavMLn1nyQnEoFjrTa%2FQ%3D%3D,1 day ago,2026-08-25,Mid-Senior level,,"Python, SQL, Machine Learning, NLP, Pandas, Scikit-learn, AWS",Full-time,,
Data Scientist-Artificial Intelligence,IBM,"Pune Division, Maharashtra, India",https://in.linkedin.com/jobs/view/data-scientist-artificial-intelligence-at-ibm-4446243677?position=30&pageNum=0&refId=hZuiqwOOtcQp0Nopt52now%3D%3D&trackingId=inuiRt2llZFxbcpH29bRXg%3D%3D,19 hours ago,2026-08-25,Mid-Senior level,"₹1,000,000.00
            -
            ₹1,200,000.00","Python, SQL, Machine Learning, Artificial Intelligence, NLP, TensorFlow, PyTorch, Keras, Hugging Face, Pandas, Matplotlib, AWS, Azure, GCP, Kubernetes, MongoDB",Full-time,1000000.0,1200000.0
Lead Data Scientist,XCaliber Health,"Bengaluru East, Karnataka, India",https://in.linkedin.com/jobs/view/lead-data-scientist-at-xcaliber-health-4434281766?position=31&pageNum=0&refId=hZuiqwOOtcQp0Nopt52now%3D%3D&trackingId=iRRbIGwJpjvyCkt7lF%2BTfQ%3D%3D,1 month ago,2026-06-28,Mid-Senior level,,"Python, Machine Learning, NLP",Full-time,,
Principal Data Scientist,JAGGAER,Greater Hyderabad Area,https://in.linkedin.com/jobs/view/principal-data-scientist-at-jaggaer-4451521110?position=32&pageNum=0&refId=hZuiqwOOtcQp0Nopt52now%3D%3D&trackingId=0Pj1E1oLdhBFVCpd%2FE2lxw%3D%3D,2 weeks ago,2026-08-10,Mid-Senior level,,"Python, SQL, R, TensorFlow, PyTorch, Pandas, Scikit-learn, Tableau, AWS, Azure, GCP, Docker, Kubernetes, Git",Full-time,,
Senior Data Scientist,Sonatype,"Hyderabad, Telangana, India",https://in.linkedin.com/jobs/view/senior-data-scientist-at-sonatype-4448280537?position=33&pageNum=0&refId=hZuiqwOOtcQp0Nopt52now%3D%3D&trackingId=0P4ofcSc%2Br8UCqsGrCPqUw%3D%3D,1 day ago,2026-08-25,Associate,"₹4,000,000.00
            -
            ₹5,500,000.00","Python, Java, Machine Learning, Deep Learning, Artificial Intelligence, TensorFlow, PyTorch, Scikit-learn, AWS, Databricks, Git",Full-time,4000000.0,5500000.0
Senior Data Scientist,Skan AI,"Bengaluru, Karnataka, India",https://in.linkedin.com/jobs/view/senior-data-scientist-at-skan-ai-4456247269?position=34&pageNum=0&refId=hZuiqwOOtcQp0Nopt52now%3D%3D&trackingId=OlI2NxuNzuXPMvirDxJeCw%3D%3D,4 days ago,2026-08-21,Mid-Senior level,,"Python, Deep Learning, NLP, Spark, Databricks",Full-time,,
Senior Data Scientist,Aligned Automation,"Pune Division, Maharashtra, India",https://in.linkedin.com/jobs/view/senior-data-scientist-at-aligned-automation-4454272168?position=35&pageNum=0&refId=hZuiqwOOtcQp0Nopt52now%3D%3D&trackingId=ArD9p4ncRWwUZM7oX%2F%2FuCQ%3D%3D,1 week ago,2026-08-13,Mid-Senior level,,"Python, Machine Learning, TensorFlow, PyTorch, Pandas, Scikit-learn",Full-time,,
Senior Data Scientist,SourcingXPress,"Hyderabad, Telangana, India",https://in.linkedin.com/jobs/view/senior-data-scientist-at-sourcingxpress-4377843079?position=36&pageNum=0&refId=hZuiqwOOtcQp0Nopt52now%3D%3D&trackingId=NM2Ny9fts9wmNGdmDuiQmw%3D%3D,5 months ago,2026-02-27,Mid-Senior level,"Base pay range ₹3,500,000.00/yr - ₹5,000,000.00/yr","Python, SQL, Machine Learning, AWS, Azure, GCP, Docker, Spark",Full-time,3500000.0,5000000.0
Senior Data Scientist,CitiusTech,"Hyderabad, Telangana, India",https://in.linkedin.com/jobs/view/senior-data-scientist-at-citiustech-4447280305?position=37&pageNum=0&refId=hZuiqwOOtcQp0Nopt52now%3D%3D&trackingId=Kw%2FgCjxZscQvxcm1kt9%2Bxg%3D%3D,3 weeks ago,2026-07-31,Mid-Senior level,"₹4,000,000.00
            -
            ₹5,500,000.00","Python, SQL, Machine Learning, NLP, TensorFlow, PyTorch, Scikit-learn, Power BI, Tableau, Azure, Databricks",Full-time,4000000.0,5500000.0
Staff Data Scientist – Healthcare,Anblicks,"Hyderabad, Telangana, India",https://in.linkedin.com/jobs/view/staff-data-scientist-%E2%80%93-healthcare-at-anblicks-4425796423?position=38&pageNum=0&refId=hZuiqwOOtcQp0Nopt52now%3D%3D&trackingId=rI6ehXmV04vOQaqnnmRyiQ%3D%3D,2 months ago,2026-06-15,Mid-Senior level,,"Python, R, Machine Learning, Deep Learning, AWS, Docker, Kubernetes, Spark, Databricks",Full-time,,
Machine Learning-AI and Data Science Engineer III,Deloitte,"Chennai, Tamil Nadu, India",https://in.linkedin.com/jobs/view/machine-learning-ai-and-data-science-engineer-iii-at-deloitte-4425095675?position=39&pageNum=0&refId=hZuiqwOOtcQp0Nopt52now%3D%3D&trackingId=AuWcK2FhD1MRJshWX8uvSw%3D%3D,1 week ago,2026-08-15,Not Applicable,,"Python, SQL, Machine Learning, Artificial Intelligence, Pandas, NumPy, Scikit-learn, Tableau, AWS, Azure, GCP, Docker, Databricks, Git",Full-time,,
Senior Data Scientist,Cognite,"Bengaluru, Karnataka, India",https://in.linkedin.com/jobs/view/senior-data-scientist-at-cognite-4446547646?position=40&pageNum=0&refId=hZuiqwOOtcQp0Nopt52now%3D%3D&trackingId=UrBrz4yAn%2BErmc0tihmQVw%3D%3D,6 days ago,2026-08-19,Mid-Senior level,,"Python, SQL, Machine Learning, AWS, Azure, GCP, Git",Full-time,,
Machine Learning-Lead AI and Data Science Engineer II,Deloitte,"Chennai, Tamil Nadu, India",https://in.linkedin.com/jobs/view/machine-learning-lead-ai-and-data-science-engineer-ii-at-deloitte-4440237541?position=41&pageNum=0&refId=hZuiqwOOtcQp0Nopt52now%3D%3D&trackingId=%2FPhVDwwErGv036nZXaxGSQ%3D%3D,2 weeks ago,2026-08-06,Not Applicable,,"Python, SQL, Deep Learning, NLP, TensorFlow, PyTorch, Keras, AWS, Azure, GCP, Docker, Git",Full-time,,
Machine Learning Engineer/Data Engineer,Adient,"Pune City, Maharashtra, India",https://in.linkedin.com/jobs/view/machine-learning-engineer-data-engineer-at-adient-4411506846?position=42&pageNum=0&refId=hZuiqwOOtcQp0Nopt52now%3D%3D&trackingId=odlNke9Zy0Vu%2Fv%2FjSZ144Q%3D%3D,3 months ago,2026-05-14,Mid-Senior level,"₹1,500,000.00
            -
            ₹2,500,000.00","Python, SQL, Machine Learning, Pandas, NumPy, Scikit-learn, Matplotlib, Azure",Full-time,1500000.0,2500000.0
Data Scientist III,Navi,"Bangalore Urban, Karnataka, India",https://in.linkedin.com/jobs/view/data-scientist-iii-at-navi-4448539970?position=43&pageNum=0&refId=hZuiqwOOtcQp0Nopt52now%3D%3D&trackingId=YmgGhbMFQuzQOnTQBfEirQ%3D%3D,3 weeks ago,2026-08-04,Mid-Senior level,,"Python, Machine Learning, Deep Learning, TensorFlow, Keras, Scikit-learn",Full-time,,
Senior Lead Data Scientist,4flow,"Bengaluru, Karnataka, India",https://in.linkedin.com/jobs/view/senior-lead-data-scientist-at-4flow-4443937418?position=44&pageNum=0&refId=hZuiqwOOtcQp0Nopt52now%3D%3D&trackingId=%2BLKL%2FSOs5U5V%2Fc6rgdQnHg%3D%3D,1 week ago,2026-08-13,Mid-Senior level,,Machine Learning,Full-time,,
Lead Data scientist,Philips,"Bengaluru, Karnataka, India",https://in.linkedin.com/jobs/view/lead-data-scientist-at-philips-4448528032?position=45&pageNum=0&refId=hZuiqwOOtcQp0Nopt52now%3D%3D&trackingId=T6YRFE%2FpfpN6Kk7fzsoIbg%3D%3D,1 hour ago,2026-08-26,Mid-Senior level,,"Python, SQL, Machine Learning, Deep Learning, NLP, TensorFlow, PyTorch, AWS, Azure",Full-time,,
DataNimbus - ML Architect - Data Science,DataNimbus,Greater Kolkata Area,https://in.linkedin.com/jobs/view/datanimbus-ml-architect-data-science-at-datanimbus-4445358620?position=46&pageNum=0&refId=hZuiqwOOtcQp0Nopt52now%3D%3D&trackingId=vhFBEXJp2uCTUe4kuDfY0w%3D%3D,1 month ago,2026-07-26,Mid-Senior level,"₹500,000.00
            -
            ₹3,500,000.00","Machine Learning, TensorFlow, PyTorch, Pandas, Scikit-learn, AWS, Azure, GCP, Spark, Databricks",Full-time,500000.0,3500000.0
Analyst - Data Scientist,United Airlines India Knowledge Center,"Gurugram, Haryana, India",https://in.linkedin.com/jobs/view/analyst-data-scientist-at-united-airlines-india-knowledge-center-4450731636?position=47&pageNum=0&refId=hZuiqwOOtcQp0Nopt52now%3D%3D&trackingId=H6Cr%2FC87HOcpsJ75ld%2Fazw%3D%3D,2 weeks ago,2026-08-07,Entry level,"₹1,200,000.00
            -
            ₹1,800,000.00","Python, SQL, Machine Learning, Artificial Intelligence, AWS, Azure, GCP, Git",Full-time,1200000.0,1800000.0
Digital Manager,EY,"Kolkata, West Bengal, India",https://in.linkedin.com/jobs/view/digital-manager-at-ey-4456528091?position=48&pageNum=0&refId=hZuiqwOOtcQp0Nopt52now%3D%3D&trackingId=%2BSSOcmot9uh6%2FypVri2c8w%3D%3D,1 day ago,2026-08-24,,,,,,
Senior Data Scientist (5 to 8 Years),Fractal,"Bengaluru, Karnataka, India",https://in.linkedin.com/jobs/view/senior-data-scientist-5-to-8-years-at-fractal-4389546678?position=49&pageNum=0&refId=hZuiqwOOtcQp0Nopt52now%3D%3D&trackingId=Q%2F%2BoEnnRMQw67N6fvpDVoQ%3D%3D,1 week ago,2026-08-14,Mid-Senior level,,"Python, R, Machine Learning, Azure, GCP, Spark, Databricks",Full-time,,
Product Specialist,Bajaj Finserv,"Pune Division, Maharashtra, India",https://in.linkedin.com/jobs/view/product-specialist-at-bajaj-finserv-4420472918?position=50&pageNum=0&refId=hZuiqwOOtcQp0Nopt52now%3D%3D&trackingId=cKZrK6BuVqb98x2atCrcDw%3D%3D,2 months ago,2026-05-28,Associate,,"Python, SQL, TensorFlow, PyTorch, Pandas, Spark, MongoDB, Git",Full-time,,
Data Scientist 10+yrs,IQLEXA Technologies,"Pune Division, Maharashtra, India",https://in.linkedin.com/jobs/view/data-scientist-10%2Byrs-at-iqlexa-technologies-4454168982?position=51&pageNum=0&refId=hZuiqwOOtcQp0Nopt52now%3D%3D&trackingId=mcdjKEeGvmVIe4Z57C%2FECg%3D%3D,5 days ago,2026-08-21,Entry level,,"Python, SQL, Machine Learning, Deep Learning, NLP, TensorFlow, PyTorch, Pandas, NumPy, Scikit-learn, AWS, Azure, GCP, Spark",Full-time,,
Data Scientist,EXL,"Pune Division, Maharashtra, India",https://in.linkedin.com/jobs/view/data-scientist-at-exl-4446724288?position=52&pageNum=0&refId=hZuiqwOOtcQp0Nopt52now%3D%3D&trackingId=%2BKWjiGxyxHZbBDb%2Fz19yBw%3D%3D,5 days ago,2026-08-20,Mid-Senior level,"₹1,000,000.00
            -
            ₹1,200,000.00","Python, SQL, Machine Learning, Deep Learning, NLP, Pandas, NumPy, Scikit-learn, AWS, Azure, Spark, Databricks",Full-time,1000000.0,1200000.0
Straviso - Data Scientist - Artificial Intelligence/Machine Learning,StraViso,Greater Kolkata Area,https://in.linkedin.com/jobs/view/straviso-data-scientist-artificial-intelligence-machine-learning-at-straviso-4438549287?position=53&pageNum=0&refId=hZuiqwOOtcQp0Nopt52now%3D%3D&trackingId=Wm%2B%2BXdxnfUAWE%2B5WepMHTQ%3D%3D,1 month ago,2026-07-09,Mid-Senior level,,"Python, SQL, Machine Learning, Deep Learning, Artificial Intelligence, NLP, TensorFlow, PyTorch, Hugging Face, Scikit-learn, AWS, Azure, GCP, Docker, Kubernetes, Git",Full-time,,
Principal Data Scientist - Digital Health,Alcon,"Bengaluru, Karnataka, India",https://in.linkedin.com/jobs/view/principal-data-scientist-digital-health-at-alcon-4450090718?position=54&pageNum=0&refId=hZuiqwOOtcQp0Nopt52now%3D%3D&trackingId=iMuEfTmkEbcJqt5T3bh5yw%3D%3D,2 weeks ago,2026-08-07,Mid-Senior level,,"Python, SQL, Deep Learning, AWS, Azure, GCP",Full-time,,
Sr Data Scientist,HERE Technologies,Mumbai Metropolitan Region,https://in.linkedin.com/jobs/view/sr-data-scientist-at-here-technologies-4442723388?position=55&pageNum=0&refId=hZuiqwOOtcQp0Nopt52now%3D%3D&trackingId=ExI%2FeORZklOuuXSWPe%2Fr4Q%3D%3D,2 weeks ago,2026-08-11,Mid-Senior level,"$60.00
            -
            $65.00","Python, SQL, R, Machine Learning, Deep Learning, Spark",Full-time,60.0,65.0
"Data Scientist – AI, Machine Learning & Analytics",CodeClouds,Greater Kolkata Area,https://in.linkedin.com/jobs/view/data-scientist-%E2%80%93-ai-machine-learning-analytics-at-codeclouds-4435630109?position=56&pageNum=0&refId=hZuiqwOOtcQp0Nopt52now%3D%3D&trackingId=KVX4KfIr3YxgU2tPVfkWuA%3D%3D,2 months ago,2026-06-14,Mid-Senior level,,"Machine Learning, Deep Learning",Full-time,,
Lead Data Scientist,Accenture in India,"Kochi, Kerala, India",https://in.linkedin.com/jobs/view/lead-data-scientist-at-accenture-in-india-4448345079?position=57&pageNum=0&refId=hZuiqwOOtcQp0Nopt52now%3D%3D&trackingId=tiLtbCRdkSOyqjbGlFjrhQ%3D%3D,23 hours ago,2026-08-25,,,,,,
Senior Data Scientist,UsefulBI Corporation,"Bengaluru, Karnataka, India",https://in.linkedin.com/jobs/view/senior-data-scientist-at-usefulbi-corporation-4448171986?position=58&pageNum=0&refId=hZuiqwOOtcQp0Nopt52now%3D%3D&trackingId=qEnLgutT8nsPEyd6n%2BJ0LQ%3D%3D,3 weeks ago,2026-08-03,,,,,,
"Data Scientist II , Ultra",Affle,"Gurugram, Haryana, India",https://in.linkedin.com/jobs/view/data-scientist-ii-ultra-at-affle-4450139004?position=59&pageNum=0&refId=hZuiqwOOtcQp0Nopt52now%3D%3D&trackingId=jOqHmLIfxRF0btNA%2FMJHXg%3D%3D,1 month ago,2026-07-18,,,,,,
Affle India - Data Scientist II,Affle,"Gurugram, Haryana, India",https://in.linkedin.com/jobs/view/affle-india-data-scientist-ii-at-affle-4425952117?position=60&pageNum=0&refId=hZuiqwOOtcQp0Nopt52now%3D%3D&trackingId=lmR9sPa0ij%2BAbTvVl%2BDzCA%3D%3D,2 months ago,2026-06-09,Mid-Senior level,"₹1,200,000.00
            -
            ₹1,800,000.00","Python, SQL, Machine Learning, GCP",Full-time,1200000.0,1800000.0
Lead - Data & AI,Adani Natural Resources,"Ahmedabad, Gujarat, India",https://in.linkedin.com/jobs/view/lead-data-ai-at-adani-natural-resources-4427195843?position=1&pageNum=0&refId=1jFvyh9RiZI%2FMc%2Bi5QFy7Q%3D%3D&trackingId=YMROGJKzoT3bX1YJIzgonw%3D%3D,1 week ago,2026-08-13,Mid-Senior level,,,Full-time,,
AI Data Engineer [T500-28265],Comply,"Kochi, Kerala, India",https://in.linkedin.com/jobs/view/ai-data-engineer-t500-28265-at-comply-4450235303?position=2&pageNum=0&refId=1jFvyh9RiZI%2FMc%2Bi5QFy7Q%3D%3D&trackingId=e9imdXhdI7LFBozXYPuVZQ%3D%3D,2 weeks ago,2026-08-06,Mid-Senior level,,"Python, AWS, Azure, GCP",Full-time,,
AI / ML Engineer,Accenture in India,"Coimbatore, Tamil Nadu, India",https://in.linkedin.com/jobs/view/ai-ml-engineer-at-accenture-in-india-4448497520?position=3&pageNum=0&refId=1jFvyh9RiZI%2FMc%2Bi5QFy7Q%3D%3D&trackingId=2NhNABYGYwUtyNMjiKMYog%3D%3D,2 weeks ago,2026-08-07,Mid-Senior level,"₹500,000.00
            -
            ₹1,800,000.00","Python, R, Machine Learning, Deep Learning, Artificial Intelligence",Full-time,500000.0,1800000.0
Data Platform Engineer,Accenture in India,"Bhubaneswar, Odisha, India",https://in.linkedin.com/jobs/view/data-platform-engineer-at-accenture-in-india-4448338922?position=4&pageNum=0&refId=1jFvyh9RiZI%2FMc%2Bi5QFy7Q%3D%3D&trackingId=J8ssk49Y7808Rr37LvieWQ%3D%3D,21 hours ago,2026-08-25,Mid-Senior level,,Databricks,Full-time,,
AI Engineer,Shamrock AI,"Shillong, Meghalaya, India",https://in.linkedin.com/jobs/view/ai-engineer-at-shamrock-ai-4430825102?position=5&pageNum=0&refId=1jFvyh9RiZI%2FMc%2Bi5QFy7Q%3D%3D&trackingId=kEgWcxKNc14HJGJiIQZfTQ%3D%3D,2 months ago,2026-06-22,Mid-Senior level,,"Python, R, Kubernetes, Databricks",Full-time,,
Data Scientist-Artificial Intelligence,IBM,"Kochi, Kerala, India",https://in.linkedin.com/jobs/view/data-scientist-artificial-intelligence-at-ibm-4446241710?position=6&pageNum=0&refId=1jFvyh9RiZI%2FMc%2Bi5QFy7Q%3D%3D&trackingId=fh5Uh%2FzoSPcU2KdBDDoQ%2FA%3D%3D,19 hours ago,2026-08-25,Mid-Senior level,"₹1,000,000.00
            -
            ₹3,000,000.00","Python, SQL, Machine Learning, Artificial Intelligence, NLP, TensorFlow, PyTorch, Keras, Hugging Face, Pandas, Matplotlib, AWS, Azure, GCP, Kubernetes, MongoDB",Full-time,1000000.0,3000000.0
AI Engineer — Digital Transformation,Qube Cinema,"Chennai, Tamil Nadu, India",https://in.linkedin.com/jobs/view/ai-engineer-%E2%80%94-digital-transformation-at-qube-cinema-4432005120?position=7&pageNum=0&refId=1jFvyh9RiZI%2FMc%2Bi5QFy7Q%3D%3D&trackingId=xfIhZj9v%2BU84igwPQo7bLA%3D%3D,2 months ago,2026-06-22,Mid-Senior level,"₹2,500,000.00
            -
            ₹4,500,000.00","Python, SQL, R, Machine Learning, Deep Learning, NLP, TensorFlow, PyTorch, Pandas, NumPy, Scikit-learn, Docker, PostgreSQL, Git",Full-time,2500000.0,4500000.0
AI/ML Data Science / Gen AI / MLOps,Cognizant,"Chennai, Tamil Nadu, India",https://in.linkedin.com/jobs/view/ai-ml-data-science-gen-ai-mlops-at-cognizant-4447622047?position=8&pageNum=0&refId=1jFvyh9RiZI%2FMc%2Bi5QFy7Q%3D%3D&trackingId=ZgHKtVagC656DT8uWAGRcg%3D%3D,2 days ago,2026-08-23,Mid-Senior level,"₹1,500,000.00
            -
            ₹2,500,000.00","Python, Machine Learning, TensorFlow, PyTorch, Azure, Docker, Kubernetes",Full-time,1500000.0,2500000.0
India: AI Analyst,H&P,"Taleigao, Goa, India",https://in.linkedin.com/jobs/view/india-ai-analyst-at-h-p-4435427574?position=9&pageNum=0&refId=1jFvyh9RiZI%2FMc%2Bi5QFy7Q%3D%3D&trackingId=U0pKYZKFhlKvb%2FNC9RSHHg%3D%3D,1 week ago,2026-08-14,Mid-Senior level,"₹50,000.00
            -
            ₹60,000.00","Python, Machine Learning, Deep Learning, NLP, TensorFlow, PyTorch, Scikit-learn, Azure, Databricks",Full-time,50000.0,60000.0
DE-Python-AI-GDS,EY,"Kochi, Kerala, India",https://in.linkedin.com/jobs/view/de-python-ai-gds-at-ey-4409620299?position=10&pageNum=0&refId=1jFvyh9RiZI%2FMc%2Bi5QFy7Q%3D%3D&trackingId=MOtkNG328KshgEIby5RQKg%3D%3D,5 days ago,2026-08-20,Mid-Senior level,"₹1,000,000.00
            -
            ₹3,000,000.00","Python, SQL, AWS, Docker, Kubernetes, PostgreSQL",Full-time,1000000.0,3000000.0
Predictive Analytics Data Scientist-AI Labs,Adani Enterprises Limited,"Ahmedabad, Gujarat, India",https://in.linkedin.com/jobs/view/predictive-analytics-data-scientist-ai-labs-at-adani-enterprises-limited-4394339706?position=11&pageNum=0&refId=1jFvyh9RiZI%2FMc%2Bi5QFy7Q%3D%3D&trackingId=cUNEyImorI9Mo%2FncmivS6g%3D%3D,1 week ago,2026-08-15,Entry level,"₹800,000.00
            -
            ₹1,200,000.00","Machine Learning, Deep Learning, Artificial Intelligence, AWS, Azure, GCP, Docker, Kubernetes",Full-time,800000.0,1200000.0
Data Scientist,Ericsson,Greater Kolkata Area,https://in.linkedin.com/jobs/view/data-scientist-at-ericsson-4455624551?position=12&pageNum=0&refId=1jFvyh9RiZI%2FMc%2Bi5QFy7Q%3D%3D&trackingId=wxxWCr6XZOx%2F20JVD0MySA%3D%3D,6 days ago,2026-08-20,Not Applicable,,"Python, Machine Learning, Deep Learning, NLP, AWS, Kubernetes, Databricks",Full-time,,
Head - Data & AI,Adani Natural Resources,"Ahmedabad, Gujarat, India",https://in.linkedin.com/jobs/view/head-data-ai-at-adani-natural-resources-4442128262?position=13&pageNum=0&refId=1jFvyh9RiZI%2FMc%2Bi5QFy7Q%3D%3D&trackingId=POuiDjU4nDoefMgw3RCiOw%3D%3D,2 weeks ago,2026-08-07,Mid-Senior level,,,Full-time,,
Tech Lead - AI and Analytics Solutions,NavaSys Technologies,"Coimbatore, Tamil Nadu, India",https://in.linkedin.com/jobs/view/tech-lead-ai-and-analytics-solutions-at-navasys-technologies-4442333161?position=14&pageNum=0&refId=1jFvyh9RiZI%2FMc%2Bi5QFy7Q%3D%3D&trackingId=%2FvXNiUns9IbNHkyiBwXitw%3D%3D,1 month ago,2026-07-26,Mid-Senior level,"₹3,000,000.00
            -
            ₹5,000,000.00","Python, SQL, TensorFlow, PyTorch, Scikit-learn, AWS, Azure, GCP, Spark",Full-time,3000000.0,5000000.0
AI Architect,Rhythm Innovations,"Bhubaneswar, Odisha, India",https://in.linkedin.com/jobs/view/ai-architect-at-rhythm-innovations-4395995137?position=15&pageNum=0&refId=1jFvyh9RiZI%2FMc%2Bi5QFy7Q%3D%3D&trackingId=oFZcMH7W%2BL9yaeiH79FXUA%3D%3D,4 months ago,2026-04-08,Mid-Senior level,,"Python, SQL, R, Java, Machine Learning, Artificial Intelligence, NLP, TensorFlow, PyTorch, Scikit-learn, AWS, Azure, Spark",Full-time,,
Data Scientist,Neurealm,"Chennai, Tamil Nadu, India",https://in.linkedin.com/jobs/view/data-scientist-at-neurealm-4446730739?position=16&pageNum=0&refId=1jFvyh9RiZI%2FMc%2Bi5QFy7Q%3D%3D&trackingId=W6IHykNYKfLBJKF2KXaPYQ%3D%3D,3 weeks ago,2026-07-30,Associate,"₹1,000,000.00
            -
            ₹3,000,000.00","Python, SQL, Machine Learning, NLP, TensorFlow, PyTorch, Hugging Face, Scikit-learn, AWS, Azure, GCP, Docker",Full-time,1000000.0,3000000.0
Junior AI Specialist,Miratech,"Roorkee, Uttarakhand, India",https://in.linkedin.com/jobs/view/junior-ai-specialist-at-miratech-4455864405?position=17&pageNum=0&refId=1jFvyh9RiZI%2FMc%2Bi5QFy7Q%3D%3D&trackingId=8mUdZjaSUf2YgVx2n0pOhw%3D%3D,2 days ago,2026-08-24,Mid-Senior level,"₹850,000.00
            -
            ₹2,400,000.00","Python, SQL, Machine Learning, NLP, TensorFlow, PyTorch, Pandas, NumPy, Scikit-learn, AWS, Azure, GCP",Full-time,850000.0,2400000.0
Data Architect I - AI ML Architect,UST,"Trivandrum, Kerala, India",https://in.linkedin.com/jobs/view/data-architect-i-ai-ml-architect-at-ust-4412006662?position=18&pageNum=0&refId=1jFvyh9RiZI%2FMc%2Bi5QFy7Q%3D%3D&trackingId=aFJpdlC0ynEIwvIK6oB81w%3D%3D,2 weeks ago,2026-08-09,Mid-Senior level,"₹2,500,000.00
            -
            ₹5,500,000.00","Machine Learning, Artificial Intelligence, TensorFlow, PyTorch, Scikit-learn, AWS, Azure, Spark",Full-time,2500000.0,5500000.0
GEN AI Developer,Birlasoft,Greater Hyderabad Area,https://in.linkedin.com/jobs/view/gen-ai-developer-at-birlasoft-4439874927?position=19&pageNum=0&refId=1jFvyh9RiZI%2FMc%2Bi5QFy7Q%3D%3D&trackingId=yFEB95G2w%2BeMGFw5EY6QPQ%3D%3D,3 weeks ago,2026-08-05,Mid-Senior level,,"Python, Artificial Intelligence, NLP, TensorFlow, PyTorch, Hugging Face, Scikit-learn, Matplotlib, AWS, Azure, GCP, Databricks, Git",Full-time,,
Data Scientist,KANINI,"Chennai, Tamil Nadu, India",https://in.linkedin.com/jobs/view/data-scientist-at-kanini-4386537210?position=20&pageNum=0&refId=1jFvyh9RiZI%2FMc%2Bi5QFy7Q%3D%3D&trackingId=Pf5%2FhifQUZZl84tY0SVVbg%3D%3D,5 months ago,2026-03-16,Mid-Senior level,"₹1,000,000.00
            -
            ₹3,000,000.00","Python, Java, AWS, Azure, GCP, Docker, Kubernetes",Full-time,1000000.0,3000000.0
Agentic Solutions-AI and Data Science Engineer II,Deloitte,"Chennai, Tamil Nadu, India",https://in.linkedin.com/jobs/view/agentic-solutions-ai-and-data-science-engineer-ii-at-deloitte-4457918380?position=21&pageNum=0&refId=1jFvyh9RiZI%2FMc%2Bi5QFy7Q%3D%3D&trackingId=7oJyKywE5043GbBmdxR0XA%3D%3D,2 hours ago,2026-08-26,Not Applicable,,"Python, SQL, Deep Learning, Artificial Intelligence, NLP, Docker, Git",Full-time,,
GEN AI,Virtusa,"Chennai, Tamil Nadu, India",https://in.linkedin.com/jobs/view/gen-ai-at-virtusa-4388473468?position=22&pageNum=0&refId=1jFvyh9RiZI%2FMc%2Bi5QFy7Q%3D%3D&trackingId=mno3bY1SZJikJLA%2BbhEtMw%3D%3D,4 days ago,2026-08-22,Associate,,"Python, Machine Learning, NLP, GCP",Full-time,,
AI Engineer (Data &amp; AI Practice),Kasadara Technology Solutions,"Coimbatore, Tamil Nadu, India",https://in.linkedin.com/jobs/view/ai-engineer-data-amp-ai-practice-at-kasadara-technology-solutions-4449456176?position=23&pageNum=0&refId=1jFvyh9RiZI%2FMc%2Bi5QFy7Q%3D%3D&trackingId=7lCZE6S6Dkp1Zxea1UtO2Q%3D%3D,3 weeks ago,2026-08-05,Mid-Senior level,"₹3,000,000.00
            -
            ₹5,000,000.00","Python, SQL, Machine Learning, Deep Learning, Artificial Intelligence, NLP, Power BI, Azure, Docker, Kubernetes, Databricks, PostgreSQL, Git",Full-time,3000000.0,5000000.0
Data Scientist (Microsoft 365 Copilot / AI),Vivantify Technology Solutions India Pvt. Ltd.,"Vadodara, Gujarat, India",https://in.linkedin.com/jobs/view/data-scientist-microsoft-365-copilot-ai-at-vivantify-technology-solutions-india-pvt-ltd-4457401756?position=24&pageNum=0&refId=1jFvyh9RiZI%2FMc%2Bi5QFy7Q%3D%3D&trackingId=Ni5DSpNBx6JuFQGe3XUtXw%3D%3D,1 day ago,2026-08-25,Not Applicable,"₹3,500,000.00
            -
            ₹4,000,000.00","Python, SQL, Java, Azure",Full-time,3500000.0,4000000.0
Data Scientist – LLM & Applied AI,OmniMD,"Ahmedabad, Gujarat, India",https://in.linkedin.com/jobs/view/data-scientist-%E2%80%93-llm-applied-ai-at-omnimd-4457907801?position=25&pageNum=0&refId=1jFvyh9RiZI%2FMc%2Bi5QFy7Q%3D%3D&trackingId=6dib5FJAcCIbbkjohyoSug%3D%3D,52 minutes ago,2026-08-26,Entry level,"₹18.00
            -
            ₹20.00",,Full-time,18.0,20.0
Data Scientist,Celebal Technologies,"Jaipur, Rajasthan, India",https://in.linkedin.com/jobs/view/data-scientist-at-celebal-technologies-4453514682?position=26&pageNum=0&refId=1jFvyh9RiZI%2FMc%2Bi5QFy7Q%3D%3D&trackingId=f9WJxEkdqbMVqEEssO1oMQ%3D%3D,1 week ago,2026-08-14,Mid-Senior level,"₹100,000.00
            -
            ₹120,000.00","Python, Machine Learning, Deep Learning, NLP, TensorFlow, PyTorch, Keras, Hugging Face, Pandas, NumPy, Scikit-learn, AWS, Azure, GCP",Full-time,100000.0,120000.0
AI/ML Engineer,ChicMic Studios,"Sahibzada Ajit Singh Nagar, Punjab, India",https://in.linkedin.com/jobs/view/ai-ml-engineer-at-chicmic-studios-4441042809?position=27&pageNum=0&refId=1jFvyh9RiZI%2FMc%2Bi5QFy7Q%3D%3D&trackingId=30l4UZp76RyMpkdLxHc%2BeA%3D%3D,1 month ago,2026-07-22,Mid-Senior level,"Base pay range ₹600,000.00/yr - ₹1,600,000.00/yr","Python, R, Machine Learning, Deep Learning, PyTorch, Hugging Face, AWS, Azure, GCP, Docker, Git",Full-time,600000.0,1600000.0
AI/ML Lead,vBots,"Coimbatore, Tamil Nadu, India",https://in.linkedin.com/jobs/view/ai-ml-lead-at-vbots-4431042492?position=28&pageNum=0&refId=1jFvyh9RiZI%2FMc%2Bi5QFy7Q%3D%3D&trackingId=%2FRZaFnSX6hFogVg8sq8ejg%3D%3D,1 month ago,2026-06-28,Mid-Senior level,"₹3,000,000.00
            -
            ₹5,000,000.00","Python, Machine Learning, NLP, TensorFlow, PyTorch, Scikit-learn, AWS, Azure, GCP",Full-time,3000000.0,5000000.0
Machine Learning  Engineer Mid Level,CapeStart,"Nagercoil, Tamil Nadu, India",https://in.linkedin.com/jobs/view/machine-learning-engineer-mid-level-at-capestart-4416630757?position=29&pageNum=0&refId=1jFvyh9RiZI%2FMc%2Bi5QFy7Q%3D%3D&trackingId=VnyttUSwqLJONlCHkJVrAA%3D%3D,3 months ago,2026-05-19,Mid-Senior level,"₹600,000.00
            -
            ₹1,500,000.00","Python, SQL, Machine Learning, Deep Learning, TensorFlow, PyTorch, Keras, Pandas, NumPy, AWS, Azure, GCP, Spark",Full-time,600000.0,1500000.0
AI / ML Engineer,Sequence Dynamics,"Itanagar, Arunachal Pradesh, India",https://in.linkedin.com/jobs/view/ai-ml-engineer-at-sequence-dynamics-4449430937?position=30&pageNum=0&refId=1jFvyh9RiZI%2FMc%2Bi5QFy7Q%3D%3D&trackingId=uSAB6RLIulqNthDCszFEoQ%3D%3D,3 weeks ago,2026-08-05,Mid-Senior level,,"Python, NLP, TensorFlow, PyTorch",Full-time,,
Artificial Intelligence Manager,Orlin Apparel,"Surat, Gujarat, India",https://in.linkedin.com/jobs/view/artificial-intelligence-manager-at-orlin-apparel-4457229808?position=31&pageNum=0&refId=1jFvyh9RiZI%2FMc%2Bi5QFy7Q%3D%3D&trackingId=VTf8stxPm2EteHAJskK4Kw%3D%3D,2 hours ago,2026-08-26,Mid-Senior level,,"Machine Learning, Artificial Intelligence",Full-time,,
"Gen AI |
ML- Data Scientist",Quadratyx,"Aonla, Uttar Pradesh, India",https://in.linkedin.com/jobs/view/gen-ai-%0Aml-data-scientist-at-quadratyx-4449480641?position=32&pageNum=0&refId=1jFvyh9RiZI%2FMc%2Bi5QFy7Q%3D%3D&trackingId=%2Fo9YrLVyoB9C1ePs9QhCAw%3D%3D,3 weeks ago,2026-08-05,Mid-Senior level,"₹600,000.00
            -
            ₹1,100,000.00","Machine Learning, Artificial Intelligence, NLP",Full-time,600000.0,1100000.0
Data Engineer,"Simelabs - Digital, AI/ML, Automation, Robotics, Gen AI.","Kochi, Kerala, India",https://in.linkedin.com/jobs/view/data-engineer-at-simelabs-digital-ai-ml-automation-robotics-gen-ai-4446603263?position=33&pageNum=0&refId=1jFvyh9RiZI%2FMc%2Bi5QFy7Q%3D%3D&trackingId=261HNVS8wQKXK%2Fm7yWkeTw%3D%3D,3 weeks ago,2026-08-04,Mid-Senior level,"₹1,200,000.00
            -
            ₹2,500,000.00","Python, SQL, AWS, Azure, GCP, Docker, Spark, PostgreSQL, Git",Full-time,1200000.0,2500000.0
ML-Ops,Sia,"Mumbai, Maharashtra, India",https://in.linkedin.com/jobs/view/ml-ops-at-sia-4452245349?position=34&pageNum=0&refId=1jFvyh9RiZI%2FMc%2Bi5QFy7Q%3D%3D&trackingId=L%2FzNCCaPCzOKPpfe2yYkmA%3D%3D,1 week ago,2026-08-17,Mid-Senior level,"₹2,000,000.00
            -
            ₹3,800,000.00","Python, Pandas, NumPy, Scikit-learn, GCP, Git",Full-time,2000000.0,3800000.0
Senior Data Scientist,EG A/S,"Mangaluru, Karnataka, India",https://in.linkedin.com/jobs/view/senior-data-scientist-at-eg-a-s-4454298421?position=35&pageNum=0&refId=1jFvyh9RiZI%2FMc%2Bi5QFy7Q%3D%3D&trackingId=jddxO%2BNOpDRfabU3l%2BHc1g%3D%3D,1 week ago,2026-08-17,Mid-Senior level,,"Python, SQL, NLP, TensorFlow, PyTorch, Keras, Power BI, AWS, Azure",Full-time,,
Junior Data Scientist,Comviva,"Yelahanka Satellite Town, Karnataka, India",https://in.linkedin.com/jobs/view/junior-data-scientist-at-comviva-4432563093?position=36&pageNum=0&refId=1jFvyh9RiZI%2FMc%2Bi5QFy7Q%3D%3D&trackingId=J6lvFNq7PHH%2Fhadeuz1LbA%3D%3D,2 months ago,2026-06-24,Mid-Senior level,,"Python, SQL, R, Machine Learning, TensorFlow, Keras, Pandas, NumPy, Scikit-learn, AWS, Azure",Full-time,,
CT-NITRO-Experimental AI Engineer,EY,"Kochi, Kerala, India",https://in.linkedin.com/jobs/view/ct-nitro-experimental-ai-engineer-at-ey-4456875771?position=37&pageNum=0&refId=1jFvyh9RiZI%2FMc%2Bi5QFy7Q%3D%3D&trackingId=6tBw89GXruAFucqSKnCzdw%3D%3D,1 day ago,2026-08-24,Associate,"₹1,000,000.00
            -
            ₹3,000,000.00","Python, Machine Learning, Deep Learning, Artificial Intelligence, NLP, TensorFlow, PyTorch, Keras, Hugging Face, Docker, Git",Full-time,1000000.0,3000000.0
AI Engineer,"C3iHub, IIT Kanpur","Kanpur, Uttar Pradesh, India",https://in.linkedin.com/jobs/view/ai-engineer-at-c3ihub-iit-kanpur-4456214022?position=38&pageNum=0&refId=1jFvyh9RiZI%2FMc%2Bi5QFy7Q%3D%3D&trackingId=DGCEs%2FNB1PC5eFyXf2WI8Q%3D%3D,5 days ago,2026-08-21,Mid-Senior level,"₹400,000.00
            -
            ₹700,000.00","Python, R, Machine Learning, Deep Learning, TensorFlow, PyTorch, Scikit-learn, Docker, Git",Full-time,400000.0,700000.0
"Digital Transformation & AI Specialist - Ahmedabad, India",Qatar Airways,Greater Ahmedabad Area,https://in.linkedin.com/jobs/view/digital-transformation-ai-specialist-ahmedabad-india-at-qatar-airways-4452378652?position=39&pageNum=0&refId=1jFvyh9RiZI%2FMc%2Bi5QFy7Q%3D%3D&trackingId=ohTPmmIlnuh5tnTAtShz9Q%3D%3D,2 weeks ago,2026-08-12,Mid-Senior level,,"Python, SQL, Deep Learning, NLP, TensorFlow, PyTorch",Full-time,,
Data Scientist,SourcingXPress,"Jaipur, Rajasthan, India",https://in.linkedin.com/jobs/view/data-scientist-at-sourcingxpress-4453118547?position=40&pageNum=0&refId=1jFvyh9RiZI%2FMc%2Bi5QFy7Q%3D%3D&trackingId=U8kBUZwRfC9cnPIOqwJRQA%3D%3D,1 week ago,2026-08-17,Mid-Senior level,"₹100,000.00
            -
            ₹120,000.00","Python, Machine Learning, Deep Learning, Artificial Intelligence, NLP, TensorFlow, PyTorch, Keras, Hugging Face, Pandas, NumPy, Scikit-learn, AWS, Azure, GCP",Full-time,100000.0,120000.0
AI Engineer / Machine Learning Engineer,Uest,"Rajkot, Gujarat, India",https://in.linkedin.com/jobs/view/ai-engineer-machine-learning-engineer-at-uest-4433560834?position=41&pageNum=0&refId=1jFvyh9RiZI%2FMc%2Bi5QFy7Q%3D%3D&trackingId=gkWWrevpxmtAbSk9Zp7Cpg%3D%3D,2 months ago,2026-06-26,Entry level,"₹18.00
            -
            ₹20.00","Python, SQL, R, Java, Machine Learning, Deep Learning, NLP, TensorFlow, PyTorch, Keras, Scikit-learn, AWS, Azure, MongoDB",Full-time,18.0,20.0
Data Scientist,Tessely,"Ajmer, Rajasthan, India",https://in.linkedin.com/jobs/view/data-scientist-at-tessely-4441138622?position=42&pageNum=0&refId=1jFvyh9RiZI%2FMc%2Bi5QFy7Q%3D%3D&trackingId=woGW%2Fx2CfvOqUnqTD3B7Mg%3D%3D,1 month ago,2026-07-17,Entry level,,Machine Learning,Full-time,,
Data Scientist - Marketing & Sales,McKinsey & Company,"Gurugram, Haryana, India",https://in.linkedin.com/jobs/view/data-scientist-marketing-sales-at-mckinsey-company-4459006010?position=43&pageNum=0&refId=1jFvyh9RiZI%2FMc%2Bi5QFy7Q%3D%3D&trackingId=F1OOYkZh%2FFGdDrHQ2vzvpQ%3D%3D,19 hours ago,2026-08-25,Mid-Senior level,"₹1,200,000.00
            -
            ₹1,800,000.00","Python, Machine Learning, Deep Learning, TensorFlow, PyTorch, Pandas, NumPy, Scikit-learn, Spark",Full-time,1200000.0,1800000.0
Gen AI-AI and Data Science Engineer III,Deloitte,"Chennai, Tamil Nadu, India",https://in.linkedin.com/jobs/view/gen-ai-ai-and-data-science-engineer-iii-at-deloitte-4425090694?position=44&pageNum=0&refId=1jFvyh9RiZI%2FMc%2Bi5QFy7Q%3D%3D&trackingId=jZ0RCkfq01jmEcJHDbO2gQ%3D%3D,2 weeks ago,2026-08-12,Not Applicable,,"Python, SQL, Deep Learning, Artificial Intelligence, NLP, TensorFlow, PyTorch, Keras, AWS, Azure, GCP, Docker, Git",Full-time,,
Artificial Intelligence Engineer,EYEGLOBAL SOLUTIONS PVT. LTD.,"Chennai, Tamil Nadu, India",https://in.linkedin.com/jobs/view/artificial-intelligence-engineer-at-eyeglobal-solutions-pvt-ltd-4429855898?position=45&pageNum=0&refId=1jFvyh9RiZI%2FMc%2Bi5QFy7Q%3D%3D&trackingId=N%2BVIV71x%2FdwEEG98txDazQ%3D%3D,1 week ago,2026-08-13,Associate,"Base pay range ₹1,500,000.00/yr - ₹2,500,000.00/yr",,Full-time,1500000.0,2500000.0
Artificial Intelligence Engineer,TING,"Kochi, Kerala, India",https://in.linkedin.com/jobs/view/artificial-intelligence-engineer-at-ting-4457234095?position=46&pageNum=0&refId=1jFvyh9RiZI%2FMc%2Bi5QFy7Q%3D%3D&trackingId=BXgpm6u8KaWNbK4cAXNHJQ%3D%3D,6 hours ago,2026-08-26,Associate,"₹1,000,000.00
            -
            ₹3,000,000.00","Python, SQL, GCP, PostgreSQL",Full-time,1000000.0,3000000.0
AI/LLM Data Intelligence Engineer,Clearstate,"Gurugram, Haryana, India",https://in.linkedin.com/jobs/view/ai-llm-data-intelligence-engineer-at-clearstate-4452351525?position=47&pageNum=0&refId=1jFvyh9RiZI%2FMc%2Bi5QFy7Q%3D%3D&trackingId=vm9ruQqoYmYKpaafejdexQ%3D%3D,2 weeks ago,2026-08-12,Associate,"₹1,300,000.00
            -
            ₹1,800,000.00","Python, SQL, R, Hugging Face, AWS, Azure, GCP",Full-time,1300000.0,1800000.0
Data Scientist,Dun & Bradstreet India,"Chennai, Tamil Nadu, India",https://in.linkedin.com/jobs/view/data-scientist-at-dun-bradstreet-india-4453411229?position=48&pageNum=0&refId=1jFvyh9RiZI%2FMc%2Bi5QFy7Q%3D%3D&trackingId=2ucuwnqjApqIdf2%2BUMDGZw%3D%3D,1 week ago,2026-08-19,Mid-Senior level,"₹1,000,000.00
            -
            ₹3,000,000.00","Python, AWS, Azure, GCP, Docker",Full-time,1000000.0,3000000.0
"Gen AI |
ML- Data Scientist",Quadratyx,"Mumbai, Maharashtra, India",https://in.linkedin.com/jobs/view/gen-ai-%0Aml-data-scientist-at-quadratyx-4449489469?position=49&pageNum=0&refId=1jFvyh9RiZI%2FMc%2Bi5QFy7Q%3D%3D&trackingId=2Lv6TqFQjefXvIaSQoBXdQ%3D%3D,3 weeks ago,2026-08-05,Mid-Senior level,,"Machine Learning, Artificial Intelligence, NLP, TensorFlow, PyTorch, Hugging Face",Full-time,,
Data Scientist,BNP Paribas,"Tamil Nadu, India",https://in.linkedin.com/jobs/view/data-scientist-at-bnp-paribas-4452403514?position=50&pageNum=0&refId=1jFvyh9RiZI%2FMc%2Bi5QFy7Q%3D%3D&trackingId=JmoQA8oiRWgO85jrxW8Qwg%3D%3D,2 weeks ago,2026-08-11,,,,,,
ML Engineer I,UST,"Kochi, Kerala, India",https://in.linkedin.com/jobs/view/ml-engineer-i-at-ust-4387085668?position=51&pageNum=0&refId=1jFvyh9RiZI%2FMc%2Bi5QFy7Q%3D%3D&trackingId=eIuq3v%2Bs8tjd9YqV%2F%2F9ETg%3D%3D,4 days ago,2026-08-22,Mid-Senior level,"₹1,000,000.00
            -
            ₹3,000,000.00","Python, Machine Learning, Deep Learning, Artificial Intelligence, NLP, TensorFlow, PyTorch, Pandas, NumPy, Scikit-learn, AWS, Azure, GCP, Docker, Kubernetes, Spark, Git",Full-time,1000000.0,3000000.0
AI & Data Engineer (AIDE),Aistra,"Delhi, India",https://in.linkedin.com/jobs/view/ai-data-engineer-aide-at-aistra-4451519641?position=52&pageNum=0&refId=1jFvyh9RiZI%2FMc%2Bi5QFy7Q%3D%3D&trackingId=o%2BHXv5C5xUyrMJUo2KKScw%3D%3D,2 weeks ago,2026-08-11,Mid-Senior level,,"Python, SQL, AWS, Azure, GCP, Spark, Databricks, Git",Full-time,,
AI Technical Lead,Generac,"Ramban, Jammu & Kashmir, India",https://in.linkedin.com/jobs/view/ai-technical-lead-at-generac-4452228635?position=53&pageNum=0&refId=1jFvyh9RiZI%2FMc%2Bi5QFy7Q%3D%3D&trackingId=JnQhC2j9xy5WWD7PUilAVQ%3D%3D,1 week ago,2026-08-17,Mid-Senior level,,"Python, R, Java, Machine Learning, Artificial Intelligence, NLP, TensorFlow, PyTorch, AWS, Azure, GCP",Full-time,,
AI/ML Engineer,CloudSmartz | Netsmartz Group,"Sahibzada Ajit Singh Nagar, Punjab, India",https://in.linkedin.com/jobs/view/ai-ml-engineer-at-cloudsmartz-netsmartz-group-4401385642?position=54&pageNum=0&refId=1jFvyh9RiZI%2FMc%2Bi5QFy7Q%3D%3D&trackingId=eYWS8E7nZiUrfXEJP815hA%3D%3D,4 months ago,2026-04-13,Mid-Senior level,"₹800,000.00
            -
            ₹1,600,000.00","Python, Machine Learning, TensorFlow, PyTorch, Pandas, NumPy, Scikit-learn, Matplotlib, AWS, Azure, GCP, Docker, Git",Full-time,800000.0,1600000.0
Artificial Intelligence Data Engineer,EisnerAmper India,"Mumbai, Maharashtra, India",https://in.linkedin.com/jobs/view/artificial-intelligence-data-engineer-at-eisneramper-india-4441444596?position=55&pageNum=0&refId=1jFvyh9RiZI%2FMc%2Bi5QFy7Q%3D%3D&trackingId=lgZfxllccwE1xPCg5VaMOg%3D%3D,2 weeks ago,2026-08-06,Not Applicable,"₹500,000.00
            -
            ₹1,500,000.00","Machine Learning, Artificial Intelligence, Azure",Full-time,500000.0,1500000.0
AI Engineer,InvarSys,"Indore, Madhya Pradesh, India",https://in.linkedin.com/jobs/view/ai-engineer-at-invarsys-4449531372?position=56&pageNum=0&refId=1jFvyh9RiZI%2FMc%2Bi5QFy7Q%3D%3D&trackingId=%2BOGAqM9i7af6nSbdGenXJA%3D%3D,2 weeks ago,2026-08-10,Mid-Senior level,,"Python, Machine Learning, Deep Learning, TensorFlow, PyTorch, Scikit-learn, AWS, Azure, GCP",Full-time,,
Straviso - Data Scientist - Artificial Intelligence/Machine Learning,StraViso,Greater Kolkata Area,https://in.linkedin.com/jobs/view/straviso-data-scientist-artificial-intelligence-machine-learning-at-straviso-4438549287?position=57&pageNum=0&refId=1jFvyh9RiZI%2FMc%2Bi5QFy7Q%3D%3D&trackingId=OAcwe5xQYopkE%2FEry7TRcQ%3D%3D,1 month ago,2026-07-09,Mid-Senior level,,"Python, SQL, Machine Learning, Deep Learning, Artificial Intelligence, NLP, TensorFlow, PyTorch, Hugging Face, Scikit-learn, AWS, Azure, GCP, Docker, Kubernetes, Git",Full-time,,
Machine Learning,App Innovation Technologies,"Tiruchirappalli, Tamil Nadu, India",https://in.linkedin.com/jobs/view/machine-learning-at-app-innovation-technologies-4306114560?position=58&pageNum=0&refId=1jFvyh9RiZI%2FMc%2Bi5QFy7Q%3D%3D&trackingId=HrgYl9gG%2BPYIgXHqrV3D%2BA%3D%3D,10 months ago,2025-09-30,Associate,"Base pay range ₹100,000.00/yr - ₹300,000.00/yr","Python, R, Java, Machine Learning, Deep Learning, Artificial Intelligence",Full-time,100000.0,300000.0
Data Scientist (R-19646),Dun & Bradstreet,"Chennai, Tamil Nadu, India",https://in.linkedin.com/jobs/view/data-scientist-r-19646-at-dun-bradstreet-4444506984?position=59&pageNum=0&refId=1jFvyh9RiZI%2FMc%2Bi5QFy7Q%3D%3D&trackingId=B3K3pE%2BtIo5mnxoXe9NL5A%3D%3D,1 week ago,2026-08-17,Mid-Senior level,,"Python, Artificial Intelligence, AWS, Azure, GCP, Docker",Full-time,,
Data Architect - Gen AI,eInfochips (An Arrow Company),"Ahmedabad, Gujarat, India",https://in.linkedin.com/jobs/view/data-architect-gen-ai-at-einfochips-an-arrow-company-4452932683?position=60&pageNum=0&refId=1jFvyh9RiZI%2FMc%2Bi5QFy7Q%3D%3D&trackingId=EgFa2lTz5uoqWujfnZbISg%3D%3D,1 week ago,2026-08-13,Mid-Senior level,"₹2,500,000.00
            -
            ₹3,000,000.00","Python, Machine Learning, Deep Learning, Artificial Intelligence, NLP, Azure, GCP, Spark, Databricks",Full-time,2500000.0,3000000.0
Data Scientist-Artificial Intelligence,IBM,"Kochi, Kerala, India",https://in.linkedin.com/jobs/view/data-scientist-artificial-intelligence-at-ibm-4446241710?position=1&pageNum=0&refId=MyAU%2Bu9MPaC%2F0hXS45%2BlKw%3D%3D&trackingId=cDWzp8R%2BnJwRbgwyc2QMPA%3D%3D,19 hours ago,2026-08-25,Mid-Senior level,"₹1,000,000.00
            -
            ₹3,000,000.00","Python, SQL, Machine Learning, Artificial Intelligence, NLP, TensorFlow, PyTorch, Keras, Hugging Face, Pandas, Matplotlib, AWS, Azure, GCP, Kubernetes, MongoDB",Full-time,1000000.0,3000000.0
Senior Data Scientist - I,MetLife,"Pune Division, Maharashtra, India",https://in.linkedin.com/jobs/view/senior-data-scientist-i-at-metlife-4455731862?position=2&pageNum=0&refId=MyAU%2Bu9MPaC%2F0hXS45%2BlKw%3D%3D&trackingId=6kvOBrb%2F6DK0iyqvnRSs5w%3D%3D,22 hours ago,2026-08-25,Mid-Senior level,,"Python, Machine Learning, NLP, TensorFlow, PyTorch, Scikit-learn, Azure",Full-time,,
Senior Data Scientist,SourcingXPress,"Gurgaon, Haryana, India",https://in.linkedin.com/jobs/view/senior-data-scientist-at-sourcingxpress-4384572454?position=3&pageNum=0&refId=MyAU%2Bu9MPaC%2F0hXS45%2BlKw%3D%3D&trackingId=CSl761S4elVW6uwKMXycEg%3D%3D,5 months ago,2026-03-16,Mid-Senior level,"Base pay range ₹2,000,000.00/yr - ₹4,000,000.00/yr","Python, Machine Learning, Deep Learning, AWS, Azure, GCP, Databricks",Full-time,2000000.0,4000000.0
Sr Advanced Data Scientist,Honeywell Technologies,"Pune Division, Maharashtra, India",https://in.linkedin.com/jobs/view/sr-advanced-data-scientist-at-honeywell-technologies-4445700716?position=4&pageNum=0&refId=MyAU%2Bu9MPaC%2F0hXS45%2BlKw%3D%3D&trackingId=2t8VfUfuMV6EF%2FcVTH2UXw%3D%3D,1 week ago,2026-08-18,Mid-Senior level,,"Python, R, Machine Learning, Azure, Databricks",Full-time,,
Senior Data Scientist I,MetLife,"Pune Division, Maharashtra, India",https://in.linkedin.com/jobs/view/senior-data-scientist-i-at-metlife-4446306265?position=5&pageNum=0&refId=MyAU%2Bu9MPaC%2F0hXS45%2BlKw%3D%3D&trackingId=awdDgzRrWQJvZOB9Jzv9KA%3D%3D,3 weeks ago,2026-08-03,Mid-Senior level,,"Python, Machine Learning, NLP, TensorFlow, PyTorch, Scikit-learn, Azure",Full-time,,
Senior Data Scientist,Amplify Health,"Gurugram, Haryana, India",https://in.linkedin.com/jobs/view/senior-data-scientist-at-amplify-health-4445437035?position=6&pageNum=0&refId=MyAU%2Bu9MPaC%2F0hXS45%2BlKw%3D%3D&trackingId=hXMeZF2NBFNGkBvfIH%2B%2F%2Fw%3D%3D,4 weeks ago,2026-07-28,Mid-Senior level,"₹2,000,000.00
            -
            ₹4,000,000.00","Python, SQL, Machine Learning, Deep Learning, NLP, TensorFlow, PyTorch, Hugging Face, Scikit-learn, Azure, Docker, Kubernetes, Databricks",Full-time,2000000.0,4000000.0
Senior Data Scientist,SEI,Greater Hyderabad Area,https://in.linkedin.com/jobs/view/senior-data-scientist-at-sei-4407866688?position=7&pageNum=0&refId=MyAU%2Bu9MPaC%2F0hXS45%2BlKw%3D%3D&trackingId=tUv76HscPCwU1OOwaTzp8w%3D%3D,1 week ago,2026-08-14,Mid-Senior level,"₹4,000,000.00
            -
            ₹5,500,000.00","Python, SQL, R, Machine Learning, Artificial Intelligence, TensorFlow, PyTorch, Pandas, Scikit-learn, Matplotlib, Power BI, Tableau, AWS, Azure, GCP, Docker, Kubernetes, Spark",Full-time,4000000.0,5500000.0
Lead Data Scientist,AtkinsRéalis,"Gurgaon, Haryana, India",https://in.linkedin.com/jobs/view/lead-data-scientist-at-atkinsr%C3%A9alis-4446571831?position=8&pageNum=0&refId=MyAU%2Bu9MPaC%2F0hXS45%2BlKw%3D%3D&trackingId=qY1Xtk4tMHrrFaZp9wXeiA%3D%3D,3 weeks ago,2026-08-04,Mid-Senior level,"₹1,000,000.00
            -
            ₹3,000,000.00","Python, Machine Learning, Deep Learning, TensorFlow, PyTorch, Hugging Face, Azure",Full-time,1000000.0,3000000.0
Data Scientist - Machine Learning,United Airlines India Knowledge Center,"Gurugram, Haryana, India",https://in.linkedin.com/jobs/view/data-scientist-machine-learning-at-united-airlines-india-knowledge-center-4457838253?position=9&pageNum=0&refId=MyAU%2Bu9MPaC%2F0hXS45%2BlKw%3D%3D&trackingId=RU9A0B7GUiLKluV99Xy30Q%3D%3D,3 days ago,2026-08-22,Mid-Senior level,"₹1,200,000.00
            -
            ₹1,800,000.00","Python, SQL, Machine Learning, Artificial Intelligence, Git",Full-time,1200000.0,1800000.0
Lead Data Scientist- Gen AI-ML- Vice president,Citi,"Chennai, Tamil Nadu, India",https://in.linkedin.com/jobs/view/lead-data-scientist-gen-ai-ml-vice-president-at-citi-4446423940?position=10&pageNum=0&refId=MyAU%2Bu9MPaC%2F0hXS45%2BlKw%3D%3D&trackingId=CGSKh9WZbe%2FZmjA3yHPs4g%3D%3D,5 days ago,2026-08-20,Not Applicable,,"Python, SQL, Machine Learning, NLP, TensorFlow, PyTorch, Pandas, NumPy, Scikit-learn, Matplotlib, Power BI, Tableau, Git",Full-time,,
Sr Advanced Data Scientist,Honeywell Technologies,"Delhi, India",https://in.linkedin.com/jobs/view/sr-advanced-data-scientist-at-honeywell-technologies-4445717520?position=11&pageNum=0&refId=MyAU%2Bu9MPaC%2F0hXS45%2BlKw%3D%3D&trackingId=uvCse69zpqA7xiIUAeF%2F7Q%3D%3D,1 week ago,2026-08-18,Mid-Senior level,"₹2,000,000.00
            -
            ₹4,000,000.00","Python, R, Machine Learning, Azure, Databricks",Full-time,2000000.0,4000000.0
Data Scientist,Thales,"Noida, Uttar Pradesh, India",https://in.linkedin.com/jobs/view/data-scientist-at-thales-4417326819?position=12&pageNum=0&refId=MyAU%2Bu9MPaC%2F0hXS45%2BlKw%3D%3D&trackingId=fkz54TnDkbAQ2f%2FzQNDC0g%3D%3D,1 week ago,2026-08-15,Not Applicable,"₹1,200,000.00
            -
            ₹1,800,000.00","Python, SQL, Machine Learning, Artificial Intelligence, GCP, Databricks",Full-time,1200000.0,1800000.0
AI/ML Data Science / Gen AI / MLOps,Cognizant,"Chennai, Tamil Nadu, India",https://in.linkedin.com/jobs/view/ai-ml-data-science-gen-ai-mlops-at-cognizant-4447622047?position=13&pageNum=0&refId=MyAU%2Bu9MPaC%2F0hXS45%2BlKw%3D%3D&trackingId=DM3T1t2yFyTGmdlDtI4XlQ%3D%3D,2 days ago,2026-08-23,Mid-Senior level,"₹1,500,000.00
            -
            ₹2,500,000.00","Python, Machine Learning, TensorFlow, PyTorch, Azure, Docker, Kubernetes",Full-time,1500000.0,2500000.0
Machine Learning Engineer,Simplify Healthcare,"Pune Division, Maharashtra, India",https://in.linkedin.com/jobs/view/machine-learning-engineer-at-simplify-healthcare-4455251418?position=14&pageNum=0&refId=MyAU%2Bu9MPaC%2F0hXS45%2BlKw%3D%3D&trackingId=ms7otTZkIicm%2FbGF7T%2FHZQ%3D%3D,1 week ago,2026-08-17,,,,,,
Senior Data Scientist,"InvoiceCloud, Inc.","Hyderabad, Telangana, India",https://in.linkedin.com/jobs/view/senior-data-scientist-at-invoicecloud-inc-4419691849?position=15&pageNum=0&refId=MyAU%2Bu9MPaC%2F0hXS45%2BlKw%3D%3D&trackingId=BPloVAxBXfr9nb5jN%2BzcaA%3D%3D,2 weeks ago,2026-08-05,Mid-Senior level,"₹4,000,000.00
            -
            ₹5,500,000.00","Python, SQL, Machine Learning, Deep Learning, TensorFlow, PyTorch, Pandas, NumPy, Scikit-learn, AWS, Azure, GCP, Docker, Kubernetes, Databricks, Git",Full-time,4000000.0,5500000.0
Principal Data Scientist,Atlassian,Greater Kolkata Area,https://in.linkedin.com/jobs/view/principal-data-scientist-at-atlassian-4454857134?position=16&pageNum=0&refId=MyAU%2Bu9MPaC%2F0hXS45%2BlKw%3D%3D&trackingId=zEGffpJ8QuTExTCuhtVwYg%3D%3D,1 week ago,2026-08-15,Mid-Senior level,,"Python, SQL, R, Machine Learning, Pandas, NumPy, Scikit-learn, Matplotlib, Tableau",Full-time,,
Data Scientist I,Kroll,"Hyderabad, Telangana, India",https://in.linkedin.com/jobs/view/data-scientist-i-at-kroll-4453474215?position=17&pageNum=0&refId=MyAU%2Bu9MPaC%2F0hXS45%2BlKw%3D%3D&trackingId=oD0qU9Bh9kCzbK2AXnsKgQ%3D%3D,6 days ago,2026-08-19,,,,,,
Data Scientist + Databricks AI/ML - Sr Architect,Birlasoft,Pune/Pimpri-Chinchwad Area,https://in.linkedin.com/jobs/view/data-scientist-%2B-databricks-ai-ml-sr-architect-at-birlasoft-4453578053?position=18&pageNum=0&refId=MyAU%2Bu9MPaC%2F0hXS45%2BlKw%3D%3D&trackingId=uiA1qs7mHPGQ7zM9Wo39LQ%3D%3D,1 week ago,2026-08-14,Mid-Senior level,,"Python, SQL, NLP, TensorFlow, PyTorch, Scikit-learn, Power BI, Tableau, AWS, Azure, GCP, Databricks",Full-time,,
Senior Principal Data Scientist,AtkinsRéalis,"Bengaluru East, Karnataka, India",https://in.linkedin.com/jobs/view/senior-principal-data-scientist-at-atkinsr%C3%A9alis-4394640162?position=19&pageNum=0&refId=MyAU%2Bu9MPaC%2F0hXS45%2BlKw%3D%3D&trackingId=C1sdn32mqUPBCNhiUw0qBg%3D%3D,4 months ago,2026-04-07,Mid-Senior level,"₹5,000,000.00
            -
            ₹7,000,000.00","Python, Machine Learning, NLP, TensorFlow, PyTorch, Hugging Face, AWS, Azure",Full-time,5000000.0,7000000.0
Data Science and AIML Lead - AITDS,Cognizant,"Hyderabad, Telangana, India",https://in.linkedin.com/jobs/view/data-science-and-aiml-lead-aitds-at-cognizant-4414475083?position=20&pageNum=0&refId=MyAU%2Bu9MPaC%2F0hXS45%2BlKw%3D%3D&trackingId=gWfEM0KvvhETbSn2KLn4gg%3D%3D,2 weeks ago,2026-08-08,Mid-Senior level,,"Python, Machine Learning, TensorFlow, PyTorch, Scikit-learn, AWS, Azure, GCP",Full-time,,
Straviso - Senior Data Scientist - Machine Learning,StraViso,Greater Kolkata Area,https://in.linkedin.com/jobs/view/straviso-senior-data-scientist-machine-learning-at-straviso-4438548274?position=21&pageNum=0&refId=MyAU%2Bu9MPaC%2F0hXS45%2BlKw%3D%3D&trackingId=POuTRYAGigbHatV6GikKAA%3D%3D,1 month ago,2026-07-09,Mid-Senior level,,"Python, SQL, Machine Learning, Deep Learning, Artificial Intelligence, NLP, TensorFlow, PyTorch, Hugging Face, Scikit-learn, AWS, Azure, GCP, Docker, Kubernetes, Spark, Git",Full-time,,
Data Scientist I,Kroll,"New Delhi, Delhi, India",https://in.linkedin.com/jobs/view/data-scientist-i-at-kroll-4453471229?position=22&pageNum=0&refId=MyAU%2Bu9MPaC%2F0hXS45%2BlKw%3D%3D&trackingId=wqCenuXhNf6u5ekkIAugnw%3D%3D,6 days ago,2026-08-19,Entry level,"₹1,200,000.00
            -
            ₹1,800,000.00","Python, Machine Learning, Deep Learning, NLP, TensorFlow, PyTorch, Hugging Face, Pandas, NumPy, Scikit-learn, AWS, Azure, GCP, Spark, Databricks",Full-time,1200000.0,1800000.0
Data Scientist,Avahi,"Pune Division, Maharashtra, India",https://in.linkedin.com/jobs/view/data-scientist-at-avahi-4436347282?position=23&pageNum=0&refId=MyAU%2Bu9MPaC%2F0hXS45%2BlKw%3D%3D&trackingId=5UqAQ4Ep93bk3ZKSi21bsw%3D%3D,1 week ago,2026-08-15,Mid-Senior level,,"Python, PyTorch, AWS",Full-time,,
Data Scientist – Mortgage Analytics & AI,loanDNA,"Chennai, Tamil Nadu, India",https://in.linkedin.com/jobs/view/data-scientist-%E2%80%93-mortgage-analytics-ai-at-loandna-4453688615?position=24&pageNum=0&refId=MyAU%2Bu9MPaC%2F0hXS45%2BlKw%3D%3D&trackingId=yWFyaYsOBXcdMT945Hhu%2FQ%3D%3D,1 week ago,2026-08-13,Mid-Senior level,"₹1,000,000.00
            -
            ₹3,000,000.00","Python, SQL, Machine Learning, Deep Learning, TensorFlow, PyTorch, Pandas, NumPy, Scikit-learn, AWS, Azure, Docker, Kubernetes, Databricks, Git",Full-time,1000000.0,3000000.0
Staff Data Scientist,Stryker,"Gurugram, Haryana, India",https://in.linkedin.com/jobs/view/staff-data-scientist-at-stryker-4436215738?position=25&pageNum=0&refId=MyAU%2Bu9MPaC%2F0hXS45%2BlKw%3D%3D&trackingId=U2pMjoxRacM5GLO2hzrU6A%3D%3D,1 month ago,2026-07-07,Associate,"₹12.00
            -
            ₹25.00","Python, SQL, Machine Learning, NLP, Power BI, Azure, Spark, Databricks, Git",Full-time,12.0,25.0
Predictive Analytics Data Scientist-AI Labs,Adani Enterprises Limited,"Ahmedabad, Gujarat, India",https://in.linkedin.com/jobs/view/predictive-analytics-data-scientist-ai-labs-at-adani-enterprises-limited-4427055522?position=26&pageNum=0&refId=MyAU%2Bu9MPaC%2F0hXS45%2BlKw%3D%3D&trackingId=8zPkZstA73R%2F5HgRybl4lg%3D%3D,1 week ago,2026-08-14,Entry level,"₹800,000.00
            -
            ₹1,200,000.00","Machine Learning, Deep Learning, Artificial Intelligence, AWS, Azure, GCP, Docker, Kubernetes",Full-time,800000.0,1200000.0
Lead Data Scientist,Gartner,"Gurgaon, Haryana, India",https://in.linkedin.com/jobs/view/lead-data-scientist-at-gartner-4446434435?position=27&pageNum=0&refId=MyAU%2Bu9MPaC%2F0hXS45%2BlKw%3D%3D&trackingId=%2Bq1JrRclPUgPlOmFJrSqcQ%3D%3D,6 days ago,2026-08-20,Not Applicable,"₹1,000,000.00
            -
            ₹3,000,000.00","Python, SQL, Machine Learning, Deep Learning, Artificial Intelligence, NLP, TensorFlow, PyTorch, Pandas, NumPy, Scikit-learn, Power BI, AWS, Azure, GCP, Spark, Databricks",Full-time,1000000.0,3000000.0
"Lead, Data Scientist",Bain & Company,"Gurugram, Haryana, India",https://in.linkedin.com/jobs/view/lead-data-scientist-at-bain-company-4440907806?position=28&pageNum=0&refId=MyAU%2Bu9MPaC%2F0hXS45%2BlKw%3D%3D&trackingId=t5HBSqvQheQ%2FLIy6UwMq1Q%3D%3D,2 weeks ago,2026-08-09,Not Applicable,"₹1,000,000.00
            -
            ₹3,000,000.00","Python, SQL, Machine Learning, Deep Learning, Artificial Intelligence, NLP, AWS, Azure, GCP, Docker, Spark, MongoDB, PostgreSQL",Full-time,1000000.0,3000000.0
Senior Data Scientist,"FourKites, Inc.",Greater Chennai Area,https://in.linkedin.com/jobs/view/senior-data-scientist-at-fourkites-inc-4458585972?position=29&pageNum=0&refId=MyAU%2Bu9MPaC%2F0hXS45%2BlKw%3D%3D&trackingId=pwut1J4lM5%2BTuKkbBhL6RQ%3D%3D,1 day ago,2026-08-25,Mid-Senior level,,"Python, SQL, Machine Learning, NLP, Pandas, Scikit-learn, AWS",Full-time,,
Data Scientist-Artificial Intelligence,IBM,"Pune Division, Maharashtra, India",https://in.linkedin.com/jobs/view/data-scientist-artificial-intelligence-at-ibm-4446243677?position=30&pageNum=0&refId=MyAU%2Bu9MPaC%2F0hXS45%2BlKw%3D%3D&trackingId=qlkhXyFZAvluDEqHUPjD%2BA%3D%3D,19 hours ago,2026-08-25,Mid-Senior level,"₹1,000,000.00
            -
            ₹1,200,000.00","Python, SQL, Machine Learning, Artificial Intelligence, NLP, TensorFlow, PyTorch, Keras, Hugging Face, Pandas, Matplotlib, AWS, Azure, GCP, Kubernetes, MongoDB",Full-time,1000000.0,1200000.0
Lead Data Scientist,XCaliber Health,"Bengaluru East, Karnataka, India",https://in.linkedin.com/jobs/view/lead-data-scientist-at-xcaliber-health-4434281766?position=31&pageNum=0&refId=MyAU%2Bu9MPaC%2F0hXS45%2BlKw%3D%3D&trackingId=l%2BpzFhvdikcTCRNN6eO%2Fag%3D%3D,1 month ago,2026-06-28,Mid-Senior level,,"Python, Machine Learning, NLP",Full-time,,
Principal Data Scientist,JAGGAER,Greater Hyderabad Area,https://in.linkedin.com/jobs/view/principal-data-scientist-at-jaggaer-4451521110?position=32&pageNum=0&refId=MyAU%2Bu9MPaC%2F0hXS45%2BlKw%3D%3D&trackingId=JLidm%2FnU%2FDMeQVZnU%2BoKtQ%3D%3D,2 weeks ago,2026-08-10,Mid-Senior level,,"Python, SQL, R, TensorFlow, PyTorch, Pandas, Scikit-learn, Tableau, AWS, Azure, GCP, Docker, Kubernetes, Git",Full-time,,
Senior Data Scientist,Sonatype,"Hyderabad, Telangana, India",https://in.linkedin.com/jobs/view/senior-data-scientist-at-sonatype-4448280537?position=33&pageNum=0&refId=MyAU%2Bu9MPaC%2F0hXS45%2BlKw%3D%3D&trackingId=eVnY0A8U0EGrd0Jaw0NTcw%3D%3D,1 day ago,2026-08-25,Associate,"₹4,000,000.00
            -
            ₹5,500,000.00","Python, Java, Machine Learning, Deep Learning, Artificial Intelligence, TensorFlow, PyTorch, Scikit-learn, AWS, Databricks, Git",Full-time,4000000.0,5500000.0
Senior Data Scientist,Skan AI,"Bengaluru, Karnataka, India",https://in.linkedin.com/jobs/view/senior-data-scientist-at-skan-ai-4456247269?position=34&pageNum=0&refId=MyAU%2Bu9MPaC%2F0hXS45%2BlKw%3D%3D&trackingId=TH2Wgxlhie9ItOjxZAKt0g%3D%3D,4 days ago,2026-08-21,Mid-Senior level,,"Python, Deep Learning, NLP, Spark, Databricks",Full-time,,
Senior Data Scientist,Aligned Automation,"Pune Division, Maharashtra, India",https://in.linkedin.com/jobs/view/senior-data-scientist-at-aligned-automation-4454272168?position=35&pageNum=0&refId=MyAU%2Bu9MPaC%2F0hXS45%2BlKw%3D%3D&trackingId=8lXOZ77yhzPblBZECkoDeQ%3D%3D,1 week ago,2026-08-13,Mid-Senior level,,"Python, Machine Learning, TensorFlow, PyTorch, Pandas, Scikit-learn",Full-time,,
Senior Data Scientist,SourcingXPress,"Hyderabad, Telangana, India",https://in.linkedin.com/jobs/view/senior-data-scientist-at-sourcingxpress-4377843079?position=36&pageNum=0&refId=MyAU%2Bu9MPaC%2F0hXS45%2BlKw%3D%3D&trackingId=th1BjAPfAo2ZXgp%2BDSGwVw%3D%3D,5 months ago,2026-02-27,Mid-Senior level,"Base pay range ₹3,500,000.00/yr - ₹5,000,000.00/yr","Python, SQL, Machine Learning, AWS, Azure, GCP, Docker, Spark",Full-time,3500000.0,5000000.0
Senior Data Scientist,CitiusTech,"Hyderabad, Telangana, India",https://in.linkedin.com/jobs/view/senior-data-scientist-at-citiustech-4447280305?position=37&pageNum=0&refId=MyAU%2Bu9MPaC%2F0hXS45%2BlKw%3D%3D&trackingId=abxa4NN0Y3LdSSXbdx%2BGLQ%3D%3D,3 weeks ago,2026-07-31,Mid-Senior level,"₹4,000,000.00
            -
            ₹5,500,000.00","Python, SQL, Machine Learning, NLP, TensorFlow, PyTorch, Scikit-learn, Power BI, Tableau, Azure, Databricks",Full-time,4000000.0,5500000.0
Staff Data Scientist – Healthcare,Anblicks,"Hyderabad, Telangana, India",https://in.linkedin.com/jobs/view/staff-data-scientist-%E2%80%93-healthcare-at-anblicks-4425796423?position=38&pageNum=0&refId=MyAU%2Bu9MPaC%2F0hXS45%2BlKw%3D%3D&trackingId=zjzHfH3SQ%2BwHKeFwRX12vg%3D%3D,2 months ago,2026-06-15,Mid-Senior level,,"Python, R, Machine Learning, Deep Learning, AWS, Docker, Kubernetes, Spark, Databricks",Full-time,,
Machine Learning-AI and Data Science Engineer III,Deloitte,"Chennai, Tamil Nadu, India",https://in.linkedin.com/jobs/view/machine-learning-ai-and-data-science-engineer-iii-at-deloitte-4425095675?position=39&pageNum=0&refId=MyAU%2Bu9MPaC%2F0hXS45%2BlKw%3D%3D&trackingId=T9v%2BUjpwP25dcUHB49guHA%3D%3D,1 week ago,2026-08-15,,,,,,
Senior Data Scientist,Cognite,"Bengaluru, Karnataka, India",https://in.linkedin.com/jobs/view/senior-data-scientist-at-cognite-4446547646?position=40&pageNum=0&refId=MyAU%2Bu9MPaC%2F0hXS45%2BlKw%3D%3D&trackingId=5pa49TrD%2BUlQ33Nu5%2Bm8Ew%3D%3D,6 days ago,2026-08-19,,,,,,
Machine Learning-Lead AI and Data Science Engineer II,Deloitte,"Chennai, Tamil Nadu, India",https://in.linkedin.com/jobs/view/machine-learning-lead-ai-and-data-science-engineer-ii-at-deloitte-4440237541?position=41&pageNum=0&refId=MyAU%2Bu9MPaC%2F0hXS45%2BlKw%3D%3D&trackingId=qdKdqqsnZ%2BW24G8eGA8yjQ%3D%3D,2 weeks ago,2026-08-06,Not Applicable,,"Python, SQL, Deep Learning, NLP, TensorFlow, PyTorch, Keras, AWS, Azure, GCP, Docker, Git",Full-time,,
Machine Learning Engineer/Data Engineer,Adient,"Pune City, Maharashtra, India",https://in.linkedin.com/jobs/view/machine-learning-engineer-data-engineer-at-adient-4411506846?position=42&pageNum=0&refId=MyAU%2Bu9MPaC%2F0hXS45%2BlKw%3D%3D&trackingId=%2B5oRbadrYMlcXQBotBSdjQ%3D%3D,3 months ago,2026-05-14,Mid-Senior level,"₹1,500,000.00
            -
            ₹2,500,000.00","Python, SQL, Machine Learning, Pandas, NumPy, Scikit-learn, Matplotlib, Azure",Full-time,1500000.0,2500000.0
Data Scientist III,Navi,"Bangalore Urban, Karnataka, India",https://in.linkedin.com/jobs/view/data-scientist-iii-at-navi-4448539970?position=43&pageNum=0&refId=MyAU%2Bu9MPaC%2F0hXS45%2BlKw%3D%3D&trackingId=vHKrnlqD5Vvq3gzvWGmapA%3D%3D,3 weeks ago,2026-08-04,Mid-Senior level,,"Python, Machine Learning, Deep Learning, TensorFlow, Keras, Scikit-learn",Full-time,,
Senior Lead Data Scientist,4flow,"Bengaluru, Karnataka, India",https://in.linkedin.com/jobs/view/senior-lead-data-scientist-at-4flow-4443937418?position=44&pageNum=0&refId=MyAU%2Bu9MPaC%2F0hXS45%2BlKw%3D%3D&trackingId=%2FT1hkBmVYdthmMjcpSgUqQ%3D%3D,1 week ago,2026-08-13,Mid-Senior level,,Machine Learning,Full-time,,
Lead Data scientist,Philips,"Bengaluru, Karnataka, India",https://in.linkedin.com/jobs/view/lead-data-scientist-at-philips-4448528032?position=45&pageNum=0&refId=MyAU%2Bu9MPaC%2F0hXS45%2BlKw%3D%3D&trackingId=UPmBDw%2BKbNTR%2BnDO1MvXtg%3D%3D,1 hour ago,2026-08-26,Mid-Senior level,,"Python, SQL, Machine Learning, Deep Learning, NLP, TensorFlow, PyTorch, AWS, Azure",Full-time,,
DataNimbus - ML Architect - Data Science,DataNimbus,Greater Kolkata Area,https://in.linkedin.com/jobs/view/datanimbus-ml-architect-data-science-at-datanimbus-4445358620?position=46&pageNum=0&refId=MyAU%2Bu9MPaC%2F0hXS45%2BlKw%3D%3D&trackingId=NLpxOjr8PUmrRa9YTH2oPQ%3D%3D,1 month ago,2026-07-26,Mid-Senior level,"₹500,000.00
            -
            ₹3,500,000.00","Machine Learning, TensorFlow, PyTorch, Pandas, Scikit-learn, AWS, Azure, GCP, Spark, Databricks",Full-time,500000.0,3500000.0
Analyst - Data Scientist,United Airlines India Knowledge Center,"Gurugram, Haryana, India",https://in.linkedin.com/jobs/view/analyst-data-scientist-at-united-airlines-india-knowledge-center-4450731636?position=47&pageNum=0&refId=MyAU%2Bu9MPaC%2F0hXS45%2BlKw%3D%3D&trackingId=31u8YYyKB1WFZbKoRB4Vvw%3D%3D,2 weeks ago,2026-08-07,,,,,,
Digital Manager,EY,"Kolkata, West Bengal, India",https://in.linkedin.com/jobs/view/digital-manager-at-ey-4456528091?position=48&pageNum=0&refId=MyAU%2Bu9MPaC%2F0hXS45%2BlKw%3D%3D&trackingId=TQaS0R7ZTc%2FnL3VaJRELxA%3D%3D,1 day ago,2026-08-24,Mid-Senior level,,"Python, SQL, Machine Learning, Deep Learning, Azure, Docker, Kubernetes",Full-time,,
Senior Data Scientist (5 to 8 Years),Fractal,"Bengaluru, Karnataka, India",https://in.linkedin.com/jobs/view/senior-data-scientist-5-to-8-years-at-fractal-4389546678?position=49&pageNum=0&refId=MyAU%2Bu9MPaC%2F0hXS45%2BlKw%3D%3D&trackingId=%2BiYbz%2FfjxtLJZUbgvFyYIA%3D%3D,1 week ago,2026-08-14,Mid-Senior level,,"Python, R, Machine Learning, Azure, GCP, Spark, Databricks",Full-time,,
Product Specialist,Bajaj Finserv,"Pune Division, Maharashtra, India",https://in.linkedin.com/jobs/view/product-specialist-at-bajaj-finserv-4420472918?position=50&pageNum=0&refId=MyAU%2Bu9MPaC%2F0hXS45%2BlKw%3D%3D&trackingId=cVJk5yPBQBUsSWSgedcDKQ%3D%3D,2 months ago,2026-05-28,Associate,,"Python, SQL, TensorFlow, PyTorch, Pandas, Spark, MongoDB, Git",Full-time,,
Data Scientist 10+yrs,IQLEXA Technologies,"Pune Division, Maharashtra, India",https://in.linkedin.com/jobs/view/data-scientist-10%2Byrs-at-iqlexa-technologies-4454168982?position=51&pageNum=0&refId=MyAU%2Bu9MPaC%2F0hXS45%2BlKw%3D%3D&trackingId=sIkOMw23AWzt0Oq%2BQjuJsQ%3D%3D,5 days ago,2026-08-21,Entry level,,"Python, SQL, Machine Learning, Deep Learning, NLP, TensorFlow, PyTorch, Pandas, NumPy, Scikit-learn, AWS, Azure, GCP, Spark",Full-time,,
Data Scientist,EXL,"Pune Division, Maharashtra, India",https://in.linkedin.com/jobs/view/data-scientist-at-exl-4446724288?position=52&pageNum=0&refId=MyAU%2Bu9MPaC%2F0hXS45%2BlKw%3D%3D&trackingId=bSig%2B4L7NOCCQyBTAOga6Q%3D%3D,5 days ago,2026-08-20,,,,,,
Straviso - Data Scientist - Artificial Intelligence/Machine Learning,StraViso,Greater Kolkata Area,https://in.linkedin.com/jobs/view/straviso-data-scientist-artificial-intelligence-machine-learning-at-straviso-4438549287?position=53&pageNum=0&refId=MyAU%2Bu9MPaC%2F0hXS45%2BlKw%3D%3D&trackingId=QC3Efxg2XnSfhv6o6gcyqw%3D%3D,1 month ago,2026-07-09,,,,,,
Principal Data Scientist - Digital Health,Alcon,"Bengaluru, Karnataka, India",https://in.linkedin.com/jobs/view/principal-data-scientist-digital-health-at-alcon-4450090718?position=54&pageNum=0&refId=MyAU%2Bu9MPaC%2F0hXS45%2BlKw%3D%3D&trackingId=LTqU4evyoOe0QC%2Fq1krT%2FQ%3D%3D,2 weeks ago,2026-08-07,Mid-Senior level,,"Python, SQL, Deep Learning, AWS, Azure, GCP",Full-time,,
Sr Data Scientist,HERE Technologies,Mumbai Metropolitan Region,https://in.linkedin.com/jobs/view/sr-data-scientist-at-here-technologies-4442723388?position=55&pageNum=0&refId=MyAU%2Bu9MPaC%2F0hXS45%2BlKw%3D%3D&trackingId=nxUZSBVSEoaAzeny8sqC5w%3D%3D,2 weeks ago,2026-08-11,Mid-Senior level,"$60.00
            -
            $65.00","Python, SQL, R, Machine Learning, Deep Learning, Spark",Full-time,60.0,65.0
"Data Scientist – AI, Machine Learning & Analytics",CodeClouds,Greater Kolkata Area,https://in.linkedin.com/jobs/view/data-scientist-%E2%80%93-ai-machine-learning-analytics-at-codeclouds-4435630109?position=56&pageNum=0&refId=MyAU%2Bu9MPaC%2F0hXS45%2BlKw%3D%3D&trackingId=x3U2jfOEuVUCi42%2F6q0%2BRA%3D%3D,2 months ago,2026-06-14,Mid-Senior level,,"Machine Learning, Deep Learning",Full-time,,
Lead Data Scientist,Accenture in India,"Kochi, Kerala, India",https://in.linkedin.com/jobs/view/lead-data-scientist-at-accenture-in-india-4448345079?position=57&pageNum=0&refId=MyAU%2Bu9MPaC%2F0hXS45%2BlKw%3D%3D&trackingId=Lium7hf0eU0RIyWy8Qjp9A%3D%3D,23 hours ago,2026-08-25,Mid-Senior level,"₹1,000,000.00
            -
            ₹3,000,000.00","Python, SQL, R, Machine Learning, TensorFlow, PyTorch, Scikit-learn, AWS, Azure, GCP, Git",Full-time,1000000.0,3000000.0
Senior Data Scientist,UsefulBI Corporation,"Bengaluru, Karnataka, India",https://in.linkedin.com/jobs/view/senior-data-scientist-at-usefulbi-corporation-4448171986?position=58&pageNum=0&refId=MyAU%2Bu9MPaC%2F0hXS45%2BlKw%3D%3D&trackingId=W6avUvEePc3zL9%2FQyXYOvA%3D%3D,3 weeks ago,2026-08-03,Mid-Senior level,,"Python, SQL, NLP, TensorFlow, PyTorch, Hugging Face, Pandas, NumPy, Scikit-learn, AWS, Azure, GCP, Docker, Git",Full-time,,
"Data Scientist II , Ultra",Affle,"Gurugram, Haryana, India",https://in.linkedin.com/jobs/view/data-scientist-ii-ultra-at-affle-4450139004?position=59&pageNum=0&refId=MyAU%2Bu9MPaC%2F0hXS45%2BlKw%3D%3D&trackingId=XPm%2F%2F6806fD6JwfbXIfRkQ%3D%3D,1 month ago,2026-07-18,Mid-Senior level,"₹1,200,000.00
            -
            ₹1,800,000.00","Python, SQL, Machine Learning, GCP",Full-time,1200000.0,1800000.0
Affle India - Data Scientist II,Affle,"Gurugram, Haryana, India",https://in.linkedin.com/jobs/view/affle-india-data-scientist-ii-at-affle-4425952117?position=60&pageNum=0&refId=MyAU%2Bu9MPaC%2F0hXS45%2BlKw%3D%3D&trackingId=1viOpAH0V8r1yL1aNJcosg%3D%3D,2 months ago,2026-06-09,Mid-Senior level,"₹1,200,000.00
            -
            ₹1,800,000.00","Python, SQL, Machine Learning, GCP",Full-time,1200000.0,1800000.0
